[2026-04-07 23:04:46] UpdateRadarFast | msg=This local variable has not been assigned a value. | line=1782 | extra=importantUiElements
E:\ahk\poe2\GameHelper\PoE2MemoryReader.ahk (1782) : [PoE2GameStateReader.Prototype.ReadRadarSnapshot] Return Map( "inGameState", Map( "address",             inGameStateAddress, "importantUiElements", importantUiElements, "areaInstance", Map( "address",               areaInstanceData, "playerRenderComponent", playerRenderComponent, "awakeEntities",         awakeEntities, "sleepingEntities",      sleepingEntities ) ) )
E:\ahk\poe2\GameHelper\AutoFlask.ahk (27) : [UpdateRadarFast] radarSnap := reader.ReadRadarSnapshot()
> Timer

[2026-04-07 23:04:46] UpdateRadarFast | msg=This local variable has not been assigned a value. | line=1782 | extra=importantUiElements
E:\ahk\poe2\GameHelper\PoE2MemoryReader.ahk (1782) : [PoE2GameStateReader.Prototype.ReadRadarSnapshot] Return Map( "inGameState", Map( "address",             inGameStateAddress, "importantUiElements", importantUiElements, "areaInstance", Map( "address",               areaInstanceData, "playerRenderComponent", playerRenderComponent, "awakeEntities",         awakeEntities, "sleepingEntities",      sleepingEntities ) ) )
E:\ahk\poe2\GameHelper\AutoFlask.ahk (27) : [UpdateRadarFast] radarSnap := reader.ReadRadarSnapshot()
> Timer
E:\ahk\poe2\GameHelper\ProcessMemory.ahk (153) : [ProcessMemory.Prototype.ReadBytes] If (!allowPartial && effectiveBytes < size)
E:\ahk\poe2\GameHelper\PoE2ComponentDecoders.ahk (21) : [PoE2ComponentDecoders.Prototype.ReadNarrowString] buf := this.Mem.ReadBytes(address, maxBytes, true)
E:\ahk\poe2\GameHelper\PoE2ComponentDecoders.ahk (229) : [PoE2ComponentDecoders.Prototype.ReadEntityComponentLookupBasic] compName := this.ReadNarrowString(namePtr, 96)
E:\ahk\poe2\GameHelper\PoE2EntityReader.ahk (576) : [PoE2EntityReader.Prototype.ReadEntityBasic] components := this.ReadEntityComponentLookupBasic(entityPtr, this._radarMode ? 64 : 48)
E:\ahk\poe2\GameHelper\PoE2EntityReader.ahk (139) : [PoE2EntityReader.Prototype.CollectEntityMapCandidates] entityBasic := this.ReadEntityBasic(entityPtr, entityId)
E:\ahk\poe2\GameHelper\PoE2EntityReader.ahk (49) : [PoE2EntityReader.Prototype.ReadAreaEntityMapSummary] candidates := this.CollectEntityMapCandidates(head, root, size, maxSample, playerOrigin)
E:\ahk\poe2\GameHelper\PoE2MemoryReader.ahk (1329) : [PoE2GameStateReader.Prototype.ReadAreaInstanceBasic] awakeEntities := this.ReadAreaEntityMapSummary(awakeMapAddress, awakeLimit, playerOrigin)
E:\ahk\poe2\GameHelper\PoE2MemoryReader.ahk (1026) : [PoE2GameStateReader.Prototype.ReadInGameState] areaInstanceDetails := this.ReadAreaInstanceBasic(areaInstanceData)
... 3 more
[2026-04-07 23:04:46] UpdateRadarFast | msg=This local variable has not been assigned a value. | line=1782 | extra=importantUiElements
E:\ahk\poe2\GameHelper\PoE2MemoryReader.ahk (1782) : [PoE2GameStateReader.Prototype.ReadRadarSnapshot] Return Map( "inGameState", Map( "address",             inGameStateAddress, "importantUiElements", importantUiElements, "areaInstance", Map( "address",               areaInstanceData, "playerRenderComponent", playerRenderComponent, "awakeEntities",         awakeEntities, "sleepingEntities",      sleepingEntities ) ) )
E:\ahk\poe2\GameHelper\AutoFlask.ahk (27) : [UpdateRadarFast] radarSnap := reader.ReadRadarSnapshot()
> Timer
E:\ahk\poe2\GameHelper\ProcessMemory.ahk (143) : [ProcessMemory.Prototype.ReadBytes] success := DllCall("ReadProcessMemory", "Ptr", this.Handle, "Ptr", address, "Ptr", buf.Ptr, "UPtr", size, "UPtr*", bytesRead, "Int")
E:\ahk\poe2\GameHelper\ProcessMemory.ahk (194) : [ProcessMemory.Prototype.ReadInt64] buf := this.ReadBytes(address, 8)
E:\ahk\poe2\GameHelper\PoE2EntityReader.ahk (924) : [PoE2EntityReader.Prototype.IsPlausibleEntityPointer] compVecLast := this.Mem.ReadInt64(entityPtr + PoE2Offsets.Entity["ComponentsVecLast"])
E:\ahk\poe2\GameHelper\PoE2EntityReader.ahk (979) : [PoE2EntityReader.Prototype.ResolveEntityPointer] If this.IsPlausibleEntityPointer(candidate)
E:\ahk\poe2\GameHelper\PoE2EntityReader.ahk (497) : [PoE2EntityReader.Prototype.DecodeEntityMapNodeEntry] entityPtr := this.ResolveEntityPointer(rawPtr)
E:\ahk\poe2\GameHelper\PoE2EntityReader.ahk (129) : [PoE2EntityReader.Prototype.CollectEntityMapCandidates] nodeEntry := this.DecodeEntityMapNodeEntry(node)
E:\ahk\poe2\GameHelper\PoE2EntityReader.ahk (49) : [PoE2EntityReader.Prototype.ReadAreaEntityMapSummary] candidates := this.CollectEntityMapCandidates(head, root, size, maxSample, playerOrigin)
E:\ahk\poe2\GameHelper\PoE2MemoryReader.ahk (1330) : [PoE2GameStateReader.Prototype.ReadAreaInstanceBasic] sleepingEntities := this.ReadAreaEntityMapSummary(sleepingMapAddress, sleepingLimit, playerOrigin)
... 4 more
[2026-04-07 23:04:46] UpdateRadarFast | msg=This local variable has not been assigned a value. | line=1782 | extra=importantUiElements
E:\ahk\poe2\GameHelper\PoE2MemoryReader.ahk (1782) : [PoE2GameStateReader.Prototype.ReadRadarSnapshot] Return Map( "inGameState", Map( "address",             inGameStateAddress, "importantUiElements", importantUiElements, "areaInstance", Map( "address",               areaInstanceData, "playerRenderComponent", playerRenderComponent, "awakeEntities",         awakeEntities, "sleepingEntities",      sleepingEntities ) ) )
E:\ahk\poe2\GameHelper\AutoFlask.ahk (27) : [UpdateRadarFast] radarSnap := reader.ReadRadarSnapshot()
> Timer
E:\ahk\poe2\GameHelper\ProcessMemory.ahk (143) : [ProcessMemory.Prototype.ReadBytes] success := DllCall("ReadProcessMemory", "Ptr", this.Handle, "Ptr", address, "Ptr", buf.Ptr, "UPtr", size, "UPtr*", bytesRead, "Int")
E:\ahk\poe2\GameHelper\ProcessMemory.ahk (187) : [ProcessMemory.Prototype.ReadInt] buf := this.ReadBytes(address, 4)
E:\ahk\poe2\GameHelper\PoE2PlayerReader.ahk (530) : [PoE2PlayerReader.Prototype.ReadStatsPairsFromStatsInternal] value := this.Mem.ReadInt(addr + PoE2Offsets.StatPair["Value"])
E:\ahk\poe2\GameHelper\PoE2PlayerReader.ahk (438) : [PoE2PlayerReader.Prototype.ReadPlayerStatsComponent] statsByBuffs := this.ReadStatsPairsFromStatsInternal(statsByBuffPtr)
E:\ahk\poe2\GameHelper\PoE2MemoryReader.ahk (1338) : [PoE2GameStateReader.Prototype.ReadAreaInstanceBasic] playerStatsComponent := this.ReadPlayerStatsComponent(localPlayerPtr)
E:\ahk\poe2\GameHelper\PoE2MemoryReader.ahk (1026) : [PoE2GameStateReader.Prototype.ReadInGameState] areaInstanceDetails := this.ReadAreaInstanceBasic(areaInstanceData)
E:\ahk\poe2\GameHelper\PoE2MemoryReader.ahk (762) : [PoE2GameStateReader.Prototype.ReadSnapshot] inGameStateData := this.ReadInGameState(inGameStateAddress)
E:\ahk\poe2\GameHelper\InGameStateMonitor.ahk (532) : [ReadAndShow] snapshot := autoFlaskPerformanceMode ? reader.ReadAutoFlaskSnapshot() : reader.ReadSnapshot()
> Timer

[2026-04-07 23:04:47] UpdateRadarFast | msg=This local variable has not been assigned a value. | line=1782 | extra=importantUiElements
E:\ahk\poe2\GameHelper\PoE2MemoryReader.ahk (1782) : [PoE2GameStateReader.Prototype.ReadRadarSnapshot] Return Map( "inGameState", Map( "address",             inGameStateAddress, "importantUiElements", importantUiElements, "areaInstance", Map( "address",               areaInstanceData, "playerRenderComponent", playerRenderComponent, "awakeEntities",         awakeEntities, "sleepingEntities",      sleepingEntities ) ) )
E:\ahk\poe2\GameHelper\AutoFlask.ahk (27) : [UpdateRadarFast] radarSnap := reader.ReadRadarSnapshot()
> Timer
E:\ahk\poe2\GameHelper\InGameStateMonitor.ahk (575) : [ReadAndShow] hotkeyLegendText.Value := BuildHotkeyLegendText()
> Timer

[2026-04-07 23:04:47] UpdateRadarFast | msg=This local variable has not been assigned a value. | line=1782 | extra=importantUiElements
E:\ahk\poe2\GameHelper\PoE2MemoryReader.ahk (1782) : [PoE2GameStateReader.Prototype.ReadRadarSnapshot] Return Map( "inGameState", Map( "address",             inGameStateAddress, "importantUiElements", importantUiElements, "areaInstance", Map( "address",               areaInstanceData, "playerRenderComponent", playerRenderComponent, "awakeEntities",         awakeEntities, "sleepingEntities",      sleepingEntities ) ) )
E:\ahk\poe2\GameHelper\AutoFlask.ahk (27) : [UpdateRadarFast] radarSnap := reader.ReadRadarSnapshot()
> Timer

[2026-04-07 23:04:47] UpdateRadarFast | msg=This local variable has not been assigned a value. | line=1782 | extra=importantUiElements
E:\ahk\poe2\GameHelper\PoE2MemoryReader.ahk (1782) : [PoE2GameStateReader.Prototype.ReadRadarSnapshot] Return Map( "inGameState", Map( "address",             inGameStateAddress, "importantUiElements", importantUiElements, "areaInstance", Map( "address",               areaInstanceData, "playerRenderComponent", playerRenderComponent, "awakeEntities",         awakeEntities, "sleepingEntities",      sleepingEntities ) ) )
E:\ahk\poe2\GameHelper\AutoFlask.ahk (27) : [UpdateRadarFast] radarSnap := reader.ReadRadarSnapshot()
> Timer

[2026-04-07 23:04:47] UpdateRadarFast | msg=This local variable has not been assigned a value. | line=1782 | extra=importantUiElements
E:\ahk\poe2\GameHelper\PoE2MemoryReader.ahk (1782) : [PoE2GameStateReader.Prototype.ReadRadarSnapshot] Return Map( "inGameState", Map( "address",             inGameStateAddress, "importantUiElements", importantUiElements, "areaInstance", Map( "address",               areaInstanceData, "playerRenderComponent", playerRenderComponent, "awakeEntities",         awakeEntities, "sleepingEntities",      sleepingEntities ) ) )
E:\ahk\poe2\GameHelper\AutoFlask.ahk (27) : [UpdateRadarFast] radarSnap := reader.ReadRadarSnapshot()
> Timer

[2026-04-07 23:04:47] UpdateRadarFast | msg=This local variable has not been assigned a value. | line=1782 | extra=importantUiElements
E:\ahk\poe2\GameHelper\PoE2MemoryReader.ahk (1782) : [PoE2GameStateReader.Prototype.ReadRadarSnapshot] Return Map( "inGameState", Map( "address",             inGameStateAddress, "importantUiElements", importantUiElements, "areaInstance", Map( "address",               areaInstanceData, "playerRenderComponent", playerRenderComponent, "awakeEntities",         awakeEntities, "sleepingEntities",      sleepingEntities ) ) )
E:\ahk\poe2\GameHelper\AutoFlask.ahk (27) : [UpdateRadarFast] radarSnap := reader.ReadRadarSnapshot()
> Timer
E:\ahk\poe2\GameHelper\PoE2PlayerReader.ahk (611) : [PoE2PlayerReader.Prototype.BuildStatsSummaryFromPairs] zeroCount += 1
E:\ahk\poe2\GameHelper\PoE2ComponentDecoders.ahk (801) : [PoE2ComponentDecoders.Prototype.DecodeStatsComponentBasic] statsByBuffsSummary := this.BuildStatsSummaryFromPairs(statsByBuffs)
E:\ahk\poe2\GameHelper\PoE2EntityReader.ahk (720) : [PoE2EntityReader.Prototype.DecodeSampleEntityComponents] decodedData := this.DecodeStatsComponentBasic(compAddr)
E:\ahk\poe2\GameHelper\PoE2EntityReader.ahk (593) : [PoE2EntityReader.Prototype.ReadEntityBasic] decodedComponents := this.DecodeSampleEntityComponents(components)
E:\ahk\poe2\GameHelper\PoE2EntityReader.ahk (139) : [PoE2EntityReader.Prototype.CollectEntityMapCandidates] entityBasic := this.ReadEntityBasic(entityPtr, entityId)
E:\ahk\poe2\GameHelper\PoE2EntityReader.ahk (49) : [PoE2EntityReader.Prototype.ReadAreaEntityMapSummary] candidates := this.CollectEntityMapCandidates(head, root, size, maxSample, playerOrigin)
E:\ahk\poe2\GameHelper\PoE2MemoryReader.ahk (1329) : [PoE2GameStateReader.Prototype.ReadAreaInstanceBasic] awakeEntities := this.ReadAreaEntityMapSummary(awakeMapAddress, awakeLimit, playerOrigin)
E:\ahk\poe2\GameHelper\PoE2MemoryReader.ahk (1026) : [PoE2GameStateReader.Prototype.ReadInGameState] areaInstanceDetails := this.ReadAreaInstanceBasic(areaInstanceData)
... 3 more
[2026-04-07 23:04:47] UpdateRadarFast | msg=This local variable has not been assigned a value. | line=1782 | extra=importantUiElements
E:\ahk\poe2\GameHelper\PoE2MemoryReader.ahk (1782) : [PoE2GameStateReader.Prototype.ReadRadarSnapshot] Return Map( "inGameState", Map( "address",             inGameStateAddress, "importantUiElements", importantUiElements, "areaInstance", Map( "address",               areaInstanceData, "playerRenderComponent", playerRenderComponent, "awakeEntities",         awakeEntities, "sleepingEntities",      sleepingEntities ) ) )
E:\ahk\poe2\GameHelper\AutoFlask.ahk (27) : [UpdateRadarFast] radarSnap := reader.ReadRadarSnapshot()
> Timer
E:\ahk\poe2\GameHelper\PoE2InventoryReader.ahk (232) : [PoE2InventoryReader.Prototype.ReadInventoryBasic] itemDetails := this.ReadFlaskItemDetails(itemEntityPtr, minimal)
E:\ahk\poe2\GameHelper\PoE2InventoryReader.ahk (146) : [PoE2InventoryReader.Prototype.ReadServerData] flaskInventory := this.ReadInventoryBasic(flaskInventoryPtr, minimal)
E:\ahk\poe2\GameHelper\PoE2MemoryReader.ahk (1335) : [PoE2GameStateReader.Prototype.ReadAreaInstanceBasic] serverData := this.ReadServerData(serverDataPtr)
E:\ahk\poe2\GameHelper\PoE2MemoryReader.ahk (1026) : [PoE2GameStateReader.Prototype.ReadInGameState] areaInstanceDetails := this.ReadAreaInstanceBasic(areaInstanceData)
E:\ahk\poe2\GameHelper\PoE2MemoryReader.ahk (762) : [PoE2GameStateReader.Prototype.ReadSnapshot] inGameStateData := this.ReadInGameState(inGameStateAddress)
E:\ahk\poe2\GameHelper\InGameStateMonitor.ahk (532) : [ReadAndShow] snapshot := autoFlaskPerformanceMode ? reader.ReadAutoFlaskSnapshot() : reader.ReadSnapshot()
> Timer

[2026-04-07 23:04:47] UpdateRadarFast | msg=This local variable has not been assigned a value. | line=1782 | extra=importantUiElements
E:\ahk\poe2\GameHelper\PoE2MemoryReader.ahk (1782) : [PoE2GameStateReader.Prototype.ReadRadarSnapshot] Return Map( "inGameState", Map( "address",             inGameStateAddress, "importantUiElements", importantUiElements, "areaInstance", Map( "address",               areaInstanceData, "playerRenderComponent", playerRenderComponent, "awakeEntities",         awakeEntities, "sleepingEntities",      sleepingEntities ) ) )
E:\ahk\poe2\GameHelper\AutoFlask.ahk (27) : [UpdateRadarFast] radarSnap := reader.ReadRadarSnapshot()
> Timer
E:\ahk\poe2\GameHelper\PoE2PlayerReader.ahk (55) : [PoE2PlayerReader.Prototype.BuildStatsPairMap] out[key] := value
E:\ahk\poe2\GameHelper\PoE2PlayerReader.ahk (80) : [PoE2PlayerReader.Prototype.ReadSpiritSnapshotFromStats] pairMap := this.BuildStatsPairMap(statsPairs)
E:\ahk\poe2\GameHelper\PoE2PlayerReader.ahk (261) : [PoE2PlayerReader.Prototype.BuildVitalsResult] spirit := this.ReadSpiritSnapshotFromStats(this.ReadPlayerStatsComponent(localPlayerPtr), statShift)
E:\ahk\poe2\GameHelper\PoE2PlayerReader.ahk (206) : [PoE2PlayerReader.Prototype.ReadPlayerVitals] Return this.BuildVitalsResult(localPlayerPtr, lifeByLookup, healthVital, manaVital, esVital, playerStatsComponent, 1)
E:\ahk\poe2\GameHelper\PoE2MemoryReader.ahk (1336) : [PoE2GameStateReader.Prototype.ReadAreaInstanceBasic] playerVitals := this.ReadPlayerVitals(localPlayerPtr)
E:\ahk\poe2\GameHelper\PoE2MemoryReader.ahk (1026) : [PoE2GameStateReader.Prototype.ReadInGameState] areaInstanceDetails := this.ReadAreaInstanceBasic(areaInstanceData)
E:\ahk\poe2\GameHelper\PoE2MemoryReader.ahk (762) : [PoE2GameStateReader.Prototype.ReadSnapshot] inGameStateData := this.ReadInGameState(inGameStateAddress)
E:\ahk\poe2\GameHelper\InGameStateMonitor.ahk (532) : [ReadAndShow] snapshot := autoFlaskPerformanceMode ? reader.ReadAutoFlaskSnapshot() : reader.ReadSnapshot()
> Timer

[2026-04-07 23:04:48] UpdateRadarFast | msg=This local variable has not been assigned a value. | line=1782 | extra=importantUiElements
E:\ahk\poe2\GameHelper\PoE2MemoryReader.ahk (1782) : [PoE2GameStateReader.Prototype.ReadRadarSnapshot] Return Map( "inGameState", Map( "address",             inGameStateAddress, "importantUiElements", importantUiElements, "areaInstance", Map( "address",               areaInstanceData, "playerRenderComponent", playerRenderComponent, "awakeEntities",         awakeEntities, "sleepingEntities",      sleepingEntities ) ) )
E:\ahk\poe2\GameHelper\AutoFlask.ahk (27) : [UpdateRadarFast] radarSnap := reader.ReadRadarSnapshot()
> Timer
E:\ahk\poe2\GameHelper\TreeView_StatsFormatting.ahk (561) : [GetStatNameMap] sig := FileGetSize(mapPath) "|" FileGetTime(mapPath, "M")
E:\ahk\poe2\GameHelper\TreeView_StatsFormatting.ahk (451) : [ResolveStatDisplayName] statMap := GetStatNameMap()
E:\ahk\poe2\GameHelper\TreeView_EntityScanner.ahk (1072) : [BuildEntityScannerStatsSummary] label := ResolveStatDisplayName(entry["key"])
E:\ahk\poe2\GameHelper\TreeView_EntityScanner.ahk (1010) : [BuildEntityScannerDetails] statsSummary := BuildEntityScannerStatsSummary(decoded, 4)
E:\ahk\poe2\GameHelper\TreeView_EntityScanner.ahk (646) : [CollectEntityScannerItems] outItems.Push(Map( "source", sourceLabel, "id", id, "entityPtr", entityPtr, "path", path, "pathShort", ShortEntityPath(path), "tags", tags, "details", BuildEntityScannerDetails(decoded, componentNames), "renderText", BuildRenderPositionText(decoded, playerPos), "distance", distance, "distanceText", distanceText ))
E:\ahk\poe2\GameHelper\TreeView_EntityScanner.ahk (229) : [BuildNpcWatchIndex] CollectEntityScannerItems(scannerItems, awakeSample, "Awake", playerPos)
E:\ahk\poe2\GameHelper\TreeView_EntityScanner.ahk (28) : [UpdateOffsetTable] npcWatch := BuildNpcWatchIndex(snapshot, npcWatchRadius)
E:\ahk\poe2\GameHelper\InGameStateMonitor.ahk (616) : [ReadAndShow] UpdateOffsetTable(snapshot)
> Timer

[2026-04-07 23:04:48] UpdateRadarFast | msg=This local variable has not been assigned a value. | line=1782 | extra=importantUiElements
E:\ahk\poe2\GameHelper\PoE2MemoryReader.ahk (1782) : [PoE2GameStateReader.Prototype.ReadRadarSnapshot] Return Map( "inGameState", Map( "address",             inGameStateAddress, "importantUiElements", importantUiElements, "areaInstance", Map( "address",               areaInstanceData, "playerRenderComponent", playerRenderComponent, "awakeEntities",         awakeEntities, "sleepingEntities",      sleepingEntities ) ) )
E:\ahk\poe2\GameHelper\AutoFlask.ahk (27) : [UpdateRadarFast] radarSnap := reader.ReadRadarSnapshot()
> Timer

[2026-04-07 23:04:48] UpdateRadarFast | msg=This local variable has not been assigned a value. | line=1782 | extra=importantUiElements
E:\ahk\poe2\GameHelper\PoE2MemoryReader.ahk (1782) : [PoE2GameStateReader.Prototype.ReadRadarSnapshot] Return Map( "inGameState", Map( "address",             inGameStateAddress, "importantUiElements", importantUiElements, "areaInstance", Map( "address",               areaInstanceData, "playerRenderComponent", playerRenderComponent, "awakeEntities",         awakeEntities, "sleepingEntities",      sleepingEntities ) ) )
E:\ahk\poe2\GameHelper\AutoFlask.ahk (27) : [UpdateRadarFast] radarSnap := reader.ReadRadarSnapshot()
> Timer

[2026-04-07 23:04:48] UpdateRadarFast | msg=This local variable has not been assigned a value. | line=1782 | extra=importantUiElements
E:\ahk\poe2\GameHelper\PoE2MemoryReader.ahk (1782) : [PoE2GameStateReader.Prototype.ReadRadarSnapshot] Return Map( "inGameState", Map( "address",             inGameStateAddress, "importantUiElements", importantUiElements, "areaInstance", Map( "address",               areaInstanceData, "playerRenderComponent", playerRenderComponent, "awakeEntities",         awakeEntities, "sleepingEntities",      sleepingEntities ) ) )
E:\ahk\poe2\GameHelper\AutoFlask.ahk (27) : [UpdateRadarFast] radarSnap := reader.ReadRadarSnapshot()
> Timer

[2026-04-07 23:04:48] UpdateRadarFast | msg=This local variable has not been assigned a value. | line=1782 | extra=importantUiElements
E:\ahk\poe2\GameHelper\PoE2MemoryReader.ahk (1782) : [PoE2GameStateReader.Prototype.ReadRadarSnapshot] Return Map( "inGameState", Map( "address",             inGameStateAddress, "importantUiElements", importantUiElements, "areaInstance", Map( "address",               areaInstanceData, "playerRenderComponent", playerRenderComponent, "awakeEntities",         awakeEntities, "sleepingEntities",      sleepingEntities ) ) )
E:\ahk\poe2\GameHelper\AutoFlask.ahk (27) : [UpdateRadarFast] radarSnap := reader.ReadRadarSnapshot()
> Timer
E:\ahk\poe2\GameHelper\ProcessMemory.ahk (141) : [ProcessMemory.Prototype.ReadBytes] buf := Buffer(size, 0)
E:\ahk\poe2\GameHelper\ProcessMemory.ahk (180) : [ProcessMemory.Prototype.ReadPtr] buf := this.ReadBytes(address, A_PtrSize)
E:\ahk\poe2\GameHelper\PoE2EntityReader.ahk (127) : [PoE2EntityReader.Prototype.CollectEntityMapCandidates] right := this.Mem.ReadPtr(node + PoE2Offsets.StdMapNode["Right"])
E:\ahk\poe2\GameHelper\PoE2EntityReader.ahk (49) : [PoE2EntityReader.Prototype.ReadAreaEntityMapSummary] candidates := this.CollectEntityMapCandidates(head, root, size, maxSample, playerOrigin)
E:\ahk\poe2\GameHelper\PoE2MemoryReader.ahk (1330) : [PoE2GameStateReader.Prototype.ReadAreaInstanceBasic] sleepingEntities := this.ReadAreaEntityMapSummary(sleepingMapAddress, sleepingLimit, playerOrigin)
E:\ahk\poe2\GameHelper\PoE2MemoryReader.ahk (1026) : [PoE2GameStateReader.Prototype.ReadInGameState] areaInstanceDetails := this.ReadAreaInstanceBasic(areaInstanceData)
E:\ahk\poe2\GameHelper\PoE2MemoryReader.ahk (762) : [PoE2GameStateReader.Prototype.ReadSnapshot] inGameStateData := this.ReadInGameState(inGameStateAddress)
E:\ahk\poe2\GameHelper\InGameStateMonitor.ahk (532) : [ReadAndShow] snapshot := autoFlaskPerformanceMode ? reader.ReadAutoFlaskSnapshot() : reader.ReadSnapshot()
> Timer

[2026-04-07 23:04:48] UpdateRadarFast | msg=This local variable has not been assigned a value. | line=1782 | extra=importantUiElements
E:\ahk\poe2\GameHelper\PoE2MemoryReader.ahk (1782) : [PoE2GameStateReader.Prototype.ReadRadarSnapshot] Return Map( "inGameState", Map( "address",             inGameStateAddress, "importantUiElements", importantUiElements, "areaInstance", Map( "address",               areaInstanceData, "playerRenderComponent", playerRenderComponent, "awakeEntities",         awakeEntities, "sleepingEntities",      sleepingEntities ) ) )
E:\ahk\poe2\GameHelper\AutoFlask.ahk (27) : [UpdateRadarFast] radarSnap := reader.ReadRadarSnapshot()
> Timer
E:\ahk\poe2\GameHelper\ProcessMemory.ahk (187) : [ProcessMemory.Prototype.ReadBytes] buf := this.ReadBytes(address, 4)
E:\ahk\poe2\GameHelper\ProcessMemory.ahk (187) : [ProcessMemory.Prototype.ReadInt] buf := this.ReadBytes(address, 4)
E:\ahk\poe2\GameHelper\PoE2PlayerReader.ahk (529) : [PoE2PlayerReader.Prototype.ReadStatsPairsFromStatsInternal] key := this.Mem.ReadInt(addr + PoE2Offsets.StatPair["Key"])
E:\ahk\poe2\GameHelper\PoE2PlayerReader.ahk (437) : [PoE2PlayerReader.Prototype.ReadPlayerStatsComponent] statsByItems := this.ReadStatsPairsFromStatsInternal(statsByItemsPtr)
E:\ahk\poe2\GameHelper\PoE2PlayerReader.ahk (255) : [PoE2PlayerReader.Prototype.BuildVitalsResult] rage := this.ReadRageSnapshotFromStats(this.ReadPlayerStatsComponent(localPlayerPtr))
E:\ahk\poe2\GameHelper\PoE2PlayerReader.ahk (206) : [PoE2PlayerReader.Prototype.ReadPlayerVitals] Return this.BuildVitalsResult(localPlayerPtr, lifeByLookup, healthVital, manaVital, esVital, playerStatsComponent, 1)
E:\ahk\poe2\GameHelper\PoE2MemoryReader.ahk (1336) : [PoE2GameStateReader.Prototype.ReadAreaInstanceBasic] playerVitals := this.ReadPlayerVitals(localPlayerPtr)
E:\ahk\poe2\GameHelper\PoE2MemoryReader.ahk (1026) : [PoE2GameStateReader.Prototype.ReadInGameState] areaInstanceDetails := this.ReadAreaInstanceBasic(areaInstanceData)
E:\ahk\poe2\GameHelper\PoE2MemoryReader.ahk (762) : [PoE2GameStateReader.Prototype.ReadSnapshot] inGameStateData := this.ReadInGameState(inGameStateAddress)
... 2 more
[2026-04-07 23:04:48] UpdateRadarFast | msg=This local variable has not been assigned a value. | line=1782 | extra=importantUiElements
E:\ahk\poe2\GameHelper\PoE2MemoryReader.ahk (1782) : [PoE2GameStateReader.Prototype.ReadRadarSnapshot] Return Map( "inGameState", Map( "address",             inGameStateAddress, "importantUiElements", importantUiElements, "areaInstance", Map( "address",               areaInstanceData, "playerRenderComponent", playerRenderComponent, "awakeEntities",         awakeEntities, "sleepingEntities",      sleepingEntities ) ) )
E:\ahk\poe2\GameHelper\AutoFlask.ahk (27) : [UpdateRadarFast] radarSnap := reader.ReadRadarSnapshot()
> Timer
E:\ahk\poe2\GameHelper\PoE2PlayerReader.ahk (623) : [PoE2PlayerReader.Prototype.BuildStatsSummaryFromPairs] If (absVal > topAbs[insertIdx]["absValue"])
E:\ahk\poe2\GameHelper\PoE2PlayerReader.ahk (439) : [PoE2PlayerReader.Prototype.ReadPlayerStatsComponent] statsByItemsSummary := this.BuildStatsSummaryFromPairs(statsByItems)
E:\ahk\poe2\GameHelper\PoE2MemoryReader.ahk (1338) : [PoE2GameStateReader.Prototype.ReadAreaInstanceBasic] playerStatsComponent := this.ReadPlayerStatsComponent(localPlayerPtr)
E:\ahk\poe2\GameHelper\PoE2MemoryReader.ahk (1026) : [PoE2GameStateReader.Prototype.ReadInGameState] areaInstanceDetails := this.ReadAreaInstanceBasic(areaInstanceData)
E:\ahk\poe2\GameHelper\PoE2MemoryReader.ahk (762) : [PoE2GameStateReader.Prototype.ReadSnapshot] inGameStateData := this.ReadInGameState(inGameStateAddress)
E:\ahk\poe2\GameHelper\InGameStateMonitor.ahk (532) : [ReadAndShow] snapshot := autoFlaskPerformanceMode ? reader.ReadAutoFlaskSnapshot() : reader.ReadSnapshot()
> Timer

[2026-04-07 23:04:49] UpdateRadarFast | msg=This local variable has not been assigned a value. | line=1782 | extra=importantUiElements
E:\ahk\poe2\GameHelper\PoE2MemoryReader.ahk (1782) : [PoE2GameStateReader.Prototype.ReadRadarSnapshot] Return Map( "inGameState", Map( "address",             inGameStateAddress, "importantUiElements", importantUiElements, "areaInstance", Map( "address",               areaInstanceData, "playerRenderComponent", playerRenderComponent, "awakeEntities",         awakeEntities, "sleepingEntities",      sleepingEntities ) ) )
E:\ahk\poe2\GameHelper\AutoFlask.ahk (27) : [UpdateRadarFast] radarSnap := reader.ReadRadarSnapshot()
> Timer

[2026-04-07 23:04:49] UpdateRadarFast | msg=This local variable has not been assigned a value. | line=1782 | extra=importantUiElements
E:\ahk\poe2\GameHelper\PoE2MemoryReader.ahk (1782) : [PoE2GameStateReader.Prototype.ReadRadarSnapshot] Return Map( "inGameState", Map( "address",             inGameStateAddress, "importantUiElements", importantUiElements, "areaInstance", Map( "address",               areaInstanceData, "playerRenderComponent", playerRenderComponent, "awakeEntities",         awakeEntities, "sleepingEntities",      sleepingEntities ) ) )
E:\ahk\poe2\GameHelper\AutoFlask.ahk (27) : [UpdateRadarFast] radarSnap := reader.ReadRadarSnapshot()
> Timer

[2026-04-07 23:04:49] UpdateRadarFast | msg=This local variable has not been assigned a value. | line=1782 | extra=importantUiElements
E:\ahk\poe2\GameHelper\PoE2MemoryReader.ahk (1782) : [PoE2GameStateReader.Prototype.ReadRadarSnapshot] Return Map( "inGameState", Map( "address",             inGameStateAddress, "importantUiElements", importantUiElements, "areaInstance", Map( "address",               areaInstanceData, "playerRenderComponent", playerRenderComponent, "awakeEntities",         awakeEntities, "sleepingEntities",      sleepingEntities ) ) )
E:\ahk\poe2\GameHelper\AutoFlask.ahk (27) : [UpdateRadarFast] radarSnap := reader.ReadRadarSnapshot()
> Timer

[2026-04-07 23:04:49] UpdateRadarFast | msg=This local variable has not been assigned a value. | line=1782 | extra=importantUiElements
E:\ahk\poe2\GameHelper\PoE2MemoryReader.ahk (1782) : [PoE2GameStateReader.Prototype.ReadRadarSnapshot] Return Map( "inGameState", Map( "address",             inGameStateAddress, "importantUiElements", importantUiElements, "areaInstance", Map( "address",               areaInstanceData, "playerRenderComponent", playerRenderComponent, "awakeEntities",         awakeEntities, "sleepingEntities",      sleepingEntities ) ) )
E:\ahk\poe2\GameHelper\AutoFlask.ahk (27) : [UpdateRadarFast] radarSnap := reader.ReadRadarSnapshot()
> Timer
E:\ahk\poe2\GameHelper\ProcessMemory.ahk (143) : [ProcessMemory.Prototype.ReadBytes] success := DllCall("ReadProcessMemory", "Ptr", this.Handle, "Ptr", address, "Ptr", buf.Ptr, "UPtr", size, "UPtr*", bytesRead, "Int")
E:\ahk\poe2\GameHelper\ProcessMemory.ahk (180) : [ProcessMemory.Prototype.ReadPtr] buf := this.ReadBytes(address, A_PtrSize)
E:\ahk\poe2\GameHelper\PoE2EntityReader.ahk (127) : [PoE2EntityReader.Prototype.CollectEntityMapCandidates] right := this.Mem.ReadPtr(node + PoE2Offsets.StdMapNode["Right"])
E:\ahk\poe2\GameHelper\PoE2EntityReader.ahk (49) : [PoE2EntityReader.Prototype.ReadAreaEntityMapSummary] candidates := this.CollectEntityMapCandidates(head, root, size, maxSample, playerOrigin)
E:\ahk\poe2\GameHelper\PoE2MemoryReader.ahk (1329) : [PoE2GameStateReader.Prototype.ReadAreaInstanceBasic] awakeEntities := this.ReadAreaEntityMapSummary(awakeMapAddress, awakeLimit, playerOrigin)
E:\ahk\poe2\GameHelper\PoE2MemoryReader.ahk (1026) : [PoE2GameStateReader.Prototype.ReadInGameState] areaInstanceDetails := this.ReadAreaInstanceBasic(areaInstanceData)
E:\ahk\poe2\GameHelper\PoE2MemoryReader.ahk (762) : [PoE2GameStateReader.Prototype.ReadSnapshot] inGameStateData := this.ReadInGameState(inGameStateAddress)
E:\ahk\poe2\GameHelper\InGameStateMonitor.ahk (532) : [ReadAndShow] snapshot := autoFlaskPerformanceMode ? reader.ReadAutoFlaskSnapshot() : reader.ReadSnapshot()
> Timer

[2026-04-07 23:04:49] UpdateRadarFast | msg=This local variable has not been assigned a value. | line=1782 | extra=importantUiElements
E:\ahk\poe2\GameHelper\PoE2MemoryReader.ahk (1782) : [PoE2GameStateReader.Prototype.ReadRadarSnapshot] Return Map( "inGameState", Map( "address",             inGameStateAddress, "importantUiElements", importantUiElements, "areaInstance", Map( "address",               areaInstanceData, "playerRenderComponent", playerRenderComponent, "awakeEntities",         awakeEntities, "sleepingEntities",      sleepingEntities ) ) )
E:\ahk\poe2\GameHelper\AutoFlask.ahk (27) : [UpdateRadarFast] radarSnap := reader.ReadRadarSnapshot()
> Timer
E:\ahk\poe2\GameHelper\ProcessMemory.ahk (194) : [ProcessMemory.Prototype.ReadInt64] buf := this.ReadBytes(address, 8)
E:\ahk\poe2\GameHelper\PoE2EntityReader.ahk (923) : [PoE2EntityReader.Prototype.IsPlausibleEntityPointer] compVecFirst := this.Mem.ReadInt64(entityPtr + PoE2Offsets.Entity["ComponentsVec"])
E:\ahk\poe2\GameHelper\PoE2EntityReader.ahk (979) : [PoE2EntityReader.Prototype.ResolveEntityPointer] If this.IsPlausibleEntityPointer(candidate)
E:\ahk\poe2\GameHelper\PoE2EntityReader.ahk (497) : [PoE2EntityReader.Prototype.DecodeEntityMapNodeEntry] entityPtr := this.ResolveEntityPointer(rawPtr)
E:\ahk\poe2\GameHelper\PoE2EntityReader.ahk (129) : [PoE2EntityReader.Prototype.CollectEntityMapCandidates] nodeEntry := this.DecodeEntityMapNodeEntry(node)
E:\ahk\poe2\GameHelper\PoE2EntityReader.ahk (49) : [PoE2EntityReader.Prototype.ReadAreaEntityMapSummary] candidates := this.CollectEntityMapCandidates(head, root, size, maxSample, playerOrigin)
E:\ahk\poe2\GameHelper\PoE2MemoryReader.ahk (1330) : [PoE2GameStateReader.Prototype.ReadAreaInstanceBasic] sleepingEntities := this.ReadAreaEntityMapSummary(sleepingMapAddress, sleepingLimit, playerOrigin)
E:\ahk\poe2\GameHelper\PoE2MemoryReader.ahk (1026) : [PoE2GameStateReader.Prototype.ReadInGameState] areaInstanceDetails := this.ReadAreaInstanceBasic(areaInstanceData)
... 3 more
[2026-04-07 23:04:49] UpdateRadarFast | msg=This local variable has not been assigned a value. | line=1782 | extra=importantUiElements
E:\ahk\poe2\GameHelper\PoE2MemoryReader.ahk (1782) : [PoE2GameStateReader.Prototype.ReadRadarSnapshot] Return Map( "inGameState", Map( "address",             inGameStateAddress, "importantUiElements", importantUiElements, "areaInstance", Map( "address",               areaInstanceData, "playerRenderComponent", playerRenderComponent, "awakeEntities",         awakeEntities, "sleepingEntities",      sleepingEntities ) ) )
E:\ahk\poe2\GameHelper\AutoFlask.ahk (27) : [UpdateRadarFast] radarSnap := reader.ReadRadarSnapshot()
> Timer
E:\ahk\poe2\GameHelper\ProcessMemory.ahk (141) : [ProcessMemory.Prototype.ReadBytes] buf := Buffer(size, 0)
E:\ahk\poe2\GameHelper\ProcessMemory.ahk (180) : [ProcessMemory.Prototype.ReadPtr] buf := this.ReadBytes(address, A_PtrSize)
E:\ahk\poe2\GameHelper\PoE2InventoryReader.ahk (1045) : [PoE2InventoryReader.Prototype.ReadFlaskStatsFromItemEntity] cPtr := this.Mem.ReadPtr(compVecFirst + (idx * A_PtrSize))
E:\ahk\poe2\GameHelper\PoE2InventoryReader.ahk (235) : [PoE2InventoryReader.Prototype.ReadInventoryBasic] flaskStats := this.ReadFlaskStatsFromItemEntity(itemEntityPtr)
E:\ahk\poe2\GameHelper\PoE2InventoryReader.ahk (146) : [PoE2InventoryReader.Prototype.ReadServerData] flaskInventory := this.ReadInventoryBasic(flaskInventoryPtr, minimal)
E:\ahk\poe2\GameHelper\PoE2MemoryReader.ahk (1335) : [PoE2GameStateReader.Prototype.ReadAreaInstanceBasic] serverData := this.ReadServerData(serverDataPtr)
E:\ahk\poe2\GameHelper\PoE2MemoryReader.ahk (1026) : [PoE2GameStateReader.Prototype.ReadInGameState] areaInstanceDetails := this.ReadAreaInstanceBasic(areaInstanceData)
E:\ahk\poe2\GameHelper\PoE2MemoryReader.ahk (762) : [PoE2GameStateReader.Prototype.ReadSnapshot] inGameStateData := this.ReadInGameState(inGameStateAddress)
E:\ahk\poe2\GameHelper\InGameStateMonitor.ahk (532) : [ReadAndShow] snapshot := autoFlaskPerformanceMode ? reader.ReadAutoFlaskSnapshot() : reader.ReadSnapshot()
> Timer

[2026-04-07 23:04:50] UpdateRadarFast | msg=This local variable has not been assigned a value. | line=1782 | extra=importantUiElements
E:\ahk\poe2\GameHelper\PoE2MemoryReader.ahk (1782) : [PoE2GameStateReader.Prototype.ReadRadarSnapshot] Return Map( "inGameState", Map( "address",             inGameStateAddress, "importantUiElements", importantUiElements, "areaInstance", Map( "address",               areaInstanceData, "playerRenderComponent", playerRenderComponent, "awakeEntities",         awakeEntities, "sleepingEntities",      sleepingEntities ) ) )
E:\ahk\poe2\GameHelper\AutoFlask.ahk (27) : [UpdateRadarFast] radarSnap := reader.ReadRadarSnapshot()
> Timer

[2026-04-07 23:04:50] UpdateRadarFast | msg=This local variable has not been assigned a value. | line=1782 | extra=importantUiElements
E:\ahk\poe2\GameHelper\PoE2MemoryReader.ahk (1782) : [PoE2GameStateReader.Prototype.ReadRadarSnapshot] Return Map( "inGameState", Map( "address",             inGameStateAddress, "importantUiElements", importantUiElements, "areaInstance", Map( "address",               areaInstanceData, "playerRenderComponent", playerRenderComponent, "awakeEntities",         awakeEntities, "sleepingEntities",      sleepingEntities ) ) )
E:\ahk\poe2\GameHelper\AutoFlask.ahk (27) : [UpdateRadarFast] radarSnap := reader.ReadRadarSnapshot()
> Timer

[2026-04-07 23:04:50] UpdateRadarFast | msg=This local variable has not been assigned a value. | line=1782 | extra=importantUiElements
E:\ahk\poe2\GameHelper\PoE2MemoryReader.ahk (1782) : [PoE2GameStateReader.Prototype.ReadRadarSnapshot] Return Map( "inGameState", Map( "address",             inGameStateAddress, "importantUiElements", importantUiElements, "areaInstance", Map( "address",               areaInstanceData, "playerRenderComponent", playerRenderComponent, "awakeEntities",         awakeEntities, "sleepingEntities",      sleepingEntities ) ) )
E:\ahk\poe2\GameHelper\AutoFlask.ahk (27) : [UpdateRadarFast] radarSnap := reader.ReadRadarSnapshot()
> Timer

[2026-04-07 23:04:50] UpdateRadarFast | msg=This local variable has not been assigned a value. | line=1782 | extra=importantUiElements
E:\ahk\poe2\GameHelper\PoE2MemoryReader.ahk (1782) : [PoE2GameStateReader.Prototype.ReadRadarSnapshot] Return Map( "inGameState", Map( "address",             inGameStateAddress, "importantUiElements", importantUiElements, "areaInstance", Map( "address",               areaInstanceData, "playerRenderComponent", playerRenderComponent, "awakeEntities",         awakeEntities, "sleepingEntities",      sleepingEntities ) ) )
E:\ahk\poe2\GameHelper\AutoFlask.ahk (27) : [UpdateRadarFast] radarSnap := reader.ReadRadarSnapshot()
> Timer

[2026-04-07 23:04:50] UpdateRadarFast | msg=This local variable has not been assigned a value. | line=1782 | extra=importantUiElements
E:\ahk\poe2\GameHelper\PoE2MemoryReader.ahk (1782) : [PoE2GameStateReader.Prototype.ReadRadarSnapshot] Return Map( "inGameState", Map( "address",             inGameStateAddress, "importantUiElements", importantUiElements, "areaInstance", Map( "address",               areaInstanceData, "playerRenderComponent", playerRenderComponent, "awakeEntities",         awakeEntities, "sleepingEntities",      sleepingEntities ) ) )
E:\ahk\poe2\GameHelper\AutoFlask.ahk (27) : [UpdateRadarFast] radarSnap := reader.ReadRadarSnapshot()
> Timer
E:\ahk\poe2\GameHelper\ProcessMemory.ahk (144) : [ProcessMemory.Prototype.ReadBytes] this.LastReadError := A_LastError
E:\ahk\poe2\GameHelper\ProcessMemory.ahk (187) : [ProcessMemory.Prototype.ReadInt] buf := this.ReadBytes(address, 4)
E:\ahk\poe2\GameHelper\PoE2PlayerReader.ahk (530) : [PoE2PlayerReader.Prototype.ReadStatsPairsFromStatsInternal] value := this.Mem.ReadInt(addr + PoE2Offsets.StatPair["Value"])
E:\ahk\poe2\GameHelper\PoE2ComponentDecoders.ahk (799) : [PoE2ComponentDecoders.Prototype.DecodeStatsComponentBasic] statsByBuffs := this.ReadStatsPairsFromStatsInternal(statsByBuffPtr)
E:\ahk\poe2\GameHelper\PoE2EntityReader.ahk (720) : [PoE2EntityReader.Prototype.DecodeSampleEntityComponents] decodedData := this.DecodeStatsComponentBasic(compAddr)
E:\ahk\poe2\GameHelper\PoE2EntityReader.ahk (593) : [PoE2EntityReader.Prototype.ReadEntityBasic] decodedComponents := this.DecodeSampleEntityComponents(components)
E:\ahk\poe2\GameHelper\PoE2EntityReader.ahk (139) : [PoE2EntityReader.Prototype.CollectEntityMapCandidates] entityBasic := this.ReadEntityBasic(entityPtr, entityId)
E:\ahk\poe2\GameHelper\PoE2EntityReader.ahk (49) : [PoE2EntityReader.Prototype.ReadAreaEntityMapSummary] candidates := this.CollectEntityMapCandidates(head, root, size, maxSample, playerOrigin)
E:\ahk\poe2\GameHelper\PoE2MemoryReader.ahk (1329) : [PoE2GameStateReader.Prototype.ReadAreaInstanceBasic] awakeEntities := this.ReadAreaEntityMapSummary(awakeMapAddress, awakeLimit, playerOrigin)
... 4 more
[2026-04-07 23:04:50] UpdateRadarFast | msg=This local variable has not been assigned a value. | line=1782 | extra=importantUiElements
E:\ahk\poe2\GameHelper\PoE2MemoryReader.ahk (1782) : [PoE2GameStateReader.Prototype.ReadRadarSnapshot] Return Map( "inGameState", Map( "address",             inGameStateAddress, "importantUiElements", importantUiElements, "areaInstance", Map( "address",               areaInstanceData, "playerRenderComponent", playerRenderComponent, "awakeEntities",         awakeEntities, "sleepingEntities",      sleepingEntities ) ) )
E:\ahk\poe2\GameHelper\AutoFlask.ahk (27) : [UpdateRadarFast] radarSnap := reader.ReadRadarSnapshot()
> Timer
E:\ahk\poe2\GameHelper\ProcessMemory.ahk (143) : [ProcessMemory.Prototype.ReadBytes] success := DllCall("ReadProcessMemory", "Ptr", this.Handle, "Ptr", address, "Ptr", buf.Ptr, "UPtr", size, "UPtr*", bytesRead, "Int")
E:\ahk\poe2\GameHelper\ProcessMemory.ahk (180) : [ProcessMemory.Prototype.ReadPtr] buf := this.ReadBytes(address, A_PtrSize)
E:\ahk\poe2\GameHelper\PoE2EntityReader.ahk (126) : [PoE2EntityReader.Prototype.CollectEntityMapCandidates] left := this.Mem.ReadPtr(node + PoE2Offsets.StdMapNode["Left"])
E:\ahk\poe2\GameHelper\PoE2EntityReader.ahk (49) : [PoE2EntityReader.Prototype.ReadAreaEntityMapSummary] candidates := this.CollectEntityMapCandidates(head, root, size, maxSample, playerOrigin)
E:\ahk\poe2\GameHelper\PoE2MemoryReader.ahk (1330) : [PoE2GameStateReader.Prototype.ReadAreaInstanceBasic] sleepingEntities := this.ReadAreaEntityMapSummary(sleepingMapAddress, sleepingLimit, playerOrigin)
E:\ahk\poe2\GameHelper\PoE2MemoryReader.ahk (1026) : [PoE2GameStateReader.Prototype.ReadInGameState] areaInstanceDetails := this.ReadAreaInstanceBasic(areaInstanceData)
E:\ahk\poe2\GameHelper\PoE2MemoryReader.ahk (762) : [PoE2GameStateReader.Prototype.ReadSnapshot] inGameStateData := this.ReadInGameState(inGameStateAddress)
E:\ahk\poe2\GameHelper\InGameStateMonitor.ahk (532) : [ReadAndShow] snapshot := autoFlaskPerformanceMode ? reader.ReadAutoFlaskSnapshot() : reader.ReadSnapshot()
> Timer

[2026-04-07 23:04:50] UpdateRadarFast | msg=This local variable has not been assigned a value. | line=1782 | extra=importantUiElements
E:\ahk\poe2\GameHelper\PoE2MemoryReader.ahk (1782) : [PoE2GameStateReader.Prototype.ReadRadarSnapshot] Return Map( "inGameState", Map( "address",             inGameStateAddress, "importantUiElements", importantUiElements, "areaInstance", Map( "address",               areaInstanceData, "playerRenderComponent", playerRenderComponent, "awakeEntities",         awakeEntities, "sleepingEntities",      sleepingEntities ) ) )
E:\ahk\poe2\GameHelper\AutoFlask.ahk (27) : [UpdateRadarFast] radarSnap := reader.ReadRadarSnapshot()
> Timer
E:\ahk\poe2\GameHelper\UIHelpers.ahk (170) : [UpdateActionButtonLabels] pid := ProcessExist("PathOfExileSteam.exe")
E:\ahk\poe2\GameHelper\InGameStateMonitor.ahk (563) : [ReadAndShow] UpdateActionButtonLabels()
> Timer

[2026-04-07 23:04:51] UpdateRadarFast | msg=This local variable has not been assigned a value. | line=1782 | extra=importantUiElements
E:\ahk\poe2\GameHelper\PoE2MemoryReader.ahk (1782) : [PoE2GameStateReader.Prototype.ReadRadarSnapshot] Return Map( "inGameState", Map( "address",             inGameStateAddress, "importantUiElements", importantUiElements, "areaInstance", Map( "address",               areaInstanceData, "playerRenderComponent", playerRenderComponent, "awakeEntities",         awakeEntities, "sleepingEntities",      sleepingEntities ) ) )
E:\ahk\poe2\GameHelper\AutoFlask.ahk (27) : [UpdateRadarFast] radarSnap := reader.ReadRadarSnapshot()
> Timer

[2026-04-07 23:04:51] UpdateRadarFast | msg=This local variable has not been assigned a value. | line=1782 | extra=importantUiElements
E:\ahk\poe2\GameHelper\PoE2MemoryReader.ahk (1782) : [PoE2GameStateReader.Prototype.ReadRadarSnapshot] Return Map( "inGameState", Map( "address",             inGameStateAddress, "importantUiElements", importantUiElements, "areaInstance", Map( "address",               areaInstanceData, "playerRenderComponent", playerRenderComponent, "awakeEntities",         awakeEntities, "sleepingEntities",      sleepingEntities ) ) )
E:\ahk\poe2\GameHelper\AutoFlask.ahk (27) : [UpdateRadarFast] radarSnap := reader.ReadRadarSnapshot()
> Timer

[2026-04-07 23:04:51] UpdateRadarFast | msg=This local variable has not been assigned a value. | line=1782 | extra=importantUiElements
E:\ahk\poe2\GameHelper\PoE2MemoryReader.ahk (1782) : [PoE2GameStateReader.Prototype.ReadRadarSnapshot] Return Map( "inGameState", Map( "address",             inGameStateAddress, "importantUiElements", importantUiElements, "areaInstance", Map( "address",               areaInstanceData, "playerRenderComponent", playerRenderComponent, "awakeEntities",         awakeEntities, "sleepingEntities",      sleepingEntities ) ) )
E:\ahk\poe2\GameHelper\AutoFlask.ahk (27) : [UpdateRadarFast] radarSnap := reader.ReadRadarSnapshot()
> Timer

[2026-04-07 23:04:51] UpdateRadarFast | msg=This local variable has not been assigned a value. | line=1782 | extra=importantUiElements
E:\ahk\poe2\GameHelper\PoE2MemoryReader.ahk (1782) : [PoE2GameStateReader.Prototype.ReadRadarSnapshot] Return Map( "inGameState", Map( "address",             inGameStateAddress, "importantUiElements", importantUiElements, "areaInstance", Map( "address",               areaInstanceData, "playerRenderComponent", playerRenderComponent, "awakeEntities",         awakeEntities, "sleepingEntities",      sleepingEntities ) ) )
E:\ahk\poe2\GameHelper\AutoFlask.ahk (27) : [UpdateRadarFast] radarSnap := reader.ReadRadarSnapshot()
> Timer

[2026-04-07 23:04:51] UpdateRadarFast | msg=This local variable has not been assigned a value. | line=1782 | extra=importantUiElements
E:\ahk\poe2\GameHelper\PoE2MemoryReader.ahk (1782) : [PoE2GameStateReader.Prototype.ReadRadarSnapshot] Return Map( "inGameState", Map( "address",             inGameStateAddress, "importantUiElements", importantUiElements, "areaInstance", Map( "address",               areaInstanceData, "playerRenderComponent", playerRenderComponent, "awakeEntities",         awakeEntities, "sleepingEntities",      sleepingEntities ) ) )
E:\ahk\poe2\GameHelper\AutoFlask.ahk (27) : [UpdateRadarFast] radarSnap := reader.ReadRadarSnapshot()
> Timer
E:\ahk\poe2\GameHelper\PoE2ComponentDecoders.ahk (71) : [PoE2ComponentDecoders.Prototype.ComponentNameMatches] actualLen := StrLen(actualLower)
E:\ahk\poe2\GameHelper\PoE2EntityReader.ahk (727) : [PoE2EntityReader.Prototype.DecodeSampleEntityComponents] If this.ComponentNameMatches(compName, "Charges") || this.ComponentNameMatches(compName, "Charge")
E:\ahk\poe2\GameHelper\PoE2EntityReader.ahk (593) : [PoE2EntityReader.Prototype.ReadEntityBasic] decodedComponents := this.DecodeSampleEntityComponents(components)
E:\ahk\poe2\GameHelper\PoE2EntityReader.ahk (139) : [PoE2EntityReader.Prototype.CollectEntityMapCandidates] entityBasic := this.ReadEntityBasic(entityPtr, entityId)
E:\ahk\poe2\GameHelper\PoE2EntityReader.ahk (49) : [PoE2EntityReader.Prototype.ReadAreaEntityMapSummary] candidates := this.CollectEntityMapCandidates(head, root, size, maxSample, playerOrigin)
E:\ahk\poe2\GameHelper\PoE2MemoryReader.ahk (1329) : [PoE2GameStateReader.Prototype.ReadAreaInstanceBasic] awakeEntities := this.ReadAreaEntityMapSummary(awakeMapAddress, awakeLimit, playerOrigin)
E:\ahk\poe2\GameHelper\PoE2MemoryReader.ahk (1026) : [PoE2GameStateReader.Prototype.ReadInGameState] areaInstanceDetails := this.ReadAreaInstanceBasic(areaInstanceData)
E:\ahk\poe2\GameHelper\PoE2MemoryReader.ahk (762) : [PoE2GameStateReader.Prototype.ReadSnapshot] inGameStateData := this.ReadInGameState(inGameStateAddress)
... 2 more
[2026-04-07 23:04:51] UpdateRadarFast | msg=This local variable has not been assigned a value. | line=1782 | extra=importantUiElements
E:\ahk\poe2\GameHelper\PoE2MemoryReader.ahk (1782) : [PoE2GameStateReader.Prototype.ReadRadarSnapshot] Return Map( "inGameState", Map( "address",             inGameStateAddress, "importantUiElements", importantUiElements, "areaInstance", Map( "address",               areaInstanceData, "playerRenderComponent", playerRenderComponent, "awakeEntities",         awakeEntities, "sleepingEntities",      sleepingEntities ) ) )
E:\ahk\poe2\GameHelper\AutoFlask.ahk (27) : [UpdateRadarFast] radarSnap := reader.ReadRadarSnapshot()
> Timer
E:\ahk\poe2\GameHelper\ProcessMemory.ahk (143) : [ProcessMemory.Prototype.ReadBytes] success := DllCall("ReadProcessMemory", "Ptr", this.Handle, "Ptr", address, "Ptr", buf.Ptr, "UPtr", size, "UPtr*", bytesRead, "Int")
E:\ahk\poe2\GameHelper\ProcessMemory.ahk (194) : [ProcessMemory.Prototype.ReadInt64] buf := this.ReadBytes(address, 8)
E:\ahk\poe2\GameHelper\PoE2InventoryReader.ahk (718) : [PoE2InventoryReader.Prototype.ScoreModsCandidate] first := this.Mem.ReadInt64(vecAddr)
E:\ahk\poe2\GameHelper\PoE2InventoryReader.ahk (678) : [PoE2InventoryReader.Prototype.ReadItemModsAndMagicProperties] score := this.ScoreModsCandidate(componentPtr + PoE2Offsets.ObjectMagicProperties["AllMods"], rarityOMP)
E:\ahk\poe2\GameHelper\PoE2InventoryReader.ahk (529) : [PoE2InventoryReader.Prototype.ReadFlaskItemDetails] modsInfo := this.ReadItemModsAndMagicProperties(itemEntityPtr)
E:\ahk\poe2\GameHelper\PoE2InventoryReader.ahk (232) : [PoE2InventoryReader.Prototype.ReadInventoryBasic] itemDetails := this.ReadFlaskItemDetails(itemEntityPtr, minimal)
E:\ahk\poe2\GameHelper\PoE2InventoryReader.ahk (146) : [PoE2InventoryReader.Prototype.ReadServerData] flaskInventory := this.ReadInventoryBasic(flaskInventoryPtr, minimal)
E:\ahk\poe2\GameHelper\PoE2MemoryReader.ahk (1335) : [PoE2GameStateReader.Prototype.ReadAreaInstanceBasic] serverData := this.ReadServerData(serverDataPtr)
... 4 more
[2026-04-07 23:04:51] UpdateRadarFast | msg=This local variable has not been assigned a value. | line=1782 | extra=importantUiElements
E:\ahk\poe2\GameHelper\PoE2MemoryReader.ahk (1782) : [PoE2GameStateReader.Prototype.ReadRadarSnapshot] Return Map( "inGameState", Map( "address",             inGameStateAddress, "importantUiElements", importantUiElements, "areaInstance", Map( "address",               areaInstanceData, "playerRenderComponent", playerRenderComponent, "awakeEntities",         awakeEntities, "sleepingEntities",      sleepingEntities ) ) )
E:\ahk\poe2\GameHelper\AutoFlask.ahk (27) : [UpdateRadarFast] radarSnap := reader.ReadRadarSnapshot()
> Timer
E:\ahk\poe2\GameHelper\ProcessMemory.ahk (143) : [ProcessMemory.Prototype.ReadBytes] success := DllCall("ReadProcessMemory", "Ptr", this.Handle, "Ptr", address, "Ptr", buf.Ptr, "UPtr", size, "UPtr*", bytesRead, "Int")
E:\ahk\poe2\GameHelper\ProcessMemory.ahk (222) : [ProcessMemory.Prototype.ReadFloat] buf := this.ReadBytes(address, 4)
E:\ahk\poe2\GameHelper\PoE2ComponentDecoders.ahk (755) : [PoE2ComponentDecoders.Prototype.ReadBuffEffectEntryBasic] totalTime := this.Mem.ReadFloat(statusEntryAddress + PoE2Offsets.StatusEffect["TotalTime"])
E:\ahk\poe2\GameHelper\PoE2PlayerReader.ahk (801) : [PoE2PlayerReader.Prototype.ReadPlayerBuffsComponent] effectLookup := this.ReadBuffEffectEntryBasic(statusPtrLookup)
E:\ahk\poe2\GameHelper\PoE2MemoryReader.ahk (1339) : [PoE2GameStateReader.Prototype.ReadAreaInstanceBasic] playerBuffsComponent := this.ReadPlayerBuffsComponent(localPlayerPtr)
E:\ahk\poe2\GameHelper\PoE2MemoryReader.ahk (1026) : [PoE2GameStateReader.Prototype.ReadInGameState] areaInstanceDetails := this.ReadAreaInstanceBasic(areaInstanceData)
E:\ahk\poe2\GameHelper\PoE2MemoryReader.ahk (762) : [PoE2GameStateReader.Prototype.ReadSnapshot] inGameStateData := this.ReadInGameState(inGameStateAddress)
E:\ahk\poe2\GameHelper\InGameStateMonitor.ahk (532) : [ReadAndShow] snapshot := autoFlaskPerformanceMode ? reader.ReadAutoFlaskSnapshot() : reader.ReadSnapshot()
> Timer

[2026-04-07 23:04:52] UpdateRadarFast | msg=This local variable has not been assigned a value. | line=1782 | extra=importantUiElements
E:\ahk\poe2\GameHelper\PoE2MemoryReader.ahk (1782) : [PoE2GameStateReader.Prototype.ReadRadarSnapshot] Return Map( "inGameState", Map( "address",             inGameStateAddress, "importantUiElements", importantUiElements, "areaInstance", Map( "address",               areaInstanceData, "playerRenderComponent", playerRenderComponent, "awakeEntities",         awakeEntities, "sleepingEntities",      sleepingEntities ) ) )
E:\ahk\poe2\GameHelper\AutoFlask.ahk (27) : [UpdateRadarFast] radarSnap := reader.ReadRadarSnapshot()
> Timer

[2026-04-07 23:04:52] UpdateRadarFast | msg=This local variable has not been assigned a value. | line=1782 | extra=importantUiElements
E:\ahk\poe2\GameHelper\PoE2MemoryReader.ahk (1782) : [PoE2GameStateReader.Prototype.ReadRadarSnapshot] Return Map( "inGameState", Map( "address",             inGameStateAddress, "importantUiElements", importantUiElements, "areaInstance", Map( "address",               areaInstanceData, "playerRenderComponent", playerRenderComponent, "awakeEntities",         awakeEntities, "sleepingEntities",      sleepingEntities ) ) )
E:\ahk\poe2\GameHelper\AutoFlask.ahk (27) : [UpdateRadarFast] radarSnap := reader.ReadRadarSnapshot()
> Timer

[2026-04-07 23:04:52] UpdateRadarFast | msg=This local variable has not been assigned a value. | line=1782 | extra=importantUiElements
E:\ahk\poe2\GameHelper\PoE2MemoryReader.ahk (1782) : [PoE2GameStateReader.Prototype.ReadRadarSnapshot] Return Map( "inGameState", Map( "address",             inGameStateAddress, "importantUiElements", importantUiElements, "areaInstance", Map( "address",               areaInstanceData, "playerRenderComponent", playerRenderComponent, "awakeEntities",         awakeEntities, "sleepingEntities",      sleepingEntities ) ) )
E:\ahk\poe2\GameHelper\AutoFlask.ahk (27) : [UpdateRadarFast] radarSnap := reader.ReadRadarSnapshot()
> Timer

[2026-04-07 23:04:52] UpdateRadarFast | msg=This local variable has not been assigned a value. | line=1782 | extra=importantUiElements
E:\ahk\poe2\GameHelper\PoE2MemoryReader.ahk (1782) : [PoE2GameStateReader.Prototype.ReadRadarSnapshot] Return Map( "inGameState", Map( "address",             inGameStateAddress, "importantUiElements", importantUiElements, "areaInstance", Map( "address",               areaInstanceData, "playerRenderComponent", playerRenderComponent, "awakeEntities",         awakeEntities, "sleepingEntities",      sleepingEntities ) ) )
E:\ahk\poe2\GameHelper\AutoFlask.ahk (27) : [UpdateRadarFast] radarSnap := reader.ReadRadarSnapshot()
> Timer

[2026-04-07 23:04:52] UpdateRadarFast | msg=This local variable has not been assigned a value. | line=1782 | extra=importantUiElements
E:\ahk\poe2\GameHelper\PoE2MemoryReader.ahk (1782) : [PoE2GameStateReader.Prototype.ReadRadarSnapshot] Return Map( "inGameState", Map( "address",             inGameStateAddress, "importantUiElements", importantUiElements, "areaInstance", Map( "address",               areaInstanceData, "playerRenderComponent", playerRenderComponent, "awakeEntities",         awakeEntities, "sleepingEntities",      sleepingEntities ) ) )
E:\ahk\poe2\GameHelper\AutoFlask.ahk (27) : [UpdateRadarFast] radarSnap := reader.ReadRadarSnapshot()
> Timer
E:\ahk\poe2\GameHelper\PoE2EntityReader.ahk (103) : [PoE2EntityReader.Prototype.CollectEntityMapCandidates] If (candidates.Length >= maxCandidates && npcCandidateCount >= minNpcCandidates)
E:\ahk\poe2\GameHelper\PoE2EntityReader.ahk (49) : [PoE2EntityReader.Prototype.ReadAreaEntityMapSummary] candidates := this.CollectEntityMapCandidates(head, root, size, maxSample, playerOrigin)
E:\ahk\poe2\GameHelper\PoE2MemoryReader.ahk (1330) : [PoE2GameStateReader.Prototype.ReadAreaInstanceBasic] sleepingEntities := this.ReadAreaEntityMapSummary(sleepingMapAddress, sleepingLimit, playerOrigin)
E:\ahk\poe2\GameHelper\PoE2MemoryReader.ahk (1026) : [PoE2GameStateReader.Prototype.ReadInGameState] areaInstanceDetails := this.ReadAreaInstanceBasic(areaInstanceData)
E:\ahk\poe2\GameHelper\PoE2MemoryReader.ahk (762) : [PoE2GameStateReader.Prototype.ReadSnapshot] inGameStateData := this.ReadInGameState(inGameStateAddress)
E:\ahk\poe2\GameHelper\InGameStateMonitor.ahk (532) : [ReadAndShow] snapshot := autoFlaskPerformanceMode ? reader.ReadAutoFlaskSnapshot() : reader.ReadSnapshot()
> Timer

[2026-04-07 23:04:52] UpdateRadarFast | msg=This local variable has not been assigned a value. | line=1782 | extra=importantUiElements
E:\ahk\poe2\GameHelper\PoE2MemoryReader.ahk (1782) : [PoE2GameStateReader.Prototype.ReadRadarSnapshot] Return Map( "inGameState", Map( "address",             inGameStateAddress, "importantUiElements", importantUiElements, "areaInstance", Map( "address",               areaInstanceData, "playerRenderComponent", playerRenderComponent, "awakeEntities",         awakeEntities, "sleepingEntities",      sleepingEntities ) ) )
E:\ahk\poe2\GameHelper\AutoFlask.ahk (27) : [UpdateRadarFast] radarSnap := reader.ReadRadarSnapshot()
> Timer
E:\ahk\poe2\GameHelper\PoE2ComponentDecoders.ahk (22) : [PoE2ComponentDecoders.Prototype.ReadNarrowString] If (!buf || Type(buf) != "Buffer" || buf.Size = 0)
E:\ahk\poe2\GameHelper\PoE2ComponentDecoders.ahk (229) : [PoE2ComponentDecoders.Prototype.ReadEntityComponentLookupBasic] compName := this.ReadNarrowString(namePtr, 96)
E:\ahk\poe2\GameHelper\PoE2EntityReader.ahk (891) : [PoE2EntityReader.Prototype.FindEntityComponentAddress] components := this.ReadEntityComponentLookupBasic(entityPtr, 96)
E:\ahk\poe2\GameHelper\PoE2PlayerReader.ahk (422) : [PoE2PlayerReader.Prototype.ReadPlayerStatsComponent] statsByLookup := this.FindEntityComponentAddress(localPlayerPtr, "Stats")
E:\ahk\poe2\GameHelper\PoE2PlayerReader.ahk (255) : [PoE2PlayerReader.Prototype.BuildVitalsResult] rage := this.ReadRageSnapshotFromStats(this.ReadPlayerStatsComponent(localPlayerPtr))
E:\ahk\poe2\GameHelper\PoE2PlayerReader.ahk (206) : [PoE2PlayerReader.Prototype.ReadPlayerVitals] Return this.BuildVitalsResult(localPlayerPtr, lifeByLookup, healthVital, manaVital, esVital, playerStatsComponent, 1)
E:\ahk\poe2\GameHelper\PoE2MemoryReader.ahk (1336) : [PoE2GameStateReader.Prototype.ReadAreaInstanceBasic] playerVitals := this.ReadPlayerVitals(localPlayerPtr)
E:\ahk\poe2\GameHelper\PoE2MemoryReader.ahk (1026) : [PoE2GameStateReader.Prototype.ReadInGameState] areaInstanceDetails := this.ReadAreaInstanceBasic(areaInstanceData)
... 3 more
[2026-04-07 23:04:52] UpdateRadarFast | msg=This local variable has not been assigned a value. | line=1782 | extra=importantUiElements
E:\ahk\poe2\GameHelper\PoE2MemoryReader.ahk (1782) : [PoE2GameStateReader.Prototype.ReadRadarSnapshot] Return Map( "inGameState", Map( "address",             inGameStateAddress, "importantUiElements", importantUiElements, "areaInstance", Map( "address",               areaInstanceData, "playerRenderComponent", playerRenderComponent, "awakeEntities",         awakeEntities, "sleepingEntities",      sleepingEntities ) ) )
E:\ahk\poe2\GameHelper\AutoFlask.ahk (27) : [UpdateRadarFast] radarSnap := reader.ReadRadarSnapshot()
> Timer
E:\ahk\poe2\GameHelper\PoE2PlayerReader.ahk (801) : [PoE2PlayerReader.Prototype.ReadPlayerBuffsComponent] effectLookup := this.ReadBuffEffectEntryBasic(statusPtrLookup)
E:\ahk\poe2\GameHelper\PoE2MemoryReader.ahk (1339) : [PoE2GameStateReader.Prototype.ReadAreaInstanceBasic] playerBuffsComponent := this.ReadPlayerBuffsComponent(localPlayerPtr)
E:\ahk\poe2\GameHelper\PoE2MemoryReader.ahk (1026) : [PoE2GameStateReader.Prototype.ReadInGameState] areaInstanceDetails := this.ReadAreaInstanceBasic(areaInstanceData)
E:\ahk\poe2\GameHelper\PoE2MemoryReader.ahk (762) : [PoE2GameStateReader.Prototype.ReadSnapshot] inGameStateData := this.ReadInGameState(inGameStateAddress)
E:\ahk\poe2\GameHelper\InGameStateMonitor.ahk (532) : [ReadAndShow] snapshot := autoFlaskPerformanceMode ? reader.ReadAutoFlaskSnapshot() : reader.ReadSnapshot()
> Timer

[2026-04-07 23:04:53] UpdateRadarFast | msg=This local variable has not been assigned a value. | line=1782 | extra=importantUiElements
E:\ahk\poe2\GameHelper\PoE2MemoryReader.ahk (1782) : [PoE2GameStateReader.Prototype.ReadRadarSnapshot] Return Map( "inGameState", Map( "address",             inGameStateAddress, "importantUiElements", importantUiElements, "areaInstance", Map( "address",               areaInstanceData, "playerRenderComponent", playerRenderComponent, "awakeEntities",         awakeEntities, "sleepingEntities",      sleepingEntities ) ) )
E:\ahk\poe2\GameHelper\AutoFlask.ahk (27) : [UpdateRadarFast] radarSnap := reader.ReadRadarSnapshot()
> Timer

[2026-04-07 23:04:53] UpdateRadarFast | msg=This local variable has not been assigned a value. | line=1782 | extra=importantUiElements
E:\ahk\poe2\GameHelper\PoE2MemoryReader.ahk (1782) : [PoE2GameStateReader.Prototype.ReadRadarSnapshot] Return Map( "inGameState", Map( "address",             inGameStateAddress, "importantUiElements", importantUiElements, "areaInstance", Map( "address",               areaInstanceData, "playerRenderComponent", playerRenderComponent, "awakeEntities",         awakeEntities, "sleepingEntities",      sleepingEntities ) ) )
E:\ahk\poe2\GameHelper\AutoFlask.ahk (27) : [UpdateRadarFast] radarSnap := reader.ReadRadarSnapshot()
> Timer

[2026-04-07 23:04:53] UpdateRadarFast | msg=This local variable has not been assigned a value. | line=1782 | extra=importantUiElements
E:\ahk\poe2\GameHelper\PoE2MemoryReader.ahk (1782) : [PoE2GameStateReader.Prototype.ReadRadarSnapshot] Return Map( "inGameState", Map( "address",             inGameStateAddress, "importantUiElements", importantUiElements, "areaInstance", Map( "address",               areaInstanceData, "playerRenderComponent", playerRenderComponent, "awakeEntities",         awakeEntities, "sleepingEntities",      sleepingEntities ) ) )
E:\ahk\poe2\GameHelper\AutoFlask.ahk (27) : [UpdateRadarFast] radarSnap := reader.ReadRadarSnapshot()
> Timer

[2026-04-07 23:04:53] UpdateRadarFast | msg=This local variable has not been assigned a value. | line=1782 | extra=importantUiElements
E:\ahk\poe2\GameHelper\PoE2MemoryReader.ahk (1782) : [PoE2GameStateReader.Prototype.ReadRadarSnapshot] Return Map( "inGameState", Map( "address",             inGameStateAddress, "importantUiElements", importantUiElements, "areaInstance", Map( "address",               areaInstanceData, "playerRenderComponent", playerRenderComponent, "awakeEntities",         awakeEntities, "sleepingEntities",      sleepingEntities ) ) )
E:\ahk\poe2\GameHelper\AutoFlask.ahk (27) : [UpdateRadarFast] radarSnap := reader.ReadRadarSnapshot()
> Timer
E:\ahk\poe2\GameHelper\PoE2ComponentDecoders.ahk (562) : [PoE2ComponentDecoders.Prototype.ReadActorComponentSamples] activeSkills.Push(Map( "activeSkillDetailsPtr", detailsPtr, "useStage", this.Mem.ReadInt(detailsPtr + PoE2Offsets.ActiveSkillDetails["UseStage"]), "castType", this.Mem.ReadInt(detailsPtr + PoE2Offsets.ActiveSkillDetails["CastType"]), "unknownIdAndEquipmentInfo", this.Mem.ReadUInt(detailsPtr + PoE2Offsets.ActiveSkillDetails["UnknownIdAndEquipmentInfo"]), "totalUses", this.Mem.ReadInt(detailsPtr + PoE2Offsets.ActiveSkillDetails["TotalUses"]), "totalCooldownTimeInMs", this.Mem.ReadInt(detailsPtr + PoE2Offsets.ActiveSkillDetails["TotalCooldownTimeInMs"]) ))
E:\ahk\poe2\GameHelper\PoE2ComponentDecoders.ahk (515) : [PoE2ComponentDecoders.Prototype.DecodeActorComponentBasic] samples := this.ReadActorComponentSamples(componentPtr, activeSkillsCount, cooldownsCount, deployedCount, 6)
E:\ahk\poe2\GameHelper\PoE2EntityReader.ahk (705) : [PoE2EntityReader.Prototype.DecodeSampleEntityComponents] decodedData := this.DecodeActorComponentBasic(compAddr)
E:\ahk\poe2\GameHelper\PoE2EntityReader.ahk (593) : [PoE2EntityReader.Prototype.ReadEntityBasic] decodedComponents := this.DecodeSampleEntityComponents(components)
E:\ahk\poe2\GameHelper\PoE2EntityReader.ahk (139) : [PoE2EntityReader.Prototype.CollectEntityMapCandidates] entityBasic := this.ReadEntityBasic(entityPtr, entityId)
... 6 more
[2026-04-07 23:04:53] UpdateRadarFast | msg=This local variable has not been assigned a value. | line=1782 | extra=importantUiElements
E:\ahk\poe2\GameHelper\PoE2MemoryReader.ahk (1782) : [PoE2GameStateReader.Prototype.ReadRadarSnapshot] Return Map( "inGameState", Map( "address",             inGameStateAddress, "importantUiElements", importantUiElements, "areaInstance", Map( "address",               areaInstanceData, "playerRenderComponent", playerRenderComponent, "awakeEntities",         awakeEntities, "sleepingEntities",      sleepingEntities ) ) )
E:\ahk\poe2\GameHelper\AutoFlask.ahk (27) : [UpdateRadarFast] radarSnap := reader.ReadRadarSnapshot()
> Timer
E:\ahk\poe2\GameHelper\ProcessMemory.ahk (143) : [ProcessMemory.Prototype.ReadBytes] success := DllCall("ReadProcessMemory", "Ptr", this.Handle, "Ptr", address, "Ptr", buf.Ptr, "UPtr", size, "UPtr*", bytesRead, "Int")
E:\ahk\poe2\GameHelper\ProcessMemory.ahk (180) : [ProcessMemory.Prototype.ReadPtr] buf := this.ReadBytes(address, A_PtrSize)
E:\ahk\poe2\GameHelper\PoE2EntityReader.ahk (537) : [PoE2EntityReader.Prototype.IsEntityLikePointer] entityDetailsPtr := this.Mem.ReadPtr(address + PoE2Offsets.Entity["EntityDetailsPtr"])
E:\ahk\poe2\GameHelper\PoE2EntityReader.ahk (137) : [PoE2EntityReader.Prototype.CollectEntityMapCandidates] If this.IsEntityLikePointer(entityPtr)
E:\ahk\poe2\GameHelper\PoE2EntityReader.ahk (49) : [PoE2EntityReader.Prototype.ReadAreaEntityMapSummary] candidates := this.CollectEntityMapCandidates(head, root, size, maxSample, playerOrigin)
E:\ahk\poe2\GameHelper\PoE2MemoryReader.ahk (1330) : [PoE2GameStateReader.Prototype.ReadAreaInstanceBasic] sleepingEntities := this.ReadAreaEntityMapSummary(sleepingMapAddress, sleepingLimit, playerOrigin)
E:\ahk\poe2\GameHelper\PoE2MemoryReader.ahk (1026) : [PoE2GameStateReader.Prototype.ReadInGameState] areaInstanceDetails := this.ReadAreaInstanceBasic(areaInstanceData)
E:\ahk\poe2\GameHelper\PoE2MemoryReader.ahk (762) : [PoE2GameStateReader.Prototype.ReadSnapshot] inGameStateData := this.ReadInGameState(inGameStateAddress)
... 2 more
[2026-04-07 23:04:53] UpdateRadarFast | msg=This local variable has not been assigned a value. | line=1782 | extra=importantUiElements
E:\ahk\poe2\GameHelper\PoE2MemoryReader.ahk (1782) : [PoE2GameStateReader.Prototype.ReadRadarSnapshot] Return Map( "inGameState", Map( "address",             inGameStateAddress, "importantUiElements", importantUiElements, "areaInstance", Map( "address",               areaInstanceData, "playerRenderComponent", playerRenderComponent, "awakeEntities",         awakeEntities, "sleepingEntities",      sleepingEntities ) ) )
E:\ahk\poe2\GameHelper\AutoFlask.ahk (27) : [UpdateRadarFast] radarSnap := reader.ReadRadarSnapshot()
> Timer
E:\ahk\poe2\GameHelper\ProcessMemory.ahk (153) : [ProcessMemory.Prototype.ReadBytes] If (!allowPartial && effectiveBytes < size)
E:\ahk\poe2\GameHelper\ProcessMemory.ahk (187) : [ProcessMemory.Prototype.ReadInt] buf := this.ReadBytes(address, 4)
E:\ahk\poe2\GameHelper\PoE2PlayerReader.ahk (529) : [PoE2PlayerReader.Prototype.ReadStatsPairsFromStatsInternal] key := this.Mem.ReadInt(addr + PoE2Offsets.StatPair["Key"])
E:\ahk\poe2\GameHelper\PoE2PlayerReader.ahk (438) : [PoE2PlayerReader.Prototype.ReadPlayerStatsComponent] statsByBuffs := this.ReadStatsPairsFromStatsInternal(statsByBuffPtr)
E:\ahk\poe2\GameHelper\PoE2PlayerReader.ahk (261) : [PoE2PlayerReader.Prototype.BuildVitalsResult] spirit := this.ReadSpiritSnapshotFromStats(this.ReadPlayerStatsComponent(localPlayerPtr), statShift)
E:\ahk\poe2\GameHelper\PoE2PlayerReader.ahk (206) : [PoE2PlayerReader.Prototype.ReadPlayerVitals] Return this.BuildVitalsResult(localPlayerPtr, lifeByLookup, healthVital, manaVital, esVital, playerStatsComponent, 1)
E:\ahk\poe2\GameHelper\PoE2MemoryReader.ahk (1336) : [PoE2GameStateReader.Prototype.ReadAreaInstanceBasic] playerVitals := this.ReadPlayerVitals(localPlayerPtr)
E:\ahk\poe2\GameHelper\PoE2MemoryReader.ahk (1026) : [PoE2GameStateReader.Prototype.ReadInGameState] areaInstanceDetails := this.ReadAreaInstanceBasic(areaInstanceData)
... 3 more
[2026-04-07 23:04:54] UpdateRadarFast | msg=This local variable has not been assigned a value. | line=1782 | extra=importantUiElements
E:\ahk\poe2\GameHelper\PoE2MemoryReader.ahk (1782) : [PoE2GameStateReader.Prototype.ReadRadarSnapshot] Return Map( "inGameState", Map( "address",             inGameStateAddress, "importantUiElements", importantUiElements, "areaInstance", Map( "address",               areaInstanceData, "playerRenderComponent", playerRenderComponent, "awakeEntities",         awakeEntities, "sleepingEntities",      sleepingEntities ) ) )
E:\ahk\poe2\GameHelper\AutoFlask.ahk (27) : [UpdateRadarFast] radarSnap := reader.ReadRadarSnapshot()
> Timer

[2026-04-07 23:04:54] UpdateRadarFast | msg=This local variable has not been assigned a value. | line=1782 | extra=importantUiElements
E:\ahk\poe2\GameHelper\PoE2MemoryReader.ahk (1782) : [PoE2GameStateReader.Prototype.ReadRadarSnapshot] Return Map( "inGameState", Map( "address",             inGameStateAddress, "importantUiElements", importantUiElements, "areaInstance", Map( "address",               areaInstanceData, "playerRenderComponent", playerRenderComponent, "awakeEntities",         awakeEntities, "sleepingEntities",      sleepingEntities ) ) )
E:\ahk\poe2\GameHelper\AutoFlask.ahk (27) : [UpdateRadarFast] radarSnap := reader.ReadRadarSnapshot()
> Timer

[2026-04-07 23:04:54] UpdateRadarFast | msg=This local variable has not been assigned a value. | line=1782 | extra=importantUiElements
E:\ahk\poe2\GameHelper\PoE2MemoryReader.ahk (1782) : [PoE2GameStateReader.Prototype.ReadRadarSnapshot] Return Map( "inGameState", Map( "address",             inGameStateAddress, "importantUiElements", importantUiElements, "areaInstance", Map( "address",               areaInstanceData, "playerRenderComponent", playerRenderComponent, "awakeEntities",         awakeEntities, "sleepingEntities",      sleepingEntities ) ) )
E:\ahk\poe2\GameHelper\AutoFlask.ahk (27) : [UpdateRadarFast] radarSnap := reader.ReadRadarSnapshot()
> Timer

[2026-04-07 23:04:54] UpdateRadarFast | msg=This local variable has not been assigned a value. | line=1782 | extra=importantUiElements
E:\ahk\poe2\GameHelper\PoE2MemoryReader.ahk (1782) : [PoE2GameStateReader.Prototype.ReadRadarSnapshot] Return Map( "inGameState", Map( "address",             inGameStateAddress, "importantUiElements", importantUiElements, "areaInstance", Map( "address",               areaInstanceData, "playerRenderComponent", playerRenderComponent, "awakeEntities",         awakeEntities, "sleepingEntities",      sleepingEntities ) ) )
E:\ahk\poe2\GameHelper\AutoFlask.ahk (27) : [UpdateRadarFast] radarSnap := reader.ReadRadarSnapshot()
> Timer

[2026-04-07 23:04:54] UpdateRadarFast | msg=This local variable has not been assigned a value. | line=1782 | extra=importantUiElements
E:\ahk\poe2\GameHelper\PoE2MemoryReader.ahk (1782) : [PoE2GameStateReader.Prototype.ReadRadarSnapshot] Return Map( "inGameState", Map( "address",             inGameStateAddress, "importantUiElements", importantUiElements, "areaInstance", Map( "address",               areaInstanceData, "playerRenderComponent", playerRenderComponent, "awakeEntities",         awakeEntities, "sleepingEntities",      sleepingEntities ) ) )
E:\ahk\poe2\GameHelper\AutoFlask.ahk (27) : [UpdateRadarFast] radarSnap := reader.ReadRadarSnapshot()
> Timer
E:\ahk\poe2\GameHelper\PoE2ComponentDecoders.ahk (562) : [ProcessMemory.Prototype.ReadInt] activeSkills.Push(Map( "activeSkillDetailsPtr", detailsPtr, "useStage", this.Mem.ReadInt(detailsPtr + PoE2Offsets.ActiveSkillDetails["UseStage"]), "castType", this.Mem.ReadInt(detailsPtr + PoE2Offsets.ActiveSkillDetails["CastType"]), "unknownIdAndEquipmentInfo", this.Mem.ReadUInt(detailsPtr + PoE2Offsets.ActiveSkillDetails["UnknownIdAndEquipmentInfo"]), "totalUses", this.Mem.ReadInt(detailsPtr + PoE2Offsets.ActiveSkillDetails["TotalUses"]), "totalCooldownTimeInMs", this.Mem.ReadInt(detailsPtr + PoE2Offsets.ActiveSkillDetails["TotalCooldownTimeInMs"]) ))
E:\ahk\poe2\GameHelper\PoE2ComponentDecoders.ahk (562) : [PoE2ComponentDecoders.Prototype.ReadActorComponentSamples] activeSkills.Push(Map( "activeSkillDetailsPtr", detailsPtr, "useStage", this.Mem.ReadInt(detailsPtr + PoE2Offsets.ActiveSkillDetails["UseStage"]), "castType", this.Mem.ReadInt(detailsPtr + PoE2Offsets.ActiveSkillDetails["CastType"]), "unknownIdAndEquipmentInfo", this.Mem.ReadUInt(detailsPtr + PoE2Offsets.ActiveSkillDetails["UnknownIdAndEquipmentInfo"]), "totalUses", this.Mem.ReadInt(detailsPtr + PoE2Offsets.ActiveSkillDetails["TotalUses"]), "totalCooldownTimeInMs", this.Mem.ReadInt(detailsPtr + PoE2Offsets.ActiveSkillDetails["TotalCooldownTimeInMs"]) ))
... 10 more
[2026-04-07 23:04:54] UpdateRadarFast | msg=This local variable has not been assigned a value. | line=1782 | extra=importantUiElements
E:\ahk\poe2\GameHelper\PoE2MemoryReader.ahk (1782) : [PoE2GameStateReader.Prototype.ReadRadarSnapshot] Return Map( "inGameState", Map( "address",             inGameStateAddress, "importantUiElements", importantUiElements, "areaInstance", Map( "address",               areaInstanceData, "playerRenderComponent", playerRenderComponent, "awakeEntities",         awakeEntities, "sleepingEntities",      sleepingEntities ) ) )
E:\ahk\poe2\GameHelper\AutoFlask.ahk (27) : [UpdateRadarFast] radarSnap := reader.ReadRadarSnapshot()
> Timer
E:\ahk\poe2\GameHelper\ProcessMemory.ahk (141) : [ProcessMemory.Prototype.ReadBytes] buf := Buffer(size, 0)
E:\ahk\poe2\GameHelper\ProcessMemory.ahk (180) : [ProcessMemory.Prototype.ReadPtr] buf := this.ReadBytes(address, A_PtrSize)
E:\ahk\poe2\GameHelper\PoE2EntityReader.ahk (496) : [PoE2EntityReader.Prototype.DecodeEntityMapNodeEntry] rawPtr := this.Mem.ReadPtr(nodeAddress + PoE2Offsets.StdMapNode["ValueEntityPtr"])
E:\ahk\poe2\GameHelper\PoE2EntityReader.ahk (129) : [PoE2EntityReader.Prototype.CollectEntityMapCandidates] nodeEntry := this.DecodeEntityMapNodeEntry(node)
E:\ahk\poe2\GameHelper\PoE2EntityReader.ahk (49) : [PoE2EntityReader.Prototype.ReadAreaEntityMapSummary] candidates := this.CollectEntityMapCandidates(head, root, size, maxSample, playerOrigin)
E:\ahk\poe2\GameHelper\PoE2MemoryReader.ahk (1330) : [PoE2GameStateReader.Prototype.ReadAreaInstanceBasic] sleepingEntities := this.ReadAreaEntityMapSummary(sleepingMapAddress, sleepingLimit, playerOrigin)
E:\ahk\poe2\GameHelper\PoE2MemoryReader.ahk (1026) : [PoE2GameStateReader.Prototype.ReadInGameState] areaInstanceDetails := this.ReadAreaInstanceBasic(areaInstanceData)
E:\ahk\poe2\GameHelper\PoE2MemoryReader.ahk (762) : [PoE2GameStateReader.Prototype.ReadSnapshot] inGameStateData := this.ReadInGameState(inGameStateAddress)
E:\ahk\poe2\GameHelper\InGameStateMonitor.ahk (532) : [ReadAndShow] snapshot := autoFlaskPerformanceMode ? reader.ReadAutoFlaskSnapshot() : reader.ReadSnapshot()
> Timer

[2026-04-07 23:04:54] UpdateRadarFast | msg=This local variable has not been assigned a value. | line=1782 | extra=importantUiElements
E:\ahk\poe2\GameHelper\PoE2MemoryReader.ahk (1782) : [PoE2GameStateReader.Prototype.ReadRadarSnapshot] Return Map( "inGameState", Map( "address",             inGameStateAddress, "importantUiElements", importantUiElements, "areaInstance", Map( "address",               areaInstanceData, "playerRenderComponent", playerRenderComponent, "awakeEntities",         awakeEntities, "sleepingEntities",      sleepingEntities ) ) )
E:\ahk\poe2\GameHelper\AutoFlask.ahk (27) : [UpdateRadarFast] radarSnap := reader.ReadRadarSnapshot()
> Timer
E:\ahk\poe2\GameHelper\InGameStateMonitor.ahk (559) : [ReadAndShow] lastSnapshotForUi := snapshot
> Timer

[2026-04-07 23:04:54] UpdateRadarFast | msg=This local variable has not been assigned a value. | line=1782 | extra=importantUiElements
E:\ahk\poe2\GameHelper\PoE2MemoryReader.ahk (1782) : [PoE2GameStateReader.Prototype.ReadRadarSnapshot] Return Map( "inGameState", Map( "address",             inGameStateAddress, "importantUiElements", importantUiElements, "areaInstance", Map( "address",               areaInstanceData, "playerRenderComponent", playerRenderComponent, "awakeEntities",         awakeEntities, "sleepingEntities",      sleepingEntities ) ) )
E:\ahk\poe2\GameHelper\AutoFlask.ahk (27) : [UpdateRadarFast] radarSnap := reader.ReadRadarSnapshot()
> Timer

[2026-04-07 23:04:55] UpdateRadarFast | msg=This local variable has not been assigned a value. | line=1782 | extra=importantUiElements
E:\ahk\poe2\GameHelper\PoE2MemoryReader.ahk (1782) : [PoE2GameStateReader.Prototype.ReadRadarSnapshot] Return Map( "inGameState", Map( "address",             inGameStateAddress, "importantUiElements", importantUiElements, "areaInstance", Map( "address",               areaInstanceData, "playerRenderComponent", playerRenderComponent, "awakeEntities",         awakeEntities, "sleepingEntities",      sleepingEntities ) ) )
E:\ahk\poe2\GameHelper\AutoFlask.ahk (27) : [UpdateRadarFast] radarSnap := reader.ReadRadarSnapshot()
> Timer

[2026-04-07 23:04:55] UpdateRadarFast | msg=This local variable has not been assigned a value. | line=1782 | extra=importantUiElements
E:\ahk\poe2\GameHelper\PoE2MemoryReader.ahk (1782) : [PoE2GameStateReader.Prototype.ReadRadarSnapshot] Return Map( "inGameState", Map( "address",             inGameStateAddress, "importantUiElements", importantUiElements, "areaInstance", Map( "address",               areaInstanceData, "playerRenderComponent", playerRenderComponent, "awakeEntities",         awakeEntities, "sleepingEntities",      sleepingEntities ) ) )
E:\ahk\poe2\GameHelper\AutoFlask.ahk (27) : [UpdateRadarFast] radarSnap := reader.ReadRadarSnapshot()
> Timer

[2026-04-07 23:04:55] UpdateRadarFast | msg=This local variable has not been assigned a value. | line=1782 | extra=importantUiElements
E:\ahk\poe2\GameHelper\PoE2MemoryReader.ahk (1782) : [PoE2GameStateReader.Prototype.ReadRadarSnapshot] Return Map( "inGameState", Map( "address",             inGameStateAddress, "importantUiElements", importantUiElements, "areaInstance", Map( "address",               areaInstanceData, "playerRenderComponent", playerRenderComponent, "awakeEntities",         awakeEntities, "sleepingEntities",      sleepingEntities ) ) )
E:\ahk\poe2\GameHelper\AutoFlask.ahk (27) : [UpdateRadarFast] radarSnap := reader.ReadRadarSnapshot()
> Timer

[2026-04-07 23:04:55] UpdateRadarFast | msg=This local variable has not been assigned a value. | line=1782 | extra=importantUiElements
E:\ahk\poe2\GameHelper\PoE2MemoryReader.ahk (1782) : [PoE2GameStateReader.Prototype.ReadRadarSnapshot] Return Map( "inGameState", Map( "address",             inGameStateAddress, "importantUiElements", importantUiElements, "areaInstance", Map( "address",               areaInstanceData, "playerRenderComponent", playerRenderComponent, "awakeEntities",         awakeEntities, "sleepingEntities",      sleepingEntities ) ) )
E:\ahk\poe2\GameHelper\AutoFlask.ahk (27) : [UpdateRadarFast] radarSnap := reader.ReadRadarSnapshot()
> Timer
E:\ahk\poe2\GameHelper\ProcessMemory.ahk (143) : [ProcessMemory.Prototype.ReadBytes] success := DllCall("ReadProcessMemory", "Ptr", this.Handle, "Ptr", address, "Ptr", buf.Ptr, "UPtr", size, "UPtr*", bytesRead, "Int")
E:\ahk\poe2\GameHelper\ProcessMemory.ahk (194) : [ProcessMemory.Prototype.ReadInt64] buf := this.ReadBytes(address, 8)
E:\ahk\poe2\GameHelper\PoE2PlayerReader.ahk (514) : [PoE2PlayerReader.Prototype.ReadStatsPairsFromStatsInternal] vecFirst := this.Mem.ReadInt64(statsInternalPtr + PoE2Offsets.Stats["StatsInternalStatsVector"])
E:\ahk\poe2\GameHelper\PoE2ComponentDecoders.ahk (1000) : [PoE2ComponentDecoders.Prototype.ReadModsSummaryAt] statPairs := this.ReadStatsPairsFromStatsInternal(statsFromModsPtr, 64)
E:\ahk\poe2\GameHelper\PoE2ComponentDecoders.ahk (979) : [PoE2ComponentDecoders.Prototype.DecodeObjectMagicPropertiesComponentBasic] summary := this.ReadModsSummaryAt(componentPtr, PoE2Offsets.ObjectMagicProperties["AllMods"], componentPtr + PoE2Offsets.ObjectMagicProperties["StatsFromMods"])
E:\ahk\poe2\GameHelper\PoE2EntityReader.ahk (750) : [PoE2EntityReader.Prototype.DecodeSampleEntityComponents] decodedData := this.DecodeObjectMagicPropertiesComponentBasic(compAddr)
E:\ahk\poe2\GameHelper\PoE2EntityReader.ahk (593) : [PoE2EntityReader.Prototype.ReadEntityBasic] decodedComponents := this.DecodeSampleEntityComponents(components)
... 7 more
[2026-04-07 23:04:55] UpdateRadarFast | msg=This local variable has not been assigned a value. | line=1782 | extra=importantUiElements
E:\ahk\poe2\GameHelper\PoE2MemoryReader.ahk (1782) : [PoE2GameStateReader.Prototype.ReadRadarSnapshot] Return Map( "inGameState", Map( "address",             inGameStateAddress, "importantUiElements", importantUiElements, "areaInstance", Map( "address",               areaInstanceData, "playerRenderComponent", playerRenderComponent, "awakeEntities",         awakeEntities, "sleepingEntities",      sleepingEntities ) ) )
E:\ahk\poe2\GameHelper\AutoFlask.ahk (27) : [UpdateRadarFast] radarSnap := reader.ReadRadarSnapshot()
> Timer
E:\ahk\poe2\GameHelper\ProcessMemory.ahk (143) : [ProcessMemory.Prototype.ReadBytes] success := DllCall("ReadProcessMemory", "Ptr", this.Handle, "Ptr", address, "Ptr", buf.Ptr, "UPtr", size, "UPtr*", bytesRead, "Int")
E:\ahk\poe2\GameHelper\ProcessMemory.ahk (187) : [ProcessMemory.Prototype.ReadInt] buf := this.ReadBytes(address, 4)
E:\ahk\poe2\GameHelper\PoE2PlayerReader.ahk (529) : [PoE2PlayerReader.Prototype.ReadStatsPairsFromStatsInternal] key := this.Mem.ReadInt(addr + PoE2Offsets.StatPair["Key"])
E:\ahk\poe2\GameHelper\PoE2PlayerReader.ahk (438) : [PoE2PlayerReader.Prototype.ReadPlayerStatsComponent] statsByBuffs := this.ReadStatsPairsFromStatsInternal(statsByBuffPtr)
E:\ahk\poe2\GameHelper\PoE2PlayerReader.ahk (255) : [PoE2PlayerReader.Prototype.BuildVitalsResult] rage := this.ReadRageSnapshotFromStats(this.ReadPlayerStatsComponent(localPlayerPtr))
E:\ahk\poe2\GameHelper\PoE2PlayerReader.ahk (206) : [PoE2PlayerReader.Prototype.ReadPlayerVitals] Return this.BuildVitalsResult(localPlayerPtr, lifeByLookup, healthVital, manaVital, esVital, playerStatsComponent, 1)
E:\ahk\poe2\GameHelper\PoE2MemoryReader.ahk (1336) : [PoE2GameStateReader.Prototype.ReadAreaInstanceBasic] playerVitals := this.ReadPlayerVitals(localPlayerPtr)
E:\ahk\poe2\GameHelper\PoE2MemoryReader.ahk (1026) : [PoE2GameStateReader.Prototype.ReadInGameState] areaInstanceDetails := this.ReadAreaInstanceBasic(areaInstanceData)
... 3 more
[2026-04-07 23:04:55] UpdateRadarFast | msg=This local variable has not been assigned a value. | line=1782 | extra=importantUiElements
E:\ahk\poe2\GameHelper\PoE2MemoryReader.ahk (1782) : [PoE2GameStateReader.Prototype.ReadRadarSnapshot] Return Map( "inGameState", Map( "address",             inGameStateAddress, "importantUiElements", importantUiElements, "areaInstance", Map( "address",               areaInstanceData, "playerRenderComponent", playerRenderComponent, "awakeEntities",         awakeEntities, "sleepingEntities",      sleepingEntities ) ) )
E:\ahk\poe2\GameHelper\AutoFlask.ahk (27) : [UpdateRadarFast] radarSnap := reader.ReadRadarSnapshot()
> Timer
E:\ahk\poe2\GameHelper\InGameStateMonitor.ahk (559) : [ReadAndShow] lastSnapshotForUi := snapshot
> Timer

[2026-04-07 23:04:56] UpdateRadarFast | msg=This local variable has not been assigned a value. | line=1782 | extra=importantUiElements
E:\ahk\poe2\GameHelper\PoE2MemoryReader.ahk (1782) : [PoE2GameStateReader.Prototype.ReadRadarSnapshot] Return Map( "inGameState", Map( "address",             inGameStateAddress, "importantUiElements", importantUiElements, "areaInstance", Map( "address",               areaInstanceData, "playerRenderComponent", playerRenderComponent, "awakeEntities",         awakeEntities, "sleepingEntities",      sleepingEntities ) ) )
E:\ahk\poe2\GameHelper\AutoFlask.ahk (27) : [UpdateRadarFast] radarSnap := reader.ReadRadarSnapshot()
> Timer

[2026-04-07 23:04:56] UpdateRadarFast | msg=This local variable has not been assigned a value. | line=1782 | extra=importantUiElements
E:\ahk\poe2\GameHelper\PoE2MemoryReader.ahk (1782) : [PoE2GameStateReader.Prototype.ReadRadarSnapshot] Return Map( "inGameState", Map( "address",             inGameStateAddress, "importantUiElements", importantUiElements, "areaInstance", Map( "address",               areaInstanceData, "playerRenderComponent", playerRenderComponent, "awakeEntities",         awakeEntities, "sleepingEntities",      sleepingEntities ) ) )
E:\ahk\poe2\GameHelper\AutoFlask.ahk (27) : [UpdateRadarFast] radarSnap := reader.ReadRadarSnapshot()
> Timer

[2026-04-07 23:04:56] UpdateRadarFast | msg=This local variable has not been assigned a value. | line=1782 | extra=importantUiElements
E:\ahk\poe2\GameHelper\PoE2MemoryReader.ahk (1782) : [PoE2GameStateReader.Prototype.ReadRadarSnapshot] Return Map( "inGameState", Map( "address",             inGameStateAddress, "importantUiElements", importantUiElements, "areaInstance", Map( "address",               areaInstanceData, "playerRenderComponent", playerRenderComponent, "awakeEntities",         awakeEntities, "sleepingEntities",      sleepingEntities ) ) )
E:\ahk\poe2\GameHelper\AutoFlask.ahk (27) : [UpdateRadarFast] radarSnap := reader.ReadRadarSnapshot()
> Timer

[2026-04-07 23:04:56] UpdateRadarFast | msg=This local variable has not been assigned a value. | line=1782 | extra=importantUiElements
E:\ahk\poe2\GameHelper\PoE2MemoryReader.ahk (1782) : [PoE2GameStateReader.Prototype.ReadRadarSnapshot] Return Map( "inGameState", Map( "address",             inGameStateAddress, "importantUiElements", importantUiElements, "areaInstance", Map( "address",               areaInstanceData, "playerRenderComponent", playerRenderComponent, "awakeEntities",         awakeEntities, "sleepingEntities",      sleepingEntities ) ) )
E:\ahk\poe2\GameHelper\AutoFlask.ahk (27) : [UpdateRadarFast] radarSnap := reader.ReadRadarSnapshot()
> Timer

[2026-04-07 23:04:56] UpdateRadarFast | msg=This local variable has not been assigned a value. | line=1782 | extra=importantUiElements
E:\ahk\poe2\GameHelper\PoE2MemoryReader.ahk (1782) : [PoE2GameStateReader.Prototype.ReadRadarSnapshot] Return Map( "inGameState", Map( "address",             inGameStateAddress, "importantUiElements", importantUiElements, "areaInstance", Map( "address",               areaInstanceData, "playerRenderComponent", playerRenderComponent, "awakeEntities",         awakeEntities, "sleepingEntities",      sleepingEntities ) ) )
E:\ahk\poe2\GameHelper\AutoFlask.ahk (27) : [UpdateRadarFast] radarSnap := reader.ReadRadarSnapshot()
> Timer
E:\ahk\poe2\GameHelper\PoE2EntityReader.ahk (968) : [PoE2EntityReader.Prototype.ResolveEntityPointer] seen := Map()
E:\ahk\poe2\GameHelper\PoE2EntityReader.ahk (497) : [PoE2EntityReader.Prototype.DecodeEntityMapNodeEntry] entityPtr := this.ResolveEntityPointer(rawPtr)
E:\ahk\poe2\GameHelper\PoE2EntityReader.ahk (129) : [PoE2EntityReader.Prototype.CollectEntityMapCandidates] nodeEntry := this.DecodeEntityMapNodeEntry(node)
E:\ahk\poe2\GameHelper\PoE2EntityReader.ahk (49) : [PoE2EntityReader.Prototype.ReadAreaEntityMapSummary] candidates := this.CollectEntityMapCandidates(head, root, size, maxSample, playerOrigin)
E:\ahk\poe2\GameHelper\PoE2MemoryReader.ahk (1330) : [PoE2GameStateReader.Prototype.ReadAreaInstanceBasic] sleepingEntities := this.ReadAreaEntityMapSummary(sleepingMapAddress, sleepingLimit, playerOrigin)
E:\ahk\poe2\GameHelper\PoE2MemoryReader.ahk (1026) : [PoE2GameStateReader.Prototype.ReadInGameState] areaInstanceDetails := this.ReadAreaInstanceBasic(areaInstanceData)
E:\ahk\poe2\GameHelper\PoE2MemoryReader.ahk (762) : [PoE2GameStateReader.Prototype.ReadSnapshot] inGameStateData := this.ReadInGameState(inGameStateAddress)
E:\ahk\poe2\GameHelper\InGameStateMonitor.ahk (532) : [ReadAndShow] snapshot := autoFlaskPerformanceMode ? reader.ReadAutoFlaskSnapshot() : reader.ReadSnapshot()
> Timer

[2026-04-07 23:04:56] UpdateRadarFast | msg=This local variable has not been assigned a value. | line=1782 | extra=importantUiElements
E:\ahk\poe2\GameHelper\PoE2MemoryReader.ahk (1782) : [PoE2GameStateReader.Prototype.ReadRadarSnapshot] Return Map( "inGameState", Map( "address",             inGameStateAddress, "importantUiElements", importantUiElements, "areaInstance", Map( "address",               areaInstanceData, "playerRenderComponent", playerRenderComponent, "awakeEntities",         awakeEntities, "sleepingEntities",      sleepingEntities ) ) )
E:\ahk\poe2\GameHelper\AutoFlask.ahk (27) : [UpdateRadarFast] radarSnap := reader.ReadRadarSnapshot()
> Timer
E:\ahk\poe2\GameHelper\PoE2PlayerReader.ahk (529) : [ProcessMemory.Prototype.ReadInt] key := this.Mem.ReadInt(addr + PoE2Offsets.StatPair["Key"])
E:\ahk\poe2\GameHelper\PoE2PlayerReader.ahk (529) : [PoE2PlayerReader.Prototype.ReadStatsPairsFromStatsInternal] key := this.Mem.ReadInt(addr + PoE2Offsets.StatPair["Key"])
E:\ahk\poe2\GameHelper\PoE2PlayerReader.ahk (437) : [PoE2PlayerReader.Prototype.ReadPlayerStatsComponent] statsByItems := this.ReadStatsPairsFromStatsInternal(statsByItemsPtr)
E:\ahk\poe2\GameHelper\PoE2PlayerReader.ahk (255) : [PoE2PlayerReader.Prototype.BuildVitalsResult] rage := this.ReadRageSnapshotFromStats(this.ReadPlayerStatsComponent(localPlayerPtr))
E:\ahk\poe2\GameHelper\PoE2PlayerReader.ahk (206) : [PoE2PlayerReader.Prototype.ReadPlayerVitals] Return this.BuildVitalsResult(localPlayerPtr, lifeByLookup, healthVital, manaVital, esVital, playerStatsComponent, 1)
E:\ahk\poe2\GameHelper\PoE2MemoryReader.ahk (1336) : [PoE2GameStateReader.Prototype.ReadAreaInstanceBasic] playerVitals := this.ReadPlayerVitals(localPlayerPtr)
E:\ahk\poe2\GameHelper\PoE2MemoryReader.ahk (1026) : [PoE2GameStateReader.Prototype.ReadInGameState] areaInstanceDetails := this.ReadAreaInstanceBasic(areaInstanceData)
E:\ahk\poe2\GameHelper\PoE2MemoryReader.ahk (762) : [PoE2GameStateReader.Prototype.ReadSnapshot] inGameStateData := this.ReadInGameState(inGameStateAddress)
... 2 more
[2026-04-07 23:04:56] UpdateRadarFast | msg=This local variable has not been assigned a value. | line=1782 | extra=importantUiElements
E:\ahk\poe2\GameHelper\PoE2MemoryReader.ahk (1782) : [PoE2GameStateReader.Prototype.ReadRadarSnapshot] Return Map( "inGameState", Map( "address",             inGameStateAddress, "importantUiElements", importantUiElements, "areaInstance", Map( "address",               areaInstanceData, "playerRenderComponent", playerRenderComponent, "awakeEntities",         awakeEntities, "sleepingEntities",      sleepingEntities ) ) )
E:\ahk\poe2\GameHelper\AutoFlask.ahk (27) : [UpdateRadarFast] radarSnap := reader.ReadRadarSnapshot()
> Timer
E:\ahk\poe2\GameHelper\TreeView_StatsFormatting.ahk (561) : [GetStatNameMap] sig := FileGetSize(mapPath) "|" FileGetTime(mapPath, "M")
E:\ahk\poe2\GameHelper\TreeView_StatsFormatting.ahk (451) : [ResolveStatDisplayName] statMap := GetStatNameMap()
E:\ahk\poe2\GameHelper\TreeView_EntityScanner.ahk (1072) : [BuildEntityScannerStatsSummary] label := ResolveStatDisplayName(entry["key"])
E:\ahk\poe2\GameHelper\TreeView_EntityScanner.ahk (1010) : [BuildEntityScannerDetails] statsSummary := BuildEntityScannerStatsSummary(decoded, 4)
E:\ahk\poe2\GameHelper\TreeView_EntityScanner.ahk (646) : [CollectEntityScannerItems] outItems.Push(Map( "source", sourceLabel, "id", id, "entityPtr", entityPtr, "path", path, "pathShort", ShortEntityPath(path), "tags", tags, "details", BuildEntityScannerDetails(decoded, componentNames), "renderText", BuildRenderPositionText(decoded, playerPos), "distance", distance, "distanceText", distanceText ))
E:\ahk\poe2\GameHelper\TreeView_EntityScanner.ahk (229) : [BuildNpcWatchIndex] CollectEntityScannerItems(scannerItems, awakeSample, "Awake", playerPos)
E:\ahk\poe2\GameHelper\TreeView_EntityScanner.ahk (28) : [UpdateOffsetTable] npcWatch := BuildNpcWatchIndex(snapshot, npcWatchRadius)
E:\ahk\poe2\GameHelper\InGameStateMonitor.ahk (616) : [ReadAndShow] UpdateOffsetTable(snapshot)
> Timer

[2026-04-07 23:04:57] UpdateRadarFast | msg=This local variable has not been assigned a value. | line=1782 | extra=importantUiElements
E:\ahk\poe2\GameHelper\PoE2MemoryReader.ahk (1782) : [PoE2GameStateReader.Prototype.ReadRadarSnapshot] Return Map( "inGameState", Map( "address",             inGameStateAddress, "importantUiElements", importantUiElements, "areaInstance", Map( "address",               areaInstanceData, "playerRenderComponent", playerRenderComponent, "awakeEntities",         awakeEntities, "sleepingEntities",      sleepingEntities ) ) )
E:\ahk\poe2\GameHelper\AutoFlask.ahk (27) : [UpdateRadarFast] radarSnap := reader.ReadRadarSnapshot()
> Timer

[2026-04-07 23:04:57] UpdateRadarFast | msg=This local variable has not been assigned a value. | line=1782 | extra=importantUiElements
E:\ahk\poe2\GameHelper\PoE2MemoryReader.ahk (1782) : [PoE2GameStateReader.Prototype.ReadRadarSnapshot] Return Map( "inGameState", Map( "address",             inGameStateAddress, "importantUiElements", importantUiElements, "areaInstance", Map( "address",               areaInstanceData, "playerRenderComponent", playerRenderComponent, "awakeEntities",         awakeEntities, "sleepingEntities",      sleepingEntities ) ) )
E:\ahk\poe2\GameHelper\AutoFlask.ahk (27) : [UpdateRadarFast] radarSnap := reader.ReadRadarSnapshot()
> Timer

[2026-04-07 23:04:57] UpdateRadarFast | msg=This local variable has not been assigned a value. | line=1782 | extra=importantUiElements
E:\ahk\poe2\GameHelper\PoE2MemoryReader.ahk (1782) : [PoE2GameStateReader.Prototype.ReadRadarSnapshot] Return Map( "inGameState", Map( "address",             inGameStateAddress, "importantUiElements", importantUiElements, "areaInstance", Map( "address",               areaInstanceData, "playerRenderComponent", playerRenderComponent, "awakeEntities",         awakeEntities, "sleepingEntities",      sleepingEntities ) ) )
E:\ahk\poe2\GameHelper\AutoFlask.ahk (27) : [UpdateRadarFast] radarSnap := reader.ReadRadarSnapshot()
> Timer

[2026-04-07 23:04:57] UpdateRadarFast | msg=This local variable has not been assigned a value. | line=1782 | extra=importantUiElements
E:\ahk\poe2\GameHelper\PoE2MemoryReader.ahk (1782) : [PoE2GameStateReader.Prototype.ReadRadarSnapshot] Return Map( "inGameState", Map( "address",             inGameStateAddress, "importantUiElements", importantUiElements, "areaInstance", Map( "address",               areaInstanceData, "playerRenderComponent", playerRenderComponent, "awakeEntities",         awakeEntities, "sleepingEntities",      sleepingEntities ) ) )
E:\ahk\poe2\GameHelper\AutoFlask.ahk (27) : [UpdateRadarFast] radarSnap := reader.ReadRadarSnapshot()
> Timer
E:\ahk\poe2\GameHelper\ProcessMemory.ahk (143) : [ProcessMemory.Prototype.ReadBytes] success := DllCall("ReadProcessMemory", "Ptr", this.Handle, "Ptr", address, "Ptr", buf.Ptr, "UPtr", size, "UPtr*", bytesRead, "Int")
E:\ahk\poe2\GameHelper\ProcessMemory.ahk (194) : [ProcessMemory.Prototype.ReadInt64] buf := this.ReadBytes(address, 8)
E:\ahk\poe2\GameHelper\PoE2EntityReader.ahk (524) : [PoE2EntityReader.Prototype.IsEntityLikePointer] compVecFirst := this.Mem.ReadInt64(address + PoE2Offsets.Entity["ComponentsVec"])
E:\ahk\poe2\GameHelper\PoE2EntityReader.ahk (137) : [PoE2EntityReader.Prototype.CollectEntityMapCandidates] If this.IsEntityLikePointer(entityPtr)
E:\ahk\poe2\GameHelper\PoE2EntityReader.ahk (49) : [PoE2EntityReader.Prototype.ReadAreaEntityMapSummary] candidates := this.CollectEntityMapCandidates(head, root, size, maxSample, playerOrigin)
E:\ahk\poe2\GameHelper\PoE2MemoryReader.ahk (1329) : [PoE2GameStateReader.Prototype.ReadAreaInstanceBasic] awakeEntities := this.ReadAreaEntityMapSummary(awakeMapAddress, awakeLimit, playerOrigin)
E:\ahk\poe2\GameHelper\PoE2MemoryReader.ahk (1026) : [PoE2GameStateReader.Prototype.ReadInGameState] areaInstanceDetails := this.ReadAreaInstanceBasic(areaInstanceData)
E:\ahk\poe2\GameHelper\PoE2MemoryReader.ahk (762) : [PoE2GameStateReader.Prototype.ReadSnapshot] inGameStateData := this.ReadInGameState(inGameStateAddress)
... 2 more
[2026-04-07 23:04:57] UpdateRadarFast | msg=This local variable has not been assigned a value. | line=1782 | extra=importantUiElements
E:\ahk\poe2\GameHelper\PoE2MemoryReader.ahk (1782) : [PoE2GameStateReader.Prototype.ReadRadarSnapshot] Return Map( "inGameState", Map( "address",             inGameStateAddress, "importantUiElements", importantUiElements, "areaInstance", Map( "address",               areaInstanceData, "playerRenderComponent", playerRenderComponent, "awakeEntities",         awakeEntities, "sleepingEntities",      sleepingEntities ) ) )
E:\ahk\poe2\GameHelper\AutoFlask.ahk (27) : [UpdateRadarFast] radarSnap := reader.ReadRadarSnapshot()
> Timer
E:\ahk\poe2\GameHelper\ProcessMemory.ahk (150) : [ProcessMemory.Prototype.ReadBytes] effectiveBytes := (bytesRead > 0) ? bytesRead : size
E:\ahk\poe2\GameHelper\ProcessMemory.ahk (194) : [ProcessMemory.Prototype.ReadInt64] buf := this.ReadBytes(address, 8)
E:\ahk\poe2\GameHelper\PoE2EntityReader.ahk (923) : [PoE2EntityReader.Prototype.IsPlausibleEntityPointer] compVecFirst := this.Mem.ReadInt64(entityPtr + PoE2Offsets.Entity["ComponentsVec"])
E:\ahk\poe2\GameHelper\PoE2EntityReader.ahk (979) : [PoE2EntityReader.Prototype.ResolveEntityPointer] If this.IsPlausibleEntityPointer(candidate)
E:\ahk\poe2\GameHelper\PoE2EntityReader.ahk (497) : [PoE2EntityReader.Prototype.DecodeEntityMapNodeEntry] entityPtr := this.ResolveEntityPointer(rawPtr)
E:\ahk\poe2\GameHelper\PoE2EntityReader.ahk (129) : [PoE2EntityReader.Prototype.CollectEntityMapCandidates] nodeEntry := this.DecodeEntityMapNodeEntry(node)
E:\ahk\poe2\GameHelper\PoE2EntityReader.ahk (49) : [PoE2EntityReader.Prototype.ReadAreaEntityMapSummary] candidates := this.CollectEntityMapCandidates(head, root, size, maxSample, playerOrigin)
E:\ahk\poe2\GameHelper\PoE2MemoryReader.ahk (1330) : [PoE2GameStateReader.Prototype.ReadAreaInstanceBasic] sleepingEntities := this.ReadAreaEntityMapSummary(sleepingMapAddress, sleepingLimit, playerOrigin)
E:\ahk\poe2\GameHelper\PoE2MemoryReader.ahk (1026) : [PoE2GameStateReader.Prototype.ReadInGameState] areaInstanceDetails := this.ReadAreaInstanceBasic(areaInstanceData)
... 3 more
[2026-04-07 23:04:57] UpdateRadarFast | msg=This local variable has not been assigned a value. | line=1782 | extra=importantUiElements
E:\ahk\poe2\GameHelper\PoE2MemoryReader.ahk (1782) : [PoE2GameStateReader.Prototype.ReadRadarSnapshot] Return Map( "inGameState", Map( "address",             inGameStateAddress, "importantUiElements", importantUiElements, "areaInstance", Map( "address",               areaInstanceData, "playerRenderComponent", playerRenderComponent, "awakeEntities",         awakeEntities, "sleepingEntities",      sleepingEntities ) ) )
E:\ahk\poe2\GameHelper\AutoFlask.ahk (27) : [UpdateRadarFast] radarSnap := reader.ReadRadarSnapshot()
> Timer
E:\ahk\poe2\GameHelper\ProcessMemory.ahk (187) : [ProcessMemory.Prototype.ReadBytes] buf := this.ReadBytes(address, 4)
E:\ahk\poe2\GameHelper\ProcessMemory.ahk (187) : [ProcessMemory.Prototype.ReadInt] buf := this.ReadBytes(address, 4)
E:\ahk\poe2\GameHelper\PoE2InventoryReader.ahk (231) : [PoE2InventoryReader.Prototype.ReadInventoryBasic] slotEndY := this.Mem.ReadInt(invItemStructPtr + PoE2Offsets.InventoryItem["SlotEndY"])
E:\ahk\poe2\GameHelper\PoE2InventoryReader.ahk (146) : [PoE2InventoryReader.Prototype.ReadServerData] flaskInventory := this.ReadInventoryBasic(flaskInventoryPtr, minimal)
E:\ahk\poe2\GameHelper\PoE2MemoryReader.ahk (1335) : [PoE2GameStateReader.Prototype.ReadAreaInstanceBasic] serverData := this.ReadServerData(serverDataPtr)
E:\ahk\poe2\GameHelper\PoE2MemoryReader.ahk (1026) : [PoE2GameStateReader.Prototype.ReadInGameState] areaInstanceDetails := this.ReadAreaInstanceBasic(areaInstanceData)
E:\ahk\poe2\GameHelper\PoE2MemoryReader.ahk (762) : [PoE2GameStateReader.Prototype.ReadSnapshot] inGameStateData := this.ReadInGameState(inGameStateAddress)
E:\ahk\poe2\GameHelper\InGameStateMonitor.ahk (532) : [ReadAndShow] snapshot := autoFlaskPerformanceMode ? reader.ReadAutoFlaskSnapshot() : reader.ReadSnapshot()
> Timer

[2026-04-07 23:04:58] UpdateRadarFast | msg=This local variable has not been assigned a value. | line=1782 | extra=importantUiElements
E:\ahk\poe2\GameHelper\PoE2MemoryReader.ahk (1782) : [PoE2GameStateReader.Prototype.ReadRadarSnapshot] Return Map( "inGameState", Map( "address",             inGameStateAddress, "importantUiElements", importantUiElements, "areaInstance", Map( "address",               areaInstanceData, "playerRenderComponent", playerRenderComponent, "awakeEntities",         awakeEntities, "sleepingEntities",      sleepingEntities ) ) )
E:\ahk\poe2\GameHelper\AutoFlask.ahk (27) : [UpdateRadarFast] radarSnap := reader.ReadRadarSnapshot()
> Timer
E:\ahk\poe2\GameHelper\UIHelpers.ahk (170) : [UpdateActionButtonLabels] pid := ProcessExist("PathOfExileSteam.exe")
E:\ahk\poe2\GameHelper\InGameStateMonitor.ahk (563) : [ReadAndShow] UpdateActionButtonLabels()
> Timer

[2026-04-07 23:04:58] UpdateRadarFast | msg=This local variable has not been assigned a value. | line=1782 | extra=importantUiElements
E:\ahk\poe2\GameHelper\PoE2MemoryReader.ahk (1782) : [PoE2GameStateReader.Prototype.ReadRadarSnapshot] Return Map( "inGameState", Map( "address",             inGameStateAddress, "importantUiElements", importantUiElements, "areaInstance", Map( "address",               areaInstanceData, "playerRenderComponent", playerRenderComponent, "awakeEntities",         awakeEntities, "sleepingEntities",      sleepingEntities ) ) )
E:\ahk\poe2\GameHelper\AutoFlask.ahk (27) : [UpdateRadarFast] radarSnap := reader.ReadRadarSnapshot()
> Timer

[2026-04-07 23:04:58] UpdateRadarFast | msg=This local variable has not been assigned a value. | line=1782 | extra=importantUiElements
E:\ahk\poe2\GameHelper\PoE2MemoryReader.ahk (1782) : [PoE2GameStateReader.Prototype.ReadRadarSnapshot] Return Map( "inGameState", Map( "address",             inGameStateAddress, "importantUiElements", importantUiElements, "areaInstance", Map( "address",               areaInstanceData, "playerRenderComponent", playerRenderComponent, "awakeEntities",         awakeEntities, "sleepingEntities",      sleepingEntities ) ) )
E:\ahk\poe2\GameHelper\AutoFlask.ahk (27) : [UpdateRadarFast] radarSnap := reader.ReadRadarSnapshot()
> Timer

[2026-04-07 23:04:58] UpdateRadarFast | msg=This local variable has not been assigned a value. | line=1782 | extra=importantUiElements
E:\ahk\poe2\GameHelper\PoE2MemoryReader.ahk (1782) : [PoE2GameStateReader.Prototype.ReadRadarSnapshot] Return Map( "inGameState", Map( "address",             inGameStateAddress, "importantUiElements", importantUiElements, "areaInstance", Map( "address",               areaInstanceData, "playerRenderComponent", playerRenderComponent, "awakeEntities",         awakeEntities, "sleepingEntities",      sleepingEntities ) ) )
E:\ahk\poe2\GameHelper\AutoFlask.ahk (27) : [UpdateRadarFast] radarSnap := reader.ReadRadarSnapshot()
> Timer

[2026-04-07 23:04:58] UpdateRadarFast | msg=This local variable has not been assigned a value. | line=1782 | extra=importantUiElements
E:\ahk\poe2\GameHelper\PoE2MemoryReader.ahk (1782) : [PoE2GameStateReader.Prototype.ReadRadarSnapshot] Return Map( "inGameState", Map( "address",             inGameStateAddress, "importantUiElements", importantUiElements, "areaInstance", Map( "address",               areaInstanceData, "playerRenderComponent", playerRenderComponent, "awakeEntities",         awakeEntities, "sleepingEntities",      sleepingEntities ) ) )
E:\ahk\poe2\GameHelper\AutoFlask.ahk (27) : [UpdateRadarFast] radarSnap := reader.ReadRadarSnapshot()
> Timer
E:\ahk\poe2\GameHelper\PoE2InventoryReader.ahk (789) : [PoE2InventoryReader.Prototype.ReadModArrayFromVector] If (first <= 0 || last < first)
E:\ahk\poe2\GameHelper\PoE2ComponentDecoders.ahk (998) : [PoE2ComponentDecoders.Prototype.ReadModsSummaryAt] crucibleMods := this.ReadModArrayFromVector(componentPtr + allModsBaseOffset + (0x18 * 4), 12)
E:\ahk\poe2\GameHelper\PoE2ComponentDecoders.ahk (979) : [PoE2ComponentDecoders.Prototype.DecodeObjectMagicPropertiesComponentBasic] summary := this.ReadModsSummaryAt(componentPtr, PoE2Offsets.ObjectMagicProperties["AllMods"], componentPtr + PoE2Offsets.ObjectMagicProperties["StatsFromMods"])
E:\ahk\poe2\GameHelper\PoE2EntityReader.ahk (750) : [PoE2EntityReader.Prototype.DecodeSampleEntityComponents] decodedData := this.DecodeObjectMagicPropertiesComponentBasic(compAddr)
E:\ahk\poe2\GameHelper\PoE2EntityReader.ahk (593) : [PoE2EntityReader.Prototype.ReadEntityBasic] decodedComponents := this.DecodeSampleEntityComponents(components)
E:\ahk\poe2\GameHelper\PoE2EntityReader.ahk (139) : [PoE2EntityReader.Prototype.CollectEntityMapCandidates] entityBasic := this.ReadEntityBasic(entityPtr, entityId)
E:\ahk\poe2\GameHelper\PoE2EntityReader.ahk (49) : [PoE2EntityReader.Prototype.ReadAreaEntityMapSummary] candidates := this.CollectEntityMapCandidates(head, root, size, maxSample, playerOrigin)
... 5 more
[2026-04-07 23:04:58] UpdateRadarFast | msg=This local variable has not been assigned a value. | line=1782 | extra=importantUiElements
E:\ahk\poe2\GameHelper\PoE2MemoryReader.ahk (1782) : [PoE2GameStateReader.Prototype.ReadRadarSnapshot] Return Map( "inGameState", Map( "address",             inGameStateAddress, "importantUiElements", importantUiElements, "areaInstance", Map( "address",               areaInstanceData, "playerRenderComponent", playerRenderComponent, "awakeEntities",         awakeEntities, "sleepingEntities",      sleepingEntities ) ) )
E:\ahk\poe2\GameHelper\AutoFlask.ahk (27) : [UpdateRadarFast] radarSnap := reader.ReadRadarSnapshot()
> Timer
E:\ahk\poe2\GameHelper\ProcessMemory.ahk (144) : [ProcessMemory.Prototype.ReadBytes] this.LastReadError := A_LastError
E:\ahk\poe2\GameHelper\ProcessMemory.ahk (194) : [ProcessMemory.Prototype.ReadInt64] buf := this.ReadBytes(address, 8)
E:\ahk\poe2\GameHelper\PoE2EntityReader.ahk (525) : [PoE2EntityReader.Prototype.IsEntityLikePointer] compVecLast := this.Mem.ReadInt64(address + PoE2Offsets.Entity["ComponentsVecLast"])
E:\ahk\poe2\GameHelper\PoE2EntityReader.ahk (137) : [PoE2EntityReader.Prototype.CollectEntityMapCandidates] If this.IsEntityLikePointer(entityPtr)
E:\ahk\poe2\GameHelper\PoE2EntityReader.ahk (49) : [PoE2EntityReader.Prototype.ReadAreaEntityMapSummary] candidates := this.CollectEntityMapCandidates(head, root, size, maxSample, playerOrigin)
E:\ahk\poe2\GameHelper\PoE2MemoryReader.ahk (1330) : [PoE2GameStateReader.Prototype.ReadAreaInstanceBasic] sleepingEntities := this.ReadAreaEntityMapSummary(sleepingMapAddress, sleepingLimit, playerOrigin)
E:\ahk\poe2\GameHelper\PoE2MemoryReader.ahk (1026) : [PoE2GameStateReader.Prototype.ReadInGameState] areaInstanceDetails := this.ReadAreaInstanceBasic(areaInstanceData)
E:\ahk\poe2\GameHelper\PoE2MemoryReader.ahk (762) : [PoE2GameStateReader.Prototype.ReadSnapshot] inGameStateData := this.ReadInGameState(inGameStateAddress)
E:\ahk\poe2\GameHelper\InGameStateMonitor.ahk (532) : [ReadAndShow] snapshot := autoFlaskPerformanceMode ? reader.ReadAutoFlaskSnapshot() : reader.ReadSnapshot()
> Timer

[2026-04-07 23:04:58] UpdateRadarFast | msg=This local variable has not been assigned a value. | line=1782 | extra=importantUiElements
E:\ahk\poe2\GameHelper\PoE2MemoryReader.ahk (1782) : [PoE2GameStateReader.Prototype.ReadRadarSnapshot] Return Map( "inGameState", Map( "address",             inGameStateAddress, "importantUiElements", importantUiElements, "areaInstance", Map( "address",               areaInstanceData, "playerRenderComponent", playerRenderComponent, "awakeEntities",         awakeEntities, "sleepingEntities",      sleepingEntities ) ) )
E:\ahk\poe2\GameHelper\AutoFlask.ahk (27) : [UpdateRadarFast] radarSnap := reader.ReadRadarSnapshot()
> Timer
E:\ahk\poe2\GameHelper\UIHelpers.ahk (156) : [UpdateActionButtonLabels] btnDebug.Text := "Debug " (debugMode ? "ON" : "OFF")
E:\ahk\poe2\GameHelper\InGameStateMonitor.ahk (563) : [ReadAndShow] UpdateActionButtonLabels()
> Timer

[2026-04-07 23:04:59] UpdateRadarFast | msg=This local variable has not been assigned a value. | line=1782 | extra=importantUiElements
E:\ahk\poe2\GameHelper\PoE2MemoryReader.ahk (1782) : [PoE2GameStateReader.Prototype.ReadRadarSnapshot] Return Map( "inGameState", Map( "address",             inGameStateAddress, "importantUiElements", importantUiElements, "areaInstance", Map( "address",               areaInstanceData, "playerRenderComponent", playerRenderComponent, "awakeEntities",         awakeEntities, "sleepingEntities",      sleepingEntities ) ) )
E:\ahk\poe2\GameHelper\AutoFlask.ahk (27) : [UpdateRadarFast] radarSnap := reader.ReadRadarSnapshot()
> Timer

[2026-04-07 23:04:59] UpdateRadarFast | msg=This local variable has not been assigned a value. | line=1782 | extra=importantUiElements
E:\ahk\poe2\GameHelper\PoE2MemoryReader.ahk (1782) : [PoE2GameStateReader.Prototype.ReadRadarSnapshot] Return Map( "inGameState", Map( "address",             inGameStateAddress, "importantUiElements", importantUiElements, "areaInstance", Map( "address",               areaInstanceData, "playerRenderComponent", playerRenderComponent, "awakeEntities",         awakeEntities, "sleepingEntities",      sleepingEntities ) ) )
E:\ahk\poe2\GameHelper\AutoFlask.ahk (27) : [UpdateRadarFast] radarSnap := reader.ReadRadarSnapshot()
> Timer

[2026-04-07 23:04:59] UpdateRadarFast | msg=This local variable has not been assigned a value. | line=1782 | extra=importantUiElements
E:\ahk\poe2\GameHelper\PoE2MemoryReader.ahk (1782) : [PoE2GameStateReader.Prototype.ReadRadarSnapshot] Return Map( "inGameState", Map( "address",             inGameStateAddress, "importantUiElements", importantUiElements, "areaInstance", Map( "address",               areaInstanceData, "playerRenderComponent", playerRenderComponent, "awakeEntities",         awakeEntities, "sleepingEntities",      sleepingEntities ) ) )
E:\ahk\poe2\GameHelper\AutoFlask.ahk (27) : [UpdateRadarFast] radarSnap := reader.ReadRadarSnapshot()
> Timer

[2026-04-07 23:04:59] UpdateRadarFast | msg=This local variable has not been assigned a value. | line=1782 | extra=importantUiElements
E:\ahk\poe2\GameHelper\PoE2MemoryReader.ahk (1782) : [PoE2GameStateReader.Prototype.ReadRadarSnapshot] Return Map( "inGameState", Map( "address",             inGameStateAddress, "importantUiElements", importantUiElements, "areaInstance", Map( "address",               areaInstanceData, "playerRenderComponent", playerRenderComponent, "awakeEntities",         awakeEntities, "sleepingEntities",      sleepingEntities ) ) )
E:\ahk\poe2\GameHelper\AutoFlask.ahk (27) : [UpdateRadarFast] radarSnap := reader.ReadRadarSnapshot()
> Timer

[2026-04-07 23:04:59] UpdateRadarFast | msg=This local variable has not been assigned a value. | line=1782 | extra=importantUiElements
E:\ahk\poe2\GameHelper\PoE2MemoryReader.ahk (1782) : [PoE2GameStateReader.Prototype.ReadRadarSnapshot] Return Map( "inGameState", Map( "address",             inGameStateAddress, "importantUiElements", importantUiElements, "areaInstance", Map( "address",               areaInstanceData, "playerRenderComponent", playerRenderComponent, "awakeEntities",         awakeEntities, "sleepingEntities",      sleepingEntities ) ) )
E:\ahk\poe2\GameHelper\AutoFlask.ahk (27) : [UpdateRadarFast] radarSnap := reader.ReadRadarSnapshot()
> Timer
E:\ahk\poe2\GameHelper\PoE2ComponentDecoders.ahk (233) : [PoE2ComponentDecoders.Prototype.ReadEntityComponentLookupBasic] If this.IsLikelyComponentName(compName)
E:\ahk\poe2\GameHelper\PoE2EntityReader.ahk (576) : [PoE2EntityReader.Prototype.ReadEntityBasic] components := this.ReadEntityComponentLookupBasic(entityPtr, this._radarMode ? 64 : 48)
E:\ahk\poe2\GameHelper\PoE2EntityReader.ahk (139) : [PoE2EntityReader.Prototype.CollectEntityMapCandidates] entityBasic := this.ReadEntityBasic(entityPtr, entityId)
E:\ahk\poe2\GameHelper\PoE2EntityReader.ahk (49) : [PoE2EntityReader.Prototype.ReadAreaEntityMapSummary] candidates := this.CollectEntityMapCandidates(head, root, size, maxSample, playerOrigin)
E:\ahk\poe2\GameHelper\PoE2MemoryReader.ahk (1329) : [PoE2GameStateReader.Prototype.ReadAreaInstanceBasic] awakeEntities := this.ReadAreaEntityMapSummary(awakeMapAddress, awakeLimit, playerOrigin)
E:\ahk\poe2\GameHelper\PoE2MemoryReader.ahk (1026) : [PoE2GameStateReader.Prototype.ReadInGameState] areaInstanceDetails := this.ReadAreaInstanceBasic(areaInstanceData)
E:\ahk\poe2\GameHelper\PoE2MemoryReader.ahk (762) : [PoE2GameStateReader.Prototype.ReadSnapshot] inGameStateData := this.ReadInGameState(inGameStateAddress)
E:\ahk\poe2\GameHelper\InGameStateMonitor.ahk (532) : [ReadAndShow] snapshot := autoFlaskPerformanceMode ? reader.ReadAutoFlaskSnapshot() : reader.ReadSnapshot()
> Timer

[2026-04-07 23:04:59] UpdateRadarFast | msg=This local variable has not been assigned a value. | line=1782 | extra=importantUiElements
E:\ahk\poe2\GameHelper\PoE2MemoryReader.ahk (1782) : [PoE2GameStateReader.Prototype.ReadRadarSnapshot] Return Map( "inGameState", Map( "address",             inGameStateAddress, "importantUiElements", importantUiElements, "areaInstance", Map( "address",               areaInstanceData, "playerRenderComponent", playerRenderComponent, "awakeEntities",         awakeEntities, "sleepingEntities",      sleepingEntities ) ) )
E:\ahk\poe2\GameHelper\AutoFlask.ahk (27) : [UpdateRadarFast] radarSnap := reader.ReadRadarSnapshot()
> Timer
E:\ahk\poe2\GameHelper\PoE2PlayerReader.ahk (531) : [PoE2PlayerReader.Prototype.ReadStatsPairsFromStatsInternal] out.Push(Map("key", key, "value", value))
E:\ahk\poe2\GameHelper\PoE2PlayerReader.ahk (437) : [PoE2PlayerReader.Prototype.ReadPlayerStatsComponent] statsByItems := this.ReadStatsPairsFromStatsInternal(statsByItemsPtr)
E:\ahk\poe2\GameHelper\PoE2PlayerReader.ahk (261) : [PoE2PlayerReader.Prototype.BuildVitalsResult] spirit := this.ReadSpiritSnapshotFromStats(this.ReadPlayerStatsComponent(localPlayerPtr), statShift)
E:\ahk\poe2\GameHelper\PoE2PlayerReader.ahk (206) : [PoE2PlayerReader.Prototype.ReadPlayerVitals] Return this.BuildVitalsResult(localPlayerPtr, lifeByLookup, healthVital, manaVital, esVital, playerStatsComponent, 1)
E:\ahk\poe2\GameHelper\PoE2MemoryReader.ahk (1336) : [PoE2GameStateReader.Prototype.ReadAreaInstanceBasic] playerVitals := this.ReadPlayerVitals(localPlayerPtr)
E:\ahk\poe2\GameHelper\PoE2MemoryReader.ahk (1026) : [PoE2GameStateReader.Prototype.ReadInGameState] areaInstanceDetails := this.ReadAreaInstanceBasic(areaInstanceData)
E:\ahk\poe2\GameHelper\PoE2MemoryReader.ahk (762) : [PoE2GameStateReader.Prototype.ReadSnapshot] inGameStateData := this.ReadInGameState(inGameStateAddress)
E:\ahk\poe2\GameHelper\InGameStateMonitor.ahk (532) : [ReadAndShow] snapshot := autoFlaskPerformanceMode ? reader.ReadAutoFlaskSnapshot() : reader.ReadSnapshot()
> Timer

[2026-04-07 23:04:59] UpdateRadarFast | msg=This local variable has not been assigned a value. | line=1782 | extra=importantUiElements
E:\ahk\poe2\GameHelper\PoE2MemoryReader.ahk (1782) : [PoE2GameStateReader.Prototype.ReadRadarSnapshot] Return Map( "inGameState", Map( "address",             inGameStateAddress, "importantUiElements", importantUiElements, "areaInstance", Map( "address",               areaInstanceData, "playerRenderComponent", playerRenderComponent, "awakeEntities",         awakeEntities, "sleepingEntities",      sleepingEntities ) ) )
E:\ahk\poe2\GameHelper\AutoFlask.ahk (27) : [UpdateRadarFast] radarSnap := reader.ReadRadarSnapshot()
> Timer
E:\ahk\poe2\GameHelper\TreeView_StatsFormatting.ahk (561) : [GetStatNameMap] sig := FileGetSize(mapPath) "|" FileGetTime(mapPath, "M")
E:\ahk\poe2\GameHelper\TreeView_StatsFormatting.ahk (451) : [ResolveStatDisplayName] statMap := GetStatNameMap()
E:\ahk\poe2\GameHelper\TreeView_EntityScanner.ahk (1072) : [BuildEntityScannerStatsSummary] label := ResolveStatDisplayName(entry["key"])
E:\ahk\poe2\GameHelper\TreeView_EntityScanner.ahk (1010) : [BuildEntityScannerDetails] statsSummary := BuildEntityScannerStatsSummary(decoded, 4)
E:\ahk\poe2\GameHelper\TreeView_EntityScanner.ahk (646) : [CollectEntityScannerItems] outItems.Push(Map( "source", sourceLabel, "id", id, "entityPtr", entityPtr, "path", path, "pathShort", ShortEntityPath(path), "tags", tags, "details", BuildEntityScannerDetails(decoded, componentNames), "renderText", BuildRenderPositionText(decoded, playerPos), "distance", distance, "distanceText", distanceText ))
E:\ahk\poe2\GameHelper\TreeView_EntityScanner.ahk (229) : [BuildNpcWatchIndex] CollectEntityScannerItems(scannerItems, awakeSample, "Awake", playerPos)
E:\ahk\poe2\GameHelper\TreeView_EntityScanner.ahk (28) : [UpdateOffsetTable] npcWatch := BuildNpcWatchIndex(snapshot, npcWatchRadius)
E:\ahk\poe2\GameHelper\InGameStateMonitor.ahk (616) : [ReadAndShow] UpdateOffsetTable(snapshot)
> Timer

[2026-04-07 23:05:00] UpdateRadarFast | msg=This local variable has not been assigned a value. | line=1782 | extra=importantUiElements
E:\ahk\poe2\GameHelper\PoE2MemoryReader.ahk (1782) : [PoE2GameStateReader.Prototype.ReadRadarSnapshot] Return Map( "inGameState", Map( "address",             inGameStateAddress, "importantUiElements", importantUiElements, "areaInstance", Map( "address",               areaInstanceData, "playerRenderComponent", playerRenderComponent, "awakeEntities",         awakeEntities, "sleepingEntities",      sleepingEntities ) ) )
E:\ahk\poe2\GameHelper\AutoFlask.ahk (27) : [UpdateRadarFast] radarSnap := reader.ReadRadarSnapshot()
> Timer

[2026-04-07 23:05:00] UpdateRadarFast | msg=This local variable has not been assigned a value. | line=1782 | extra=importantUiElements
E:\ahk\poe2\GameHelper\PoE2MemoryReader.ahk (1782) : [PoE2GameStateReader.Prototype.ReadRadarSnapshot] Return Map( "inGameState", Map( "address",             inGameStateAddress, "importantUiElements", importantUiElements, "areaInstance", Map( "address",               areaInstanceData, "playerRenderComponent", playerRenderComponent, "awakeEntities",         awakeEntities, "sleepingEntities",      sleepingEntities ) ) )
E:\ahk\poe2\GameHelper\AutoFlask.ahk (27) : [UpdateRadarFast] radarSnap := reader.ReadRadarSnapshot()
> Timer

[2026-04-07 23:05:00] UpdateRadarFast | msg=This local variable has not been assigned a value. | line=1782 | extra=importantUiElements
E:\ahk\poe2\GameHelper\PoE2MemoryReader.ahk (1782) : [PoE2GameStateReader.Prototype.ReadRadarSnapshot] Return Map( "inGameState", Map( "address",             inGameStateAddress, "importantUiElements", importantUiElements, "areaInstance", Map( "address",               areaInstanceData, "playerRenderComponent", playerRenderComponent, "awakeEntities",         awakeEntities, "sleepingEntities",      sleepingEntities ) ) )
E:\ahk\poe2\GameHelper\AutoFlask.ahk (27) : [UpdateRadarFast] radarSnap := reader.ReadRadarSnapshot()
> Timer

[2026-04-07 23:05:00] UpdateRadarFast | msg=This local variable has not been assigned a value. | line=1782 | extra=importantUiElements
E:\ahk\poe2\GameHelper\PoE2MemoryReader.ahk (1782) : [PoE2GameStateReader.Prototype.ReadRadarSnapshot] Return Map( "inGameState", Map( "address",             inGameStateAddress, "importantUiElements", importantUiElements, "areaInstance", Map( "address",               areaInstanceData, "playerRenderComponent", playerRenderComponent, "awakeEntities",         awakeEntities, "sleepingEntities",      sleepingEntities ) ) )
E:\ahk\poe2\GameHelper\AutoFlask.ahk (27) : [UpdateRadarFast] radarSnap := reader.ReadRadarSnapshot()
> Timer

[2026-04-07 23:05:00] UpdateRadarFast | msg=This local variable has not been assigned a value. | line=1782 | extra=importantUiElements
E:\ahk\poe2\GameHelper\PoE2MemoryReader.ahk (1782) : [PoE2GameStateReader.Prototype.ReadRadarSnapshot] Return Map( "inGameState", Map( "address",             inGameStateAddress, "importantUiElements", importantUiElements, "areaInstance", Map( "address",               areaInstanceData, "playerRenderComponent", playerRenderComponent, "awakeEntities",         awakeEntities, "sleepingEntities",      sleepingEntities ) ) )
E:\ahk\poe2\GameHelper\AutoFlask.ahk (27) : [UpdateRadarFast] radarSnap := reader.ReadRadarSnapshot()
> Timer
E:\ahk\poe2\GameHelper\ProcessMemory.ahk (143) : [ProcessMemory.Prototype.ReadBytes] success := DllCall("ReadProcessMemory", "Ptr", this.Handle, "Ptr", address, "Ptr", buf.Ptr, "UPtr", size, "UPtr*", bytesRead, "Int")
E:\ahk\poe2\GameHelper\ProcessMemory.ahk (194) : [ProcessMemory.Prototype.ReadInt64] buf := this.ReadBytes(address, 8)
E:\ahk\poe2\GameHelper\PoE2EntityReader.ahk (924) : [PoE2EntityReader.Prototype.IsPlausibleEntityPointer] compVecLast := this.Mem.ReadInt64(entityPtr + PoE2Offsets.Entity["ComponentsVecLast"])
E:\ahk\poe2\GameHelper\PoE2EntityReader.ahk (979) : [PoE2EntityReader.Prototype.ResolveEntityPointer] If this.IsPlausibleEntityPointer(candidate)
E:\ahk\poe2\GameHelper\PoE2EntityReader.ahk (497) : [PoE2EntityReader.Prototype.DecodeEntityMapNodeEntry] entityPtr := this.ResolveEntityPointer(rawPtr)
E:\ahk\poe2\GameHelper\PoE2EntityReader.ahk (129) : [PoE2EntityReader.Prototype.CollectEntityMapCandidates] nodeEntry := this.DecodeEntityMapNodeEntry(node)
E:\ahk\poe2\GameHelper\PoE2EntityReader.ahk (49) : [PoE2EntityReader.Prototype.ReadAreaEntityMapSummary] candidates := this.CollectEntityMapCandidates(head, root, size, maxSample, playerOrigin)
E:\ahk\poe2\GameHelper\PoE2MemoryReader.ahk (1330) : [PoE2GameStateReader.Prototype.ReadAreaInstanceBasic] sleepingEntities := this.ReadAreaEntityMapSummary(sleepingMapAddress, sleepingLimit, playerOrigin)
... 4 more
[2026-04-07 23:05:00] UpdateRadarFast | msg=This local variable has not been assigned a value. | line=1782 | extra=importantUiElements
E:\ahk\poe2\GameHelper\PoE2MemoryReader.ahk (1782) : [PoE2GameStateReader.Prototype.ReadRadarSnapshot] Return Map( "inGameState", Map( "address",             inGameStateAddress, "importantUiElements", importantUiElements, "areaInstance", Map( "address",               areaInstanceData, "playerRenderComponent", playerRenderComponent, "awakeEntities",         awakeEntities, "sleepingEntities",      sleepingEntities ) ) )
E:\ahk\poe2\GameHelper\AutoFlask.ahk (27) : [UpdateRadarFast] radarSnap := reader.ReadRadarSnapshot()
> Timer
E:\ahk\poe2\GameHelper\PoE2PlayerReader.ahk (632) : [PoE2PlayerReader.Prototype.BuildStatsSummaryFromPairs] If !inserted && (topAbs.Length < topAbsSize)
E:\ahk\poe2\GameHelper\PoE2PlayerReader.ahk (440) : [PoE2PlayerReader.Prototype.ReadPlayerStatsComponent] statsByBuffsSummary := this.BuildStatsSummaryFromPairs(statsByBuffs)
E:\ahk\poe2\GameHelper\PoE2PlayerReader.ahk (255) : [PoE2PlayerReader.Prototype.BuildVitalsResult] rage := this.ReadRageSnapshotFromStats(this.ReadPlayerStatsComponent(localPlayerPtr))
E:\ahk\poe2\GameHelper\PoE2PlayerReader.ahk (206) : [PoE2PlayerReader.Prototype.ReadPlayerVitals] Return this.BuildVitalsResult(localPlayerPtr, lifeByLookup, healthVital, manaVital, esVital, playerStatsComponent, 1)
E:\ahk\poe2\GameHelper\PoE2MemoryReader.ahk (1336) : [PoE2GameStateReader.Prototype.ReadAreaInstanceBasic] playerVitals := this.ReadPlayerVitals(localPlayerPtr)
E:\ahk\poe2\GameHelper\PoE2MemoryReader.ahk (1026) : [PoE2GameStateReader.Prototype.ReadInGameState] areaInstanceDetails := this.ReadAreaInstanceBasic(areaInstanceData)
E:\ahk\poe2\GameHelper\PoE2MemoryReader.ahk (762) : [PoE2GameStateReader.Prototype.ReadSnapshot] inGameStateData := this.ReadInGameState(inGameStateAddress)
E:\ahk\poe2\GameHelper\InGameStateMonitor.ahk (532) : [ReadAndShow] snapshot := autoFlaskPerformanceMode ? reader.ReadAutoFlaskSnapshot() : reader.ReadSnapshot()
> Timer

[2026-04-07 23:05:00] UpdateRadarFast | msg=This local variable has not been assigned a value. | line=1782 | extra=importantUiElements
E:\ahk\poe2\GameHelper\PoE2MemoryReader.ahk (1782) : [PoE2GameStateReader.Prototype.ReadRadarSnapshot] Return Map( "inGameState", Map( "address",             inGameStateAddress, "importantUiElements", importantUiElements, "areaInstance", Map( "address",               areaInstanceData, "playerRenderComponent", playerRenderComponent, "awakeEntities",         awakeEntities, "sleepingEntities",      sleepingEntities ) ) )
E:\ahk\poe2\GameHelper\AutoFlask.ahk (27) : [UpdateRadarFast] radarSnap := reader.ReadRadarSnapshot()
> Timer
E:\ahk\poe2\GameHelper\UIHelpers.ahk (170) : [UpdateActionButtonLabels] pid := ProcessExist("PathOfExileSteam.exe")
E:\ahk\poe2\GameHelper\InGameStateMonitor.ahk (563) : [ReadAndShow] UpdateActionButtonLabels()
> Timer

[2026-04-07 23:05:01] UpdateRadarFast | msg=This local variable has not been assigned a value. | line=1782 | extra=importantUiElements
E:\ahk\poe2\GameHelper\PoE2MemoryReader.ahk (1782) : [PoE2GameStateReader.Prototype.ReadRadarSnapshot] Return Map( "inGameState", Map( "address",             inGameStateAddress, "importantUiElements", importantUiElements, "areaInstance", Map( "address",               areaInstanceData, "playerRenderComponent", playerRenderComponent, "awakeEntities",         awakeEntities, "sleepingEntities",      sleepingEntities ) ) )
E:\ahk\poe2\GameHelper\AutoFlask.ahk (27) : [UpdateRadarFast] radarSnap := reader.ReadRadarSnapshot()
> Timer

[2026-04-07 23:05:01] UpdateRadarFast | msg=This local variable has not been assigned a value. | line=1782 | extra=importantUiElements
E:\ahk\poe2\GameHelper\PoE2MemoryReader.ahk (1782) : [PoE2GameStateReader.Prototype.ReadRadarSnapshot] Return Map( "inGameState", Map( "address",             inGameStateAddress, "importantUiElements", importantUiElements, "areaInstance", Map( "address",               areaInstanceData, "playerRenderComponent", playerRenderComponent, "awakeEntities",         awakeEntities, "sleepingEntities",      sleepingEntities ) ) )
E:\ahk\poe2\GameHelper\AutoFlask.ahk (27) : [UpdateRadarFast] radarSnap := reader.ReadRadarSnapshot()
> Timer

[2026-04-07 23:05:01] UpdateRadarFast | msg=This local variable has not been assigned a value. | line=1782 | extra=importantUiElements
E:\ahk\poe2\GameHelper\PoE2MemoryReader.ahk (1782) : [PoE2GameStateReader.Prototype.ReadRadarSnapshot] Return Map( "inGameState", Map( "address",             inGameStateAddress, "importantUiElements", importantUiElements, "areaInstance", Map( "address",               areaInstanceData, "playerRenderComponent", playerRenderComponent, "awakeEntities",         awakeEntities, "sleepingEntities",      sleepingEntities ) ) )
E:\ahk\poe2\GameHelper\AutoFlask.ahk (27) : [UpdateRadarFast] radarSnap := reader.ReadRadarSnapshot()
> Timer

[2026-04-07 23:05:01] UpdateRadarFast | msg=This local variable has not been assigned a value. | line=1782 | extra=importantUiElements
E:\ahk\poe2\GameHelper\PoE2MemoryReader.ahk (1782) : [PoE2GameStateReader.Prototype.ReadRadarSnapshot] Return Map( "inGameState", Map( "address",             inGameStateAddress, "importantUiElements", importantUiElements, "areaInstance", Map( "address",               areaInstanceData, "playerRenderComponent", playerRenderComponent, "awakeEntities",         awakeEntities, "sleepingEntities",      sleepingEntities ) ) )
E:\ahk\poe2\GameHelper\AutoFlask.ahk (27) : [UpdateRadarFast] radarSnap := reader.ReadRadarSnapshot()
> Timer
E:\ahk\poe2\GameHelper\ProcessMemory.ahk (141) : [ProcessMemory.Prototype.ReadBytes] buf := Buffer(size, 0)
E:\ahk\poe2\GameHelper\ProcessMemory.ahk (187) : [ProcessMemory.Prototype.ReadInt] buf := this.ReadBytes(address, 4)
E:\ahk\poe2\GameHelper\PoE2ComponentDecoders.ahk (562) : [PoE2ComponentDecoders.Prototype.ReadActorComponentSamples] activeSkills.Push(Map( "activeSkillDetailsPtr", detailsPtr, "useStage", this.Mem.ReadInt(detailsPtr + PoE2Offsets.ActiveSkillDetails["UseStage"]), "castType", this.Mem.ReadInt(detailsPtr + PoE2Offsets.ActiveSkillDetails["CastType"]), "unknownIdAndEquipmentInfo", this.Mem.ReadUInt(detailsPtr + PoE2Offsets.ActiveSkillDetails["UnknownIdAndEquipmentInfo"]), "totalUses", this.Mem.ReadInt(detailsPtr + PoE2Offsets.ActiveSkillDetails["TotalUses"]), "totalCooldownTimeInMs", this.Mem.ReadInt(detailsPtr + PoE2Offsets.ActiveSkillDetails["TotalCooldownTimeInMs"]) ))
E:\ahk\poe2\GameHelper\PoE2ComponentDecoders.ahk (515) : [PoE2ComponentDecoders.Prototype.DecodeActorComponentBasic] samples := this.ReadActorComponentSamples(componentPtr, activeSkillsCount, cooldownsCount, deployedCount, 6)
E:\ahk\poe2\GameHelper\PoE2EntityReader.ahk (705) : [PoE2EntityReader.Prototype.DecodeSampleEntityComponents] decodedData := this.DecodeActorComponentBasic(compAddr)
E:\ahk\poe2\GameHelper\PoE2EntityReader.ahk (593) : [PoE2EntityReader.Prototype.ReadEntityBasic] decodedComponents := this.DecodeSampleEntityComponents(components)
... 7 more
[2026-04-07 23:05:01] UpdateRadarFast | msg=This local variable has not been assigned a value. | line=1782 | extra=importantUiElements
E:\ahk\poe2\GameHelper\PoE2MemoryReader.ahk (1782) : [PoE2GameStateReader.Prototype.ReadRadarSnapshot] Return Map( "inGameState", Map( "address",             inGameStateAddress, "importantUiElements", importantUiElements, "areaInstance", Map( "address",               areaInstanceData, "playerRenderComponent", playerRenderComponent, "awakeEntities",         awakeEntities, "sleepingEntities",      sleepingEntities ) ) )
E:\ahk\poe2\GameHelper\AutoFlask.ahk (27) : [UpdateRadarFast] radarSnap := reader.ReadRadarSnapshot()
> Timer
E:\ahk\poe2\GameHelper\ProcessMemory.ahk (138) : [ProcessMemory.Prototype.ReadBytes] If (!this.Handle || !address || size <= 0)
E:\ahk\poe2\GameHelper\ProcessMemory.ahk (180) : [ProcessMemory.Prototype.ReadPtr] buf := this.ReadBytes(address, A_PtrSize)
E:\ahk\poe2\GameHelper\PoE2EntityReader.ahk (496) : [PoE2EntityReader.Prototype.DecodeEntityMapNodeEntry] rawPtr := this.Mem.ReadPtr(nodeAddress + PoE2Offsets.StdMapNode["ValueEntityPtr"])
E:\ahk\poe2\GameHelper\PoE2EntityReader.ahk (129) : [PoE2EntityReader.Prototype.CollectEntityMapCandidates] nodeEntry := this.DecodeEntityMapNodeEntry(node)
E:\ahk\poe2\GameHelper\PoE2EntityReader.ahk (49) : [PoE2EntityReader.Prototype.ReadAreaEntityMapSummary] candidates := this.CollectEntityMapCandidates(head, root, size, maxSample, playerOrigin)
E:\ahk\poe2\GameHelper\PoE2MemoryReader.ahk (1330) : [PoE2GameStateReader.Prototype.ReadAreaInstanceBasic] sleepingEntities := this.ReadAreaEntityMapSummary(sleepingMapAddress, sleepingLimit, playerOrigin)
E:\ahk\poe2\GameHelper\PoE2MemoryReader.ahk (1026) : [PoE2GameStateReader.Prototype.ReadInGameState] areaInstanceDetails := this.ReadAreaInstanceBasic(areaInstanceData)
E:\ahk\poe2\GameHelper\PoE2MemoryReader.ahk (762) : [PoE2GameStateReader.Prototype.ReadSnapshot] inGameStateData := this.ReadInGameState(inGameStateAddress)
E:\ahk\poe2\GameHelper\InGameStateMonitor.ahk (532) : [ReadAndShow] snapshot := autoFlaskPerformanceMode ? reader.ReadAutoFlaskSnapshot() : reader.ReadSnapshot()
... 1 more
[2026-04-07 23:05:01] UpdateRadarFast | msg=This local variable has not been assigned a value. | line=1782 | extra=importantUiElements
E:\ahk\poe2\GameHelper\PoE2MemoryReader.ahk (1782) : [PoE2GameStateReader.Prototype.ReadRadarSnapshot] Return Map( "inGameState", Map( "address",             inGameStateAddress, "importantUiElements", importantUiElements, "areaInstance", Map( "address",               areaInstanceData, "playerRenderComponent", playerRenderComponent, "awakeEntities",         awakeEntities, "sleepingEntities",      sleepingEntities ) ) )
E:\ahk\poe2\GameHelper\AutoFlask.ahk (27) : [UpdateRadarFast] radarSnap := reader.ReadRadarSnapshot()
> Timer
E:\ahk\poe2\GameHelper\ProcessMemory.ahk (138) : [ProcessMemory.Prototype.ReadBytes] If (!this.Handle || !address || size <= 0)
E:\ahk\poe2\GameHelper\ProcessMemory.ahk (180) : [ProcessMemory.Prototype.ReadPtr] buf := this.ReadBytes(address, A_PtrSize)
E:\ahk\poe2\GameHelper\PoE2ComponentDecoders.ahk (221) : [PoE2ComponentDecoders.Prototype.ReadEntityComponentLookupBasic] namePtr := this.Mem.ReadPtr(entryAddr + PoE2Offsets.ComponentLookupEntry["NamePtr"])
E:\ahk\poe2\GameHelper\PoE2EntityReader.ahk (891) : [PoE2EntityReader.Prototype.FindEntityComponentAddress] components := this.ReadEntityComponentLookupBasic(entityPtr, 96)
E:\ahk\poe2\GameHelper\PoE2PlayerReader.ahk (422) : [PoE2PlayerReader.Prototype.ReadPlayerStatsComponent] statsByLookup := this.FindEntityComponentAddress(localPlayerPtr, "Stats")
E:\ahk\poe2\GameHelper\PoE2PlayerReader.ahk (255) : [PoE2PlayerReader.Prototype.BuildVitalsResult] rage := this.ReadRageSnapshotFromStats(this.ReadPlayerStatsComponent(localPlayerPtr))
E:\ahk\poe2\GameHelper\PoE2PlayerReader.ahk (206) : [PoE2PlayerReader.Prototype.ReadPlayerVitals] Return this.BuildVitalsResult(localPlayerPtr, lifeByLookup, healthVital, manaVital, esVital, playerStatsComponent, 1)
E:\ahk\poe2\GameHelper\PoE2MemoryReader.ahk (1336) : [PoE2GameStateReader.Prototype.ReadAreaInstanceBasic] playerVitals := this.ReadPlayerVitals(localPlayerPtr)
... 4 more
[2026-04-07 23:05:02] UpdateRadarFast | msg=This local variable has not been assigned a value. | line=1782 | extra=importantUiElements
E:\ahk\poe2\GameHelper\PoE2MemoryReader.ahk (1782) : [PoE2GameStateReader.Prototype.ReadRadarSnapshot] Return Map( "inGameState", Map( "address",             inGameStateAddress, "importantUiElements", importantUiElements, "areaInstance", Map( "address",               areaInstanceData, "playerRenderComponent", playerRenderComponent, "awakeEntities",         awakeEntities, "sleepingEntities",      sleepingEntities ) ) )
E:\ahk\poe2\GameHelper\AutoFlask.ahk (27) : [UpdateRadarFast] radarSnap := reader.ReadRadarSnapshot()
> Timer
E:\ahk\poe2\GameHelper\TreeView_Rendering.ahk (197) : [ExtractEntityComponentNameSet] If !(comp && Type(comp) = "Map" && comp.Has("name"))
E:\ahk\poe2\GameHelper\TreeView_EntityScanner.ahk (631) : [CollectEntityScannerItems] componentNames := ExtractEntityComponentNameSet(entity)
E:\ahk\poe2\GameHelper\TreeView_EntityScanner.ahk (229) : [BuildNpcWatchIndex] CollectEntityScannerItems(scannerItems, awakeSample, "Awake", playerPos)
E:\ahk\poe2\GameHelper\TreeView_EntityScanner.ahk (28) : [UpdateOffsetTable] npcWatch := BuildNpcWatchIndex(snapshot, npcWatchRadius)
E:\ahk\poe2\GameHelper\InGameStateMonitor.ahk (616) : [ReadAndShow] UpdateOffsetTable(snapshot)
> Timer

[2026-04-07 23:05:02] UpdateRadarFast | msg=This local variable has not been assigned a value. | line=1782 | extra=importantUiElements
E:\ahk\poe2\GameHelper\PoE2MemoryReader.ahk (1782) : [PoE2GameStateReader.Prototype.ReadRadarSnapshot] Return Map( "inGameState", Map( "address",             inGameStateAddress, "importantUiElements", importantUiElements, "areaInstance", Map( "address",               areaInstanceData, "playerRenderComponent", playerRenderComponent, "awakeEntities",         awakeEntities, "sleepingEntities",      sleepingEntities ) ) )
E:\ahk\poe2\GameHelper\AutoFlask.ahk (27) : [UpdateRadarFast] radarSnap := reader.ReadRadarSnapshot()
> Timer

[2026-04-07 23:05:02] UpdateRadarFast | msg=This local variable has not been assigned a value. | line=1782 | extra=importantUiElements
E:\ahk\poe2\GameHelper\PoE2MemoryReader.ahk (1782) : [PoE2GameStateReader.Prototype.ReadRadarSnapshot] Return Map( "inGameState", Map( "address",             inGameStateAddress, "importantUiElements", importantUiElements, "areaInstance", Map( "address",               areaInstanceData, "playerRenderComponent", playerRenderComponent, "awakeEntities",         awakeEntities, "sleepingEntities",      sleepingEntities ) ) )
E:\ahk\poe2\GameHelper\AutoFlask.ahk (27) : [UpdateRadarFast] radarSnap := reader.ReadRadarSnapshot()
> Timer

[2026-04-07 23:05:02] UpdateRadarFast | msg=This local variable has not been assigned a value. | line=1782 | extra=importantUiElements
E:\ahk\poe2\GameHelper\PoE2MemoryReader.ahk (1782) : [PoE2GameStateReader.Prototype.ReadRadarSnapshot] Return Map( "inGameState", Map( "address",             inGameStateAddress, "importantUiElements", importantUiElements, "areaInstance", Map( "address",               areaInstanceData, "playerRenderComponent", playerRenderComponent, "awakeEntities",         awakeEntities, "sleepingEntities",      sleepingEntities ) ) )
E:\ahk\poe2\GameHelper\AutoFlask.ahk (27) : [UpdateRadarFast] radarSnap := reader.ReadRadarSnapshot()
> Timer

[2026-04-07 23:05:02] UpdateRadarFast | msg=This local variable has not been assigned a value. | line=1782 | extra=importantUiElements
E:\ahk\poe2\GameHelper\PoE2MemoryReader.ahk (1782) : [PoE2GameStateReader.Prototype.ReadRadarSnapshot] Return Map( "inGameState", Map( "address",             inGameStateAddress, "importantUiElements", importantUiElements, "areaInstance", Map( "address",               areaInstanceData, "playerRenderComponent", playerRenderComponent, "awakeEntities",         awakeEntities, "sleepingEntities",      sleepingEntities ) ) )
E:\ahk\poe2\GameHelper\AutoFlask.ahk (27) : [UpdateRadarFast] radarSnap := reader.ReadRadarSnapshot()
> Timer
E:\ahk\poe2\GameHelper\PoE2ComponentDecoders.ahk (994) : [PoE2InventoryReader.Prototype.ReadModArrayFromVector] implicitMods := this.ReadModArrayFromVector(componentPtr + allModsBaseOffset + (0x18 * 0), 12)
E:\ahk\poe2\GameHelper\PoE2ComponentDecoders.ahk (994) : [PoE2ComponentDecoders.Prototype.ReadModsSummaryAt] implicitMods := this.ReadModArrayFromVector(componentPtr + allModsBaseOffset + (0x18 * 0), 12)
E:\ahk\poe2\GameHelper\PoE2ComponentDecoders.ahk (979) : [PoE2ComponentDecoders.Prototype.DecodeObjectMagicPropertiesComponentBasic] summary := this.ReadModsSummaryAt(componentPtr, PoE2Offsets.ObjectMagicProperties["AllMods"], componentPtr + PoE2Offsets.ObjectMagicProperties["StatsFromMods"])
E:\ahk\poe2\GameHelper\PoE2EntityReader.ahk (750) : [PoE2EntityReader.Prototype.DecodeSampleEntityComponents] decodedData := this.DecodeObjectMagicPropertiesComponentBasic(compAddr)
E:\ahk\poe2\GameHelper\PoE2EntityReader.ahk (593) : [PoE2EntityReader.Prototype.ReadEntityBasic] decodedComponents := this.DecodeSampleEntityComponents(components)
E:\ahk\poe2\GameHelper\PoE2EntityReader.ahk (139) : [PoE2EntityReader.Prototype.CollectEntityMapCandidates] entityBasic := this.ReadEntityBasic(entityPtr, entityId)
E:\ahk\poe2\GameHelper\PoE2EntityReader.ahk (49) : [PoE2EntityReader.Prototype.ReadAreaEntityMapSummary] candidates := this.CollectEntityMapCandidates(head, root, size, maxSample, playerOrigin)
... 5 more
[2026-04-07 23:05:02] UpdateRadarFast | msg=This local variable has not been assigned a value. | line=1782 | extra=importantUiElements
E:\ahk\poe2\GameHelper\PoE2MemoryReader.ahk (1782) : [PoE2GameStateReader.Prototype.ReadRadarSnapshot] Return Map( "inGameState", Map( "address",             inGameStateAddress, "importantUiElements", importantUiElements, "areaInstance", Map( "address",               areaInstanceData, "playerRenderComponent", playerRenderComponent, "awakeEntities",         awakeEntities, "sleepingEntities",      sleepingEntities ) ) )
E:\ahk\poe2\GameHelper\AutoFlask.ahk (27) : [UpdateRadarFast] radarSnap := reader.ReadRadarSnapshot()
> Timer
E:\ahk\poe2\GameHelper\ProcessMemory.ahk (138) : [ProcessMemory.Prototype.ReadBytes] If (!this.Handle || !address || size <= 0)
E:\ahk\poe2\GameHelper\ProcessMemory.ahk (180) : [ProcessMemory.Prototype.ReadPtr] buf := this.ReadBytes(address, A_PtrSize)
E:\ahk\poe2\GameHelper\PoE2EntityReader.ahk (496) : [PoE2EntityReader.Prototype.DecodeEntityMapNodeEntry] rawPtr := this.Mem.ReadPtr(nodeAddress + PoE2Offsets.StdMapNode["ValueEntityPtr"])
E:\ahk\poe2\GameHelper\PoE2EntityReader.ahk (129) : [PoE2EntityReader.Prototype.CollectEntityMapCandidates] nodeEntry := this.DecodeEntityMapNodeEntry(node)
E:\ahk\poe2\GameHelper\PoE2EntityReader.ahk (49) : [PoE2EntityReader.Prototype.ReadAreaEntityMapSummary] candidates := this.CollectEntityMapCandidates(head, root, size, maxSample, playerOrigin)
E:\ahk\poe2\GameHelper\PoE2MemoryReader.ahk (1330) : [PoE2GameStateReader.Prototype.ReadAreaInstanceBasic] sleepingEntities := this.ReadAreaEntityMapSummary(sleepingMapAddress, sleepingLimit, playerOrigin)
E:\ahk\poe2\GameHelper\PoE2MemoryReader.ahk (1026) : [PoE2GameStateReader.Prototype.ReadInGameState] areaInstanceDetails := this.ReadAreaInstanceBasic(areaInstanceData)
E:\ahk\poe2\GameHelper\PoE2MemoryReader.ahk (762) : [PoE2GameStateReader.Prototype.ReadSnapshot] inGameStateData := this.ReadInGameState(inGameStateAddress)
E:\ahk\poe2\GameHelper\InGameStateMonitor.ahk (532) : [ReadAndShow] snapshot := autoFlaskPerformanceMode ? reader.ReadAutoFlaskSnapshot() : reader.ReadSnapshot()
... 1 more
[2026-04-07 23:05:02] UpdateRadarFast | msg=This local variable has not been assigned a value. | line=1782 | extra=importantUiElements
E:\ahk\poe2\GameHelper\PoE2MemoryReader.ahk (1782) : [PoE2GameStateReader.Prototype.ReadRadarSnapshot] Return Map( "inGameState", Map( "address",             inGameStateAddress, "importantUiElements", importantUiElements, "areaInstance", Map( "address",               areaInstanceData, "playerRenderComponent", playerRenderComponent, "awakeEntities",         awakeEntities, "sleepingEntities",      sleepingEntities ) ) )
E:\ahk\poe2\GameHelper\AutoFlask.ahk (27) : [UpdateRadarFast] radarSnap := reader.ReadRadarSnapshot()
> Timer
E:\ahk\poe2\GameHelper\PoE2ComponentDecoders.ahk (22) : [PoE2ComponentDecoders.Prototype.ReadNarrowString] If (!buf || Type(buf) != "Buffer" || buf.Size = 0)
E:\ahk\poe2\GameHelper\PoE2ComponentDecoders.ahk (229) : [PoE2ComponentDecoders.Prototype.ReadEntityComponentLookupBasic] compName := this.ReadNarrowString(namePtr, 96)
E:\ahk\poe2\GameHelper\PoE2PlayerReader.ahk (974) : [PoE2PlayerReader.Prototype.ReadPlayerChargesComponent] namedComponents := this.ReadEntityComponentLookupBasic(localPlayerPtr, 128)
E:\ahk\poe2\GameHelper\PoE2MemoryReader.ahk (1340) : [PoE2GameStateReader.Prototype.ReadAreaInstanceBasic] playerChargesComponent := this.ReadPlayerChargesComponent(localPlayerPtr)
E:\ahk\poe2\GameHelper\PoE2MemoryReader.ahk (1026) : [PoE2GameStateReader.Prototype.ReadInGameState] areaInstanceDetails := this.ReadAreaInstanceBasic(areaInstanceData)
E:\ahk\poe2\GameHelper\PoE2MemoryReader.ahk (762) : [PoE2GameStateReader.Prototype.ReadSnapshot] inGameStateData := this.ReadInGameState(inGameStateAddress)
E:\ahk\poe2\GameHelper\InGameStateMonitor.ahk (532) : [ReadAndShow] snapshot := autoFlaskPerformanceMode ? reader.ReadAutoFlaskSnapshot() : reader.ReadSnapshot()
> Timer

[2026-04-07 23:05:03] UpdateRadarFast | msg=This local variable has not been assigned a value. | line=1782 | extra=importantUiElements
E:\ahk\poe2\GameHelper\PoE2MemoryReader.ahk (1782) : [PoE2GameStateReader.Prototype.ReadRadarSnapshot] Return Map( "inGameState", Map( "address",             inGameStateAddress, "importantUiElements", importantUiElements, "areaInstance", Map( "address",               areaInstanceData, "playerRenderComponent", playerRenderComponent, "awakeEntities",         awakeEntities, "sleepingEntities",      sleepingEntities ) ) )
E:\ahk\poe2\GameHelper\AutoFlask.ahk (27) : [UpdateRadarFast] radarSnap := reader.ReadRadarSnapshot()
> Timer

[2026-04-07 23:05:03] UpdateRadarFast | msg=This local variable has not been assigned a value. | line=1782 | extra=importantUiElements
E:\ahk\poe2\GameHelper\PoE2MemoryReader.ahk (1782) : [PoE2GameStateReader.Prototype.ReadRadarSnapshot] Return Map( "inGameState", Map( "address",             inGameStateAddress, "importantUiElements", importantUiElements, "areaInstance", Map( "address",               areaInstanceData, "playerRenderComponent", playerRenderComponent, "awakeEntities",         awakeEntities, "sleepingEntities",      sleepingEntities ) ) )
E:\ahk\poe2\GameHelper\AutoFlask.ahk (27) : [UpdateRadarFast] radarSnap := reader.ReadRadarSnapshot()
> Timer

[2026-04-07 23:05:03] UpdateRadarFast | msg=This local variable has not been assigned a value. | line=1782 | extra=importantUiElements
E:\ahk\poe2\GameHelper\PoE2MemoryReader.ahk (1782) : [PoE2GameStateReader.Prototype.ReadRadarSnapshot] Return Map( "inGameState", Map( "address",             inGameStateAddress, "importantUiElements", importantUiElements, "areaInstance", Map( "address",               areaInstanceData, "playerRenderComponent", playerRenderComponent, "awakeEntities",         awakeEntities, "sleepingEntities",      sleepingEntities ) ) )
E:\ahk\poe2\GameHelper\AutoFlask.ahk (27) : [UpdateRadarFast] radarSnap := reader.ReadRadarSnapshot()
> Timer

[2026-04-07 23:05:03] UpdateRadarFast | msg=This local variable has not been assigned a value. | line=1782 | extra=importantUiElements
E:\ahk\poe2\GameHelper\PoE2MemoryReader.ahk (1782) : [PoE2GameStateReader.Prototype.ReadRadarSnapshot] Return Map( "inGameState", Map( "address",             inGameStateAddress, "importantUiElements", importantUiElements, "areaInstance", Map( "address",               areaInstanceData, "playerRenderComponent", playerRenderComponent, "awakeEntities",         awakeEntities, "sleepingEntities",      sleepingEntities ) ) )
E:\ahk\poe2\GameHelper\AutoFlask.ahk (27) : [UpdateRadarFast] radarSnap := reader.ReadRadarSnapshot()
> Timer

[2026-04-07 23:05:03] UpdateRadarFast | msg=This local variable has not been assigned a value. | line=1782 | extra=importantUiElements
E:\ahk\poe2\GameHelper\PoE2MemoryReader.ahk (1782) : [PoE2GameStateReader.Prototype.ReadRadarSnapshot] Return Map( "inGameState", Map( "address",             inGameStateAddress, "importantUiElements", importantUiElements, "areaInstance", Map( "address",               areaInstanceData, "playerRenderComponent", playerRenderComponent, "awakeEntities",         awakeEntities, "sleepingEntities",      sleepingEntities ) ) )
E:\ahk\poe2\GameHelper\AutoFlask.ahk (27) : [UpdateRadarFast] radarSnap := reader.ReadRadarSnapshot()
> Timer
E:\ahk\poe2\GameHelper\PoE2EntityReader.ahk (677) : [PoE2ComponentDecoders.Prototype.ComponentNameMatches] If this.ComponentNameMatches(compName, "Chest")
E:\ahk\poe2\GameHelper\PoE2EntityReader.ahk (677) : [PoE2EntityReader.Prototype.DecodeSampleEntityComponents] If this.ComponentNameMatches(compName, "Chest")
E:\ahk\poe2\GameHelper\PoE2EntityReader.ahk (593) : [PoE2EntityReader.Prototype.ReadEntityBasic] decodedComponents := this.DecodeSampleEntityComponents(components)
E:\ahk\poe2\GameHelper\PoE2EntityReader.ahk (139) : [PoE2EntityReader.Prototype.CollectEntityMapCandidates] entityBasic := this.ReadEntityBasic(entityPtr, entityId)
E:\ahk\poe2\GameHelper\PoE2EntityReader.ahk (49) : [PoE2EntityReader.Prototype.ReadAreaEntityMapSummary] candidates := this.CollectEntityMapCandidates(head, root, size, maxSample, playerOrigin)
E:\ahk\poe2\GameHelper\PoE2MemoryReader.ahk (1329) : [PoE2GameStateReader.Prototype.ReadAreaInstanceBasic] awakeEntities := this.ReadAreaEntityMapSummary(awakeMapAddress, awakeLimit, playerOrigin)
E:\ahk\poe2\GameHelper\PoE2MemoryReader.ahk (1026) : [PoE2GameStateReader.Prototype.ReadInGameState] areaInstanceDetails := this.ReadAreaInstanceBasic(areaInstanceData)
E:\ahk\poe2\GameHelper\PoE2MemoryReader.ahk (762) : [PoE2GameStateReader.Prototype.ReadSnapshot] inGameStateData := this.ReadInGameState(inGameStateAddress)
... 2 more
[2026-04-07 23:05:03] UpdateRadarFast | msg=This local variable has not been assigned a value. | line=1782 | extra=importantUiElements
E:\ahk\poe2\GameHelper\PoE2MemoryReader.ahk (1782) : [PoE2GameStateReader.Prototype.ReadRadarSnapshot] Return Map( "inGameState", Map( "address",             inGameStateAddress, "importantUiElements", importantUiElements, "areaInstance", Map( "address",               areaInstanceData, "playerRenderComponent", playerRenderComponent, "awakeEntities",         awakeEntities, "sleepingEntities",      sleepingEntities ) ) )
E:\ahk\poe2\GameHelper\AutoFlask.ahk (27) : [UpdateRadarFast] radarSnap := reader.ReadRadarSnapshot()
> Timer
E:\ahk\poe2\GameHelper\PoE2PlayerReader.ahk (530) : [PoE2PlayerReader.Prototype.ReadStatsPairsFromStatsInternal] value := this.Mem.ReadInt(addr + PoE2Offsets.StatPair["Value"])
E:\ahk\poe2\GameHelper\PoE2PlayerReader.ahk (438) : [PoE2PlayerReader.Prototype.ReadPlayerStatsComponent] statsByBuffs := this.ReadStatsPairsFromStatsInternal(statsByBuffPtr)
E:\ahk\poe2\GameHelper\PoE2PlayerReader.ahk (255) : [PoE2PlayerReader.Prototype.BuildVitalsResult] rage := this.ReadRageSnapshotFromStats(this.ReadPlayerStatsComponent(localPlayerPtr))
E:\ahk\poe2\GameHelper\PoE2PlayerReader.ahk (206) : [PoE2PlayerReader.Prototype.ReadPlayerVitals] Return this.BuildVitalsResult(localPlayerPtr, lifeByLookup, healthVital, manaVital, esVital, playerStatsComponent, 1)
E:\ahk\poe2\GameHelper\PoE2MemoryReader.ahk (1336) : [PoE2GameStateReader.Prototype.ReadAreaInstanceBasic] playerVitals := this.ReadPlayerVitals(localPlayerPtr)
E:\ahk\poe2\GameHelper\PoE2MemoryReader.ahk (1026) : [PoE2GameStateReader.Prototype.ReadInGameState] areaInstanceDetails := this.ReadAreaInstanceBasic(areaInstanceData)
E:\ahk\poe2\GameHelper\PoE2MemoryReader.ahk (762) : [PoE2GameStateReader.Prototype.ReadSnapshot] inGameStateData := this.ReadInGameState(inGameStateAddress)
E:\ahk\poe2\GameHelper\InGameStateMonitor.ahk (532) : [ReadAndShow] snapshot := autoFlaskPerformanceMode ? reader.ReadAutoFlaskSnapshot() : reader.ReadSnapshot()
> Timer

[2026-04-07 23:05:03] UpdateRadarFast | msg=This local variable has not been assigned a value. | line=1782 | extra=importantUiElements
E:\ahk\poe2\GameHelper\PoE2MemoryReader.ahk (1782) : [PoE2GameStateReader.Prototype.ReadRadarSnapshot] Return Map( "inGameState", Map( "address",             inGameStateAddress, "importantUiElements", importantUiElements, "areaInstance", Map( "address",               areaInstanceData, "playerRenderComponent", playerRenderComponent, "awakeEntities",         awakeEntities, "sleepingEntities",      sleepingEntities ) ) )
E:\ahk\poe2\GameHelper\AutoFlask.ahk (27) : [UpdateRadarFast] radarSnap := reader.ReadRadarSnapshot()
> Timer
E:\ahk\poe2\GameHelper\PoE2ComponentDecoders.ahk (18) : [PoE2ComponentDecoders.Prototype.IsProbablyValidPointer] If !this.IsProbablyValidPointer(address) || maxBytes <= 0
E:\ahk\poe2\GameHelper\PoE2ComponentDecoders.ahk (18) : [PoE2ComponentDecoders.Prototype.ReadNarrowString] If !this.IsProbablyValidPointer(address) || maxBytes <= 0
E:\ahk\poe2\GameHelper\PoE2ComponentDecoders.ahk (229) : [PoE2ComponentDecoders.Prototype.ReadEntityComponentLookupBasic] compName := this.ReadNarrowString(namePtr, 96)
E:\ahk\poe2\GameHelper\PoE2EntityReader.ahk (891) : [PoE2EntityReader.Prototype.FindEntityComponentAddress] components := this.ReadEntityComponentLookupBasic(entityPtr, 96)
E:\ahk\poe2\GameHelper\PoE2PlayerReader.ahk (966) : [PoE2PlayerReader.Prototype.ReadPlayerChargesComponent] chargesByLookup := this.FindEntityComponentAddress(localPlayerPtr, "Charges", ["Charge", "FlaskCharges"])
E:\ahk\poe2\GameHelper\PoE2MemoryReader.ahk (1340) : [PoE2GameStateReader.Prototype.ReadAreaInstanceBasic] playerChargesComponent := this.ReadPlayerChargesComponent(localPlayerPtr)
E:\ahk\poe2\GameHelper\PoE2MemoryReader.ahk (1026) : [PoE2GameStateReader.Prototype.ReadInGameState] areaInstanceDetails := this.ReadAreaInstanceBasic(areaInstanceData)
E:\ahk\poe2\GameHelper\PoE2MemoryReader.ahk (762) : [PoE2GameStateReader.Prototype.ReadSnapshot] inGameStateData := this.ReadInGameState(inGameStateAddress)
... 2 more
[2026-04-07 23:05:04] UpdateRadarFast | msg=This local variable has not been assigned a value. | line=1782 | extra=importantUiElements
E:\ahk\poe2\GameHelper\PoE2MemoryReader.ahk (1782) : [PoE2GameStateReader.Prototype.ReadRadarSnapshot] Return Map( "inGameState", Map( "address",             inGameStateAddress, "importantUiElements", importantUiElements, "areaInstance", Map( "address",               areaInstanceData, "playerRenderComponent", playerRenderComponent, "awakeEntities",         awakeEntities, "sleepingEntities",      sleepingEntities ) ) )
E:\ahk\poe2\GameHelper\AutoFlask.ahk (27) : [UpdateRadarFast] radarSnap := reader.ReadRadarSnapshot()
> Timer

[2026-04-07 23:05:04] UpdateRadarFast | msg=This local variable has not been assigned a value. | line=1782 | extra=importantUiElements
E:\ahk\poe2\GameHelper\PoE2MemoryReader.ahk (1782) : [PoE2GameStateReader.Prototype.ReadRadarSnapshot] Return Map( "inGameState", Map( "address",             inGameStateAddress, "importantUiElements", importantUiElements, "areaInstance", Map( "address",               areaInstanceData, "playerRenderComponent", playerRenderComponent, "awakeEntities",         awakeEntities, "sleepingEntities",      sleepingEntities ) ) )
E:\ahk\poe2\GameHelper\AutoFlask.ahk (27) : [UpdateRadarFast] radarSnap := reader.ReadRadarSnapshot()
> Timer

[2026-04-07 23:05:04] UpdateRadarFast | msg=This local variable has not been assigned a value. | line=1782 | extra=importantUiElements
E:\ahk\poe2\GameHelper\PoE2MemoryReader.ahk (1782) : [PoE2GameStateReader.Prototype.ReadRadarSnapshot] Return Map( "inGameState", Map( "address",             inGameStateAddress, "importantUiElements", importantUiElements, "areaInstance", Map( "address",               areaInstanceData, "playerRenderComponent", playerRenderComponent, "awakeEntities",         awakeEntities, "sleepingEntities",      sleepingEntities ) ) )
E:\ahk\poe2\GameHelper\AutoFlask.ahk (27) : [UpdateRadarFast] radarSnap := reader.ReadRadarSnapshot()
> Timer

[2026-04-07 23:05:04] UpdateRadarFast | msg=This local variable has not been assigned a value. | line=1782 | extra=importantUiElements
E:\ahk\poe2\GameHelper\PoE2MemoryReader.ahk (1782) : [PoE2GameStateReader.Prototype.ReadRadarSnapshot] Return Map( "inGameState", Map( "address",             inGameStateAddress, "importantUiElements", importantUiElements, "areaInstance", Map( "address",               areaInstanceData, "playerRenderComponent", playerRenderComponent, "awakeEntities",         awakeEntities, "sleepingEntities",      sleepingEntities ) ) )
E:\ahk\poe2\GameHelper\AutoFlask.ahk (27) : [UpdateRadarFast] radarSnap := reader.ReadRadarSnapshot()
> Timer

[2026-04-07 23:05:04] UpdateRadarFast | msg=This local variable has not been assigned a value. | line=1782 | extra=importantUiElements
E:\ahk\poe2\GameHelper\PoE2MemoryReader.ahk (1782) : [PoE2GameStateReader.Prototype.ReadRadarSnapshot] Return Map( "inGameState", Map( "address",             inGameStateAddress, "importantUiElements", importantUiElements, "areaInstance", Map( "address",               areaInstanceData, "playerRenderComponent", playerRenderComponent, "awakeEntities",         awakeEntities, "sleepingEntities",      sleepingEntities ) ) )
E:\ahk\poe2\GameHelper\AutoFlask.ahk (27) : [UpdateRadarFast] radarSnap := reader.ReadRadarSnapshot()
> Timer
E:\ahk\poe2\GameHelper\ProcessMemory.ahk (143) : [ProcessMemory.Prototype.ReadBytes] success := DllCall("ReadProcessMemory", "Ptr", this.Handle, "Ptr", address, "Ptr", buf.Ptr, "UPtr", size, "UPtr*", bytesRead, "Int")
E:\ahk\poe2\GameHelper\ProcessMemory.ahk (194) : [ProcessMemory.Prototype.ReadInt64] buf := this.ReadBytes(address, 8)
E:\ahk\poe2\GameHelper\PoE2EntityReader.ahk (923) : [PoE2EntityReader.Prototype.IsPlausibleEntityPointer] compVecFirst := this.Mem.ReadInt64(entityPtr + PoE2Offsets.Entity["ComponentsVec"])
E:\ahk\poe2\GameHelper\PoE2EntityReader.ahk (979) : [PoE2EntityReader.Prototype.ResolveEntityPointer] If this.IsPlausibleEntityPointer(candidate)
E:\ahk\poe2\GameHelper\PoE2EntityReader.ahk (497) : [PoE2EntityReader.Prototype.DecodeEntityMapNodeEntry] entityPtr := this.ResolveEntityPointer(rawPtr)
E:\ahk\poe2\GameHelper\PoE2EntityReader.ahk (129) : [PoE2EntityReader.Prototype.CollectEntityMapCandidates] nodeEntry := this.DecodeEntityMapNodeEntry(node)
E:\ahk\poe2\GameHelper\PoE2EntityReader.ahk (49) : [PoE2EntityReader.Prototype.ReadAreaEntityMapSummary] candidates := this.CollectEntityMapCandidates(head, root, size, maxSample, playerOrigin)
E:\ahk\poe2\GameHelper\PoE2MemoryReader.ahk (1330) : [PoE2GameStateReader.Prototype.ReadAreaInstanceBasic] sleepingEntities := this.ReadAreaEntityMapSummary(sleepingMapAddress, sleepingLimit, playerOrigin)
... 4 more
[2026-04-07 23:05:04] UpdateRadarFast | msg=This local variable has not been assigned a value. | line=1782 | extra=importantUiElements
E:\ahk\poe2\GameHelper\PoE2MemoryReader.ahk (1782) : [PoE2GameStateReader.Prototype.ReadRadarSnapshot] Return Map( "inGameState", Map( "address",             inGameStateAddress, "importantUiElements", importantUiElements, "areaInstance", Map( "address",               areaInstanceData, "playerRenderComponent", playerRenderComponent, "awakeEntities",         awakeEntities, "sleepingEntities",      sleepingEntities ) ) )
E:\ahk\poe2\GameHelper\AutoFlask.ahk (27) : [UpdateRadarFast] radarSnap := reader.ReadRadarSnapshot()
> Timer
E:\ahk\poe2\GameHelper\ProcessMemory.ahk (143) : [ProcessMemory.Prototype.ReadBytes] success := DllCall("ReadProcessMemory", "Ptr", this.Handle, "Ptr", address, "Ptr", buf.Ptr, "UPtr", size, "UPtr*", bytesRead, "Int")
E:\ahk\poe2\GameHelper\ProcessMemory.ahk (187) : [ProcessMemory.Prototype.ReadInt] buf := this.ReadBytes(address, 4)
E:\ahk\poe2\GameHelper\PoE2PlayerReader.ahk (530) : [PoE2PlayerReader.Prototype.ReadStatsPairsFromStatsInternal] value := this.Mem.ReadInt(addr + PoE2Offsets.StatPair["Value"])
E:\ahk\poe2\GameHelper\PoE2PlayerReader.ahk (437) : [PoE2PlayerReader.Prototype.ReadPlayerStatsComponent] statsByItems := this.ReadStatsPairsFromStatsInternal(statsByItemsPtr)
E:\ahk\poe2\GameHelper\PoE2PlayerReader.ahk (261) : [PoE2PlayerReader.Prototype.BuildVitalsResult] spirit := this.ReadSpiritSnapshotFromStats(this.ReadPlayerStatsComponent(localPlayerPtr), statShift)
E:\ahk\poe2\GameHelper\PoE2PlayerReader.ahk (206) : [PoE2PlayerReader.Prototype.ReadPlayerVitals] Return this.BuildVitalsResult(localPlayerPtr, lifeByLookup, healthVital, manaVital, esVital, playerStatsComponent, 1)
E:\ahk\poe2\GameHelper\PoE2MemoryReader.ahk (1336) : [PoE2GameStateReader.Prototype.ReadAreaInstanceBasic] playerVitals := this.ReadPlayerVitals(localPlayerPtr)
E:\ahk\poe2\GameHelper\PoE2MemoryReader.ahk (1026) : [PoE2GameStateReader.Prototype.ReadInGameState] areaInstanceDetails := this.ReadAreaInstanceBasic(areaInstanceData)
... 3 more
[2026-04-07 23:05:04] UpdateRadarFast | msg=This local variable has not been assigned a value. | line=1782 | extra=importantUiElements
E:\ahk\poe2\GameHelper\PoE2MemoryReader.ahk (1782) : [PoE2GameStateReader.Prototype.ReadRadarSnapshot] Return Map( "inGameState", Map( "address",             inGameStateAddress, "importantUiElements", importantUiElements, "areaInstance", Map( "address",               areaInstanceData, "playerRenderComponent", playerRenderComponent, "awakeEntities",         awakeEntities, "sleepingEntities",      sleepingEntities ) ) )
E:\ahk\poe2\GameHelper\AutoFlask.ahk (27) : [UpdateRadarFast] radarSnap := reader.ReadRadarSnapshot()
> Timer
E:\ahk\poe2\GameHelper\UIHelpers.ahk (170) : [UpdateActionButtonLabels] pid := ProcessExist("PathOfExileSteam.exe")
E:\ahk\poe2\GameHelper\InGameStateMonitor.ahk (563) : [ReadAndShow] UpdateActionButtonLabels()
> Timer

[2026-04-07 23:05:05] UpdateRadarFast | msg=This local variable has not been assigned a value. | line=1782 | extra=importantUiElements
E:\ahk\poe2\GameHelper\PoE2MemoryReader.ahk (1782) : [PoE2GameStateReader.Prototype.ReadRadarSnapshot] Return Map( "inGameState", Map( "address",             inGameStateAddress, "importantUiElements", importantUiElements, "areaInstance", Map( "address",               areaInstanceData, "playerRenderComponent", playerRenderComponent, "awakeEntities",         awakeEntities, "sleepingEntities",      sleepingEntities ) ) )
E:\ahk\poe2\GameHelper\AutoFlask.ahk (27) : [UpdateRadarFast] radarSnap := reader.ReadRadarSnapshot()
> Timer

[2026-04-07 23:05:05] UpdateRadarFast | msg=This local variable has not been assigned a value. | line=1782 | extra=importantUiElements
E:\ahk\poe2\GameHelper\PoE2MemoryReader.ahk (1782) : [PoE2GameStateReader.Prototype.ReadRadarSnapshot] Return Map( "inGameState", Map( "address",             inGameStateAddress, "importantUiElements", importantUiElements, "areaInstance", Map( "address",               areaInstanceData, "playerRenderComponent", playerRenderComponent, "awakeEntities",         awakeEntities, "sleepingEntities",      sleepingEntities ) ) )
E:\ahk\poe2\GameHelper\AutoFlask.ahk (27) : [UpdateRadarFast] radarSnap := reader.ReadRadarSnapshot()
> Timer

[2026-04-07 23:05:05] UpdateRadarFast | msg=This local variable has not been assigned a value. | line=1782 | extra=importantUiElements
E:\ahk\poe2\GameHelper\PoE2MemoryReader.ahk (1782) : [PoE2GameStateReader.Prototype.ReadRadarSnapshot] Return Map( "inGameState", Map( "address",             inGameStateAddress, "importantUiElements", importantUiElements, "areaInstance", Map( "address",               areaInstanceData, "playerRenderComponent", playerRenderComponent, "awakeEntities",         awakeEntities, "sleepingEntities",      sleepingEntities ) ) )
E:\ahk\poe2\GameHelper\AutoFlask.ahk (27) : [UpdateRadarFast] radarSnap := reader.ReadRadarSnapshot()
> Timer

[2026-04-07 23:05:05] UpdateRadarFast | msg=This local variable has not been assigned a value. | line=1782 | extra=importantUiElements
E:\ahk\poe2\GameHelper\PoE2MemoryReader.ahk (1782) : [PoE2GameStateReader.Prototype.ReadRadarSnapshot] Return Map( "inGameState", Map( "address",             inGameStateAddress, "importantUiElements", importantUiElements, "areaInstance", Map( "address",               areaInstanceData, "playerRenderComponent", playerRenderComponent, "awakeEntities",         awakeEntities, "sleepingEntities",      sleepingEntities ) ) )
E:\ahk\poe2\GameHelper\AutoFlask.ahk (27) : [UpdateRadarFast] radarSnap := reader.ReadRadarSnapshot()
> Timer
E:\ahk\poe2\GameHelper\PoE2ComponentDecoders.ahk (236) : [PoE2ComponentDecoders.Prototype.ReadEntityComponentLookupBasic] If !seenNames.Has(key)
E:\ahk\poe2\GameHelper\PoE2EntityReader.ahk (576) : [PoE2EntityReader.Prototype.ReadEntityBasic] components := this.ReadEntityComponentLookupBasic(entityPtr, this._radarMode ? 64 : 48)
E:\ahk\poe2\GameHelper\PoE2EntityReader.ahk (139) : [PoE2EntityReader.Prototype.CollectEntityMapCandidates] entityBasic := this.ReadEntityBasic(entityPtr, entityId)
E:\ahk\poe2\GameHelper\PoE2EntityReader.ahk (49) : [PoE2EntityReader.Prototype.ReadAreaEntityMapSummary] candidates := this.CollectEntityMapCandidates(head, root, size, maxSample, playerOrigin)
E:\ahk\poe2\GameHelper\PoE2MemoryReader.ahk (1329) : [PoE2GameStateReader.Prototype.ReadAreaInstanceBasic] awakeEntities := this.ReadAreaEntityMapSummary(awakeMapAddress, awakeLimit, playerOrigin)
E:\ahk\poe2\GameHelper\PoE2MemoryReader.ahk (1026) : [PoE2GameStateReader.Prototype.ReadInGameState] areaInstanceDetails := this.ReadAreaInstanceBasic(areaInstanceData)
E:\ahk\poe2\GameHelper\PoE2MemoryReader.ahk (762) : [PoE2GameStateReader.Prototype.ReadSnapshot] inGameStateData := this.ReadInGameState(inGameStateAddress)
E:\ahk\poe2\GameHelper\InGameStateMonitor.ahk (532) : [ReadAndShow] snapshot := autoFlaskPerformanceMode ? reader.ReadAutoFlaskSnapshot() : reader.ReadSnapshot()
> Timer

[2026-04-07 23:05:05] UpdateRadarFast | msg=This local variable has not been assigned a value. | line=1782 | extra=importantUiElements
E:\ahk\poe2\GameHelper\PoE2MemoryReader.ahk (1782) : [PoE2GameStateReader.Prototype.ReadRadarSnapshot] Return Map( "inGameState", Map( "address",             inGameStateAddress, "importantUiElements", importantUiElements, "areaInstance", Map( "address",               areaInstanceData, "playerRenderComponent", playerRenderComponent, "awakeEntities",         awakeEntities, "sleepingEntities",      sleepingEntities ) ) )
E:\ahk\poe2\GameHelper\AutoFlask.ahk (27) : [UpdateRadarFast] radarSnap := reader.ReadRadarSnapshot()
> Timer
E:\ahk\poe2\GameHelper\PoE2EntityReader.ahk (956) : [PoE2EntityReader.Prototype.ResolveEntityPointer] p0 := this.Mem.ReadPtr(rawPtr)
E:\ahk\poe2\GameHelper\PoE2EntityReader.ahk (497) : [PoE2EntityReader.Prototype.DecodeEntityMapNodeEntry] entityPtr := this.ResolveEntityPointer(rawPtr)
E:\ahk\poe2\GameHelper\PoE2EntityReader.ahk (129) : [PoE2EntityReader.Prototype.CollectEntityMapCandidates] nodeEntry := this.DecodeEntityMapNodeEntry(node)
E:\ahk\poe2\GameHelper\PoE2EntityReader.ahk (49) : [PoE2EntityReader.Prototype.ReadAreaEntityMapSummary] candidates := this.CollectEntityMapCandidates(head, root, size, maxSample, playerOrigin)
E:\ahk\poe2\GameHelper\PoE2MemoryReader.ahk (1330) : [PoE2GameStateReader.Prototype.ReadAreaInstanceBasic] sleepingEntities := this.ReadAreaEntityMapSummary(sleepingMapAddress, sleepingLimit, playerOrigin)
E:\ahk\poe2\GameHelper\PoE2MemoryReader.ahk (1026) : [PoE2GameStateReader.Prototype.ReadInGameState] areaInstanceDetails := this.ReadAreaInstanceBasic(areaInstanceData)
E:\ahk\poe2\GameHelper\PoE2MemoryReader.ahk (762) : [PoE2GameStateReader.Prototype.ReadSnapshot] inGameStateData := this.ReadInGameState(inGameStateAddress)
E:\ahk\poe2\GameHelper\InGameStateMonitor.ahk (532) : [ReadAndShow] snapshot := autoFlaskPerformanceMode ? reader.ReadAutoFlaskSnapshot() : reader.ReadSnapshot()
> Timer

[2026-04-07 23:05:05] UpdateRadarFast | msg=This local variable has not been assigned a value. | line=1782 | extra=importantUiElements
E:\ahk\poe2\GameHelper\PoE2MemoryReader.ahk (1782) : [PoE2GameStateReader.Prototype.ReadRadarSnapshot] Return Map( "inGameState", Map( "address",             inGameStateAddress, "importantUiElements", importantUiElements, "areaInstance", Map( "address",               areaInstanceData, "playerRenderComponent", playerRenderComponent, "awakeEntities",         awakeEntities, "sleepingEntities",      sleepingEntities ) ) )
E:\ahk\poe2\GameHelper\AutoFlask.ahk (27) : [UpdateRadarFast] radarSnap := reader.ReadRadarSnapshot()
> Timer
E:\ahk\poe2\GameHelper\PoE2ComponentDecoders.ahk (221) : [PoE2ComponentDecoders.Prototype.ReadEntityComponentLookupBasic] namePtr := this.Mem.ReadPtr(entryAddr + PoE2Offsets.ComponentLookupEntry["NamePtr"])
E:\ahk\poe2\GameHelper\PoE2EntityReader.ahk (891) : [PoE2EntityReader.Prototype.FindEntityComponentAddress] components := this.ReadEntityComponentLookupBasic(entityPtr, 96)
E:\ahk\poe2\GameHelper\PoE2PlayerReader.ahk (422) : [PoE2PlayerReader.Prototype.ReadPlayerStatsComponent] statsByLookup := this.FindEntityComponentAddress(localPlayerPtr, "Stats")
E:\ahk\poe2\GameHelper\PoE2PlayerReader.ahk (261) : [PoE2PlayerReader.Prototype.BuildVitalsResult] spirit := this.ReadSpiritSnapshotFromStats(this.ReadPlayerStatsComponent(localPlayerPtr), statShift)
E:\ahk\poe2\GameHelper\PoE2PlayerReader.ahk (206) : [PoE2PlayerReader.Prototype.ReadPlayerVitals] Return this.BuildVitalsResult(localPlayerPtr, lifeByLookup, healthVital, manaVital, esVital, playerStatsComponent, 1)
E:\ahk\poe2\GameHelper\PoE2MemoryReader.ahk (1336) : [PoE2GameStateReader.Prototype.ReadAreaInstanceBasic] playerVitals := this.ReadPlayerVitals(localPlayerPtr)
E:\ahk\poe2\GameHelper\PoE2MemoryReader.ahk (1026) : [PoE2GameStateReader.Prototype.ReadInGameState] areaInstanceDetails := this.ReadAreaInstanceBasic(areaInstanceData)
E:\ahk\poe2\GameHelper\PoE2MemoryReader.ahk (762) : [PoE2GameStateReader.Prototype.ReadSnapshot] inGameStateData := this.ReadInGameState(inGameStateAddress)
... 2 more
[2026-04-07 23:05:05] UpdateRadarFast | msg=This local variable has not been assigned a value. | line=1782 | extra=importantUiElements
E:\ahk\poe2\GameHelper\PoE2MemoryReader.ahk (1782) : [PoE2GameStateReader.Prototype.ReadRadarSnapshot] Return Map( "inGameState", Map( "address",             inGameStateAddress, "importantUiElements", importantUiElements, "areaInstance", Map( "address",               areaInstanceData, "playerRenderComponent", playerRenderComponent, "awakeEntities",         awakeEntities, "sleepingEntities",      sleepingEntities ) ) )
E:\ahk\poe2\GameHelper\AutoFlask.ahk (27) : [UpdateRadarFast] radarSnap := reader.ReadRadarSnapshot()
> Timer

[2026-04-07 23:05:06] UpdateRadarFast | msg=This local variable has not been assigned a value. | line=1782 | extra=importantUiElements
E:\ahk\poe2\GameHelper\PoE2MemoryReader.ahk (1782) : [PoE2GameStateReader.Prototype.ReadRadarSnapshot] Return Map( "inGameState", Map( "address",             inGameStateAddress, "importantUiElements", importantUiElements, "areaInstance", Map( "address",               areaInstanceData, "playerRenderComponent", playerRenderComponent, "awakeEntities",         awakeEntities, "sleepingEntities",      sleepingEntities ) ) )
E:\ahk\poe2\GameHelper\AutoFlask.ahk (27) : [UpdateRadarFast] radarSnap := reader.ReadRadarSnapshot()
> Timer

[2026-04-07 23:05:06] UpdateRadarFast | msg=This local variable has not been assigned a value. | line=1782 | extra=importantUiElements
E:\ahk\poe2\GameHelper\PoE2MemoryReader.ahk (1782) : [PoE2GameStateReader.Prototype.ReadRadarSnapshot] Return Map( "inGameState", Map( "address",             inGameStateAddress, "importantUiElements", importantUiElements, "areaInstance", Map( "address",               areaInstanceData, "playerRenderComponent", playerRenderComponent, "awakeEntities",         awakeEntities, "sleepingEntities",      sleepingEntities ) ) )
E:\ahk\poe2\GameHelper\AutoFlask.ahk (27) : [UpdateRadarFast] radarSnap := reader.ReadRadarSnapshot()
> Timer

[2026-04-07 23:05:06] UpdateRadarFast | msg=This local variable has not been assigned a value. | line=1782 | extra=importantUiElements
E:\ahk\poe2\GameHelper\PoE2MemoryReader.ahk (1782) : [PoE2GameStateReader.Prototype.ReadRadarSnapshot] Return Map( "inGameState", Map( "address",             inGameStateAddress, "importantUiElements", importantUiElements, "areaInstance", Map( "address",               areaInstanceData, "playerRenderComponent", playerRenderComponent, "awakeEntities",         awakeEntities, "sleepingEntities",      sleepingEntities ) ) )
E:\ahk\poe2\GameHelper\AutoFlask.ahk (27) : [UpdateRadarFast] radarSnap := reader.ReadRadarSnapshot()
> Timer

[2026-04-07 23:05:06] UpdateRadarFast | msg=This local variable has not been assigned a value. | line=1782 | extra=importantUiElements
E:\ahk\poe2\GameHelper\PoE2MemoryReader.ahk (1782) : [PoE2GameStateReader.Prototype.ReadRadarSnapshot] Return Map( "inGameState", Map( "address",             inGameStateAddress, "importantUiElements", importantUiElements, "areaInstance", Map( "address",               areaInstanceData, "playerRenderComponent", playerRenderComponent, "awakeEntities",         awakeEntities, "sleepingEntities",      sleepingEntities ) ) )
E:\ahk\poe2\GameHelper\AutoFlask.ahk (27) : [UpdateRadarFast] radarSnap := reader.ReadRadarSnapshot()
> Timer
E:\ahk\poe2\GameHelper\ProcessMemory.ahk (143) : [ProcessMemory.Prototype.ReadBytes] success := DllCall("ReadProcessMemory", "Ptr", this.Handle, "Ptr", address, "Ptr", buf.Ptr, "UPtr", size, "UPtr*", bytesRead, "Int")
E:\ahk\poe2\GameHelper\ProcessMemory.ahk (187) : [ProcessMemory.Prototype.ReadInt] buf := this.ReadBytes(address, 4)
E:\ahk\poe2\GameHelper\PoE2PlayerReader.ahk (530) : [PoE2PlayerReader.Prototype.ReadStatsPairsFromStatsInternal] value := this.Mem.ReadInt(addr + PoE2Offsets.StatPair["Value"])
E:\ahk\poe2\GameHelper\PoE2ComponentDecoders.ahk (799) : [PoE2ComponentDecoders.Prototype.DecodeStatsComponentBasic] statsByBuffs := this.ReadStatsPairsFromStatsInternal(statsByBuffPtr)
E:\ahk\poe2\GameHelper\PoE2EntityReader.ahk (720) : [PoE2EntityReader.Prototype.DecodeSampleEntityComponents] decodedData := this.DecodeStatsComponentBasic(compAddr)
E:\ahk\poe2\GameHelper\PoE2EntityReader.ahk (593) : [PoE2EntityReader.Prototype.ReadEntityBasic] decodedComponents := this.DecodeSampleEntityComponents(components)
E:\ahk\poe2\GameHelper\PoE2EntityReader.ahk (139) : [PoE2EntityReader.Prototype.CollectEntityMapCandidates] entityBasic := this.ReadEntityBasic(entityPtr, entityId)
E:\ahk\poe2\GameHelper\PoE2EntityReader.ahk (49) : [PoE2EntityReader.Prototype.ReadAreaEntityMapSummary] candidates := this.CollectEntityMapCandidates(head, root, size, maxSample, playerOrigin)
... 5 more
[2026-04-07 23:05:06] UpdateRadarFast | msg=This local variable has not been assigned a value. | line=1782 | extra=importantUiElements
E:\ahk\poe2\GameHelper\PoE2MemoryReader.ahk (1782) : [PoE2GameStateReader.Prototype.ReadRadarSnapshot] Return Map( "inGameState", Map( "address",             inGameStateAddress, "importantUiElements", importantUiElements, "areaInstance", Map( "address",               areaInstanceData, "playerRenderComponent", playerRenderComponent, "awakeEntities",         awakeEntities, "sleepingEntities",      sleepingEntities ) ) )
E:\ahk\poe2\GameHelper\AutoFlask.ahk (27) : [UpdateRadarFast] radarSnap := reader.ReadRadarSnapshot()
> Timer
E:\ahk\poe2\GameHelper\ProcessMemory.ahk (151) : [ProcessMemory.Prototype.ReadBytes] this.LastBytesRead := effectiveBytes
E:\ahk\poe2\GameHelper\ProcessMemory.ahk (201) : [ProcessMemory.Prototype.ReadUInt] buf := this.ReadBytes(address, 4)
E:\ahk\poe2\GameHelper\PoE2EntityReader.ahk (940) : [PoE2EntityReader.Prototype.IsPlausibleEntityPointer] entityId := this.Mem.ReadUInt(entityPtr + PoE2Offsets.Entity["Id"])
E:\ahk\poe2\GameHelper\PoE2EntityReader.ahk (979) : [PoE2EntityReader.Prototype.ResolveEntityPointer] If this.IsPlausibleEntityPointer(candidate)
E:\ahk\poe2\GameHelper\PoE2EntityReader.ahk (497) : [PoE2EntityReader.Prototype.DecodeEntityMapNodeEntry] entityPtr := this.ResolveEntityPointer(rawPtr)
E:\ahk\poe2\GameHelper\PoE2EntityReader.ahk (129) : [PoE2EntityReader.Prototype.CollectEntityMapCandidates] nodeEntry := this.DecodeEntityMapNodeEntry(node)
E:\ahk\poe2\GameHelper\PoE2EntityReader.ahk (49) : [PoE2EntityReader.Prototype.ReadAreaEntityMapSummary] candidates := this.CollectEntityMapCandidates(head, root, size, maxSample, playerOrigin)
E:\ahk\poe2\GameHelper\PoE2MemoryReader.ahk (1330) : [PoE2GameStateReader.Prototype.ReadAreaInstanceBasic] sleepingEntities := this.ReadAreaEntityMapSummary(sleepingMapAddress, sleepingLimit, playerOrigin)
E:\ahk\poe2\GameHelper\PoE2MemoryReader.ahk (1026) : [PoE2GameStateReader.Prototype.ReadInGameState] areaInstanceDetails := this.ReadAreaInstanceBasic(areaInstanceData)
... 3 more
[2026-04-07 23:05:06] UpdateRadarFast | msg=This local variable has not been assigned a value. | line=1782 | extra=importantUiElements
E:\ahk\poe2\GameHelper\PoE2MemoryReader.ahk (1782) : [PoE2GameStateReader.Prototype.ReadRadarSnapshot] Return Map( "inGameState", Map( "address",             inGameStateAddress, "importantUiElements", importantUiElements, "areaInstance", Map( "address",               areaInstanceData, "playerRenderComponent", playerRenderComponent, "awakeEntities",         awakeEntities, "sleepingEntities",      sleepingEntities ) ) )
E:\ahk\poe2\GameHelper\AutoFlask.ahk (27) : [UpdateRadarFast] radarSnap := reader.ReadRadarSnapshot()
> Timer
E:\ahk\poe2\GameHelper\ProcessMemory.ahk (143) : [ProcessMemory.Prototype.ReadBytes] success := DllCall("ReadProcessMemory", "Ptr", this.Handle, "Ptr", address, "Ptr", buf.Ptr, "UPtr", size, "UPtr*", bytesRead, "Int")
E:\ahk\poe2\GameHelper\ProcessMemory.ahk (187) : [ProcessMemory.Prototype.ReadInt] buf := this.ReadBytes(address, 4)
E:\ahk\poe2\GameHelper\PoE2ComponentDecoders.ahk (222) : [PoE2ComponentDecoders.Prototype.ReadEntityComponentLookupBasic] compIndex := this.Mem.ReadInt(entryAddr + PoE2Offsets.ComponentLookupEntry["Index"])
E:\ahk\poe2\GameHelper\PoE2PlayerReader.ahk (974) : [PoE2PlayerReader.Prototype.ReadPlayerChargesComponent] namedComponents := this.ReadEntityComponentLookupBasic(localPlayerPtr, 128)
E:\ahk\poe2\GameHelper\PoE2MemoryReader.ahk (1340) : [PoE2GameStateReader.Prototype.ReadAreaInstanceBasic] playerChargesComponent := this.ReadPlayerChargesComponent(localPlayerPtr)
E:\ahk\poe2\GameHelper\PoE2MemoryReader.ahk (1026) : [PoE2GameStateReader.Prototype.ReadInGameState] areaInstanceDetails := this.ReadAreaInstanceBasic(areaInstanceData)
E:\ahk\poe2\GameHelper\PoE2MemoryReader.ahk (762) : [PoE2GameStateReader.Prototype.ReadSnapshot] inGameStateData := this.ReadInGameState(inGameStateAddress)
E:\ahk\poe2\GameHelper\InGameStateMonitor.ahk (532) : [ReadAndShow] snapshot := autoFlaskPerformanceMode ? reader.ReadAutoFlaskSnapshot() : reader.ReadSnapshot()
> Timer

[2026-04-07 23:05:07] UpdateRadarFast | msg=This local variable has not been assigned a value. | line=1782 | extra=importantUiElements
E:\ahk\poe2\GameHelper\PoE2MemoryReader.ahk (1782) : [PoE2GameStateReader.Prototype.ReadRadarSnapshot] Return Map( "inGameState", Map( "address",             inGameStateAddress, "importantUiElements", importantUiElements, "areaInstance", Map( "address",               areaInstanceData, "playerRenderComponent", playerRenderComponent, "awakeEntities",         awakeEntities, "sleepingEntities",      sleepingEntities ) ) )
E:\ahk\poe2\GameHelper\AutoFlask.ahk (27) : [UpdateRadarFast] radarSnap := reader.ReadRadarSnapshot()
> Timer

[2026-04-07 23:05:07] UpdateRadarFast | msg=This local variable has not been assigned a value. | line=1782 | extra=importantUiElements
E:\ahk\poe2\GameHelper\PoE2MemoryReader.ahk (1782) : [PoE2GameStateReader.Prototype.ReadRadarSnapshot] Return Map( "inGameState", Map( "address",             inGameStateAddress, "importantUiElements", importantUiElements, "areaInstance", Map( "address",               areaInstanceData, "playerRenderComponent", playerRenderComponent, "awakeEntities",         awakeEntities, "sleepingEntities",      sleepingEntities ) ) )
E:\ahk\poe2\GameHelper\AutoFlask.ahk (27) : [UpdateRadarFast] radarSnap := reader.ReadRadarSnapshot()
> Timer

[2026-04-07 23:05:07] UpdateRadarFast | msg=This local variable has not been assigned a value. | line=1782 | extra=importantUiElements
E:\ahk\poe2\GameHelper\PoE2MemoryReader.ahk (1782) : [PoE2GameStateReader.Prototype.ReadRadarSnapshot] Return Map( "inGameState", Map( "address",             inGameStateAddress, "importantUiElements", importantUiElements, "areaInstance", Map( "address",               areaInstanceData, "playerRenderComponent", playerRenderComponent, "awakeEntities",         awakeEntities, "sleepingEntities",      sleepingEntities ) ) )
E:\ahk\poe2\GameHelper\AutoFlask.ahk (27) : [UpdateRadarFast] radarSnap := reader.ReadRadarSnapshot()
> Timer

[2026-04-07 23:05:07] UpdateRadarFast | msg=This local variable has not been assigned a value. | line=1782 | extra=importantUiElements
E:\ahk\poe2\GameHelper\PoE2MemoryReader.ahk (1782) : [PoE2GameStateReader.Prototype.ReadRadarSnapshot] Return Map( "inGameState", Map( "address",             inGameStateAddress, "importantUiElements", importantUiElements, "areaInstance", Map( "address",               areaInstanceData, "playerRenderComponent", playerRenderComponent, "awakeEntities",         awakeEntities, "sleepingEntities",      sleepingEntities ) ) )
E:\ahk\poe2\GameHelper\AutoFlask.ahk (27) : [UpdateRadarFast] radarSnap := reader.ReadRadarSnapshot()
> Timer

[2026-04-07 23:05:07] UpdateRadarFast | msg=This local variable has not been assigned a value. | line=1782 | extra=importantUiElements
E:\ahk\poe2\GameHelper\PoE2MemoryReader.ahk (1782) : [PoE2GameStateReader.Prototype.ReadRadarSnapshot] Return Map( "inGameState", Map( "address",             inGameStateAddress, "importantUiElements", importantUiElements, "areaInstance", Map( "address",               areaInstanceData, "playerRenderComponent", playerRenderComponent, "awakeEntities",         awakeEntities, "sleepingEntities",      sleepingEntities ) ) )
E:\ahk\poe2\GameHelper\AutoFlask.ahk (27) : [UpdateRadarFast] radarSnap := reader.ReadRadarSnapshot()
> Timer
E:\ahk\poe2\GameHelper\PoE2ComponentDecoders.ahk (26) : [PoE2ComponentDecoders.Prototype.ReadNarrowString] While (byteLen < buf.Size)
E:\ahk\poe2\GameHelper\PoE2ComponentDecoders.ahk (229) : [PoE2ComponentDecoders.Prototype.ReadEntityComponentLookupBasic] compName := this.ReadNarrowString(namePtr, 96)
E:\ahk\poe2\GameHelper\PoE2EntityReader.ahk (576) : [PoE2EntityReader.Prototype.ReadEntityBasic] components := this.ReadEntityComponentLookupBasic(entityPtr, this._radarMode ? 64 : 48)
E:\ahk\poe2\GameHelper\PoE2EntityReader.ahk (139) : [PoE2EntityReader.Prototype.CollectEntityMapCandidates] entityBasic := this.ReadEntityBasic(entityPtr, entityId)
E:\ahk\poe2\GameHelper\PoE2EntityReader.ahk (49) : [PoE2EntityReader.Prototype.ReadAreaEntityMapSummary] candidates := this.CollectEntityMapCandidates(head, root, size, maxSample, playerOrigin)
E:\ahk\poe2\GameHelper\PoE2MemoryReader.ahk (1329) : [PoE2GameStateReader.Prototype.ReadAreaInstanceBasic] awakeEntities := this.ReadAreaEntityMapSummary(awakeMapAddress, awakeLimit, playerOrigin)
E:\ahk\poe2\GameHelper\PoE2MemoryReader.ahk (1026) : [PoE2GameStateReader.Prototype.ReadInGameState] areaInstanceDetails := this.ReadAreaInstanceBasic(areaInstanceData)
E:\ahk\poe2\GameHelper\PoE2MemoryReader.ahk (762) : [PoE2GameStateReader.Prototype.ReadSnapshot] inGameStateData := this.ReadInGameState(inGameStateAddress)
... 2 more
[2026-04-07 23:05:07] UpdateRadarFast | msg=This local variable has not been assigned a value. | line=1782 | extra=importantUiElements
E:\ahk\poe2\GameHelper\PoE2MemoryReader.ahk (1782) : [PoE2GameStateReader.Prototype.ReadRadarSnapshot] Return Map( "inGameState", Map( "address",             inGameStateAddress, "importantUiElements", importantUiElements, "areaInstance", Map( "address",               areaInstanceData, "playerRenderComponent", playerRenderComponent, "awakeEntities",         awakeEntities, "sleepingEntities",      sleepingEntities ) ) )
E:\ahk\poe2\GameHelper\AutoFlask.ahk (27) : [UpdateRadarFast] radarSnap := reader.ReadRadarSnapshot()
> Timer
E:\ahk\poe2\GameHelper\ProcessMemory.ahk (138) : [ProcessMemory.Prototype.ReadBytes] If (!this.Handle || !address || size <= 0)
E:\ahk\poe2\GameHelper\ProcessMemory.ahk (187) : [ProcessMemory.Prototype.ReadInt] buf := this.ReadBytes(address, 4)
E:\ahk\poe2\GameHelper\PoE2PlayerReader.ahk (529) : [PoE2PlayerReader.Prototype.ReadStatsPairsFromStatsInternal] key := this.Mem.ReadInt(addr + PoE2Offsets.StatPair["Key"])
E:\ahk\poe2\GameHelper\PoE2PlayerReader.ahk (438) : [PoE2PlayerReader.Prototype.ReadPlayerStatsComponent] statsByBuffs := this.ReadStatsPairsFromStatsInternal(statsByBuffPtr)
E:\ahk\poe2\GameHelper\PoE2PlayerReader.ahk (261) : [PoE2PlayerReader.Prototype.BuildVitalsResult] spirit := this.ReadSpiritSnapshotFromStats(this.ReadPlayerStatsComponent(localPlayerPtr), statShift)
E:\ahk\poe2\GameHelper\PoE2PlayerReader.ahk (206) : [PoE2PlayerReader.Prototype.ReadPlayerVitals] Return this.BuildVitalsResult(localPlayerPtr, lifeByLookup, healthVital, manaVital, esVital, playerStatsComponent, 1)
E:\ahk\poe2\GameHelper\PoE2MemoryReader.ahk (1336) : [PoE2GameStateReader.Prototype.ReadAreaInstanceBasic] playerVitals := this.ReadPlayerVitals(localPlayerPtr)
E:\ahk\poe2\GameHelper\PoE2MemoryReader.ahk (1026) : [PoE2GameStateReader.Prototype.ReadInGameState] areaInstanceDetails := this.ReadAreaInstanceBasic(areaInstanceData)
... 3 more
[2026-04-07 23:05:07] UpdateRadarFast | msg=This local variable has not been assigned a value. | line=1782 | extra=importantUiElements
E:\ahk\poe2\GameHelper\PoE2MemoryReader.ahk (1782) : [PoE2GameStateReader.Prototype.ReadRadarSnapshot] Return Map( "inGameState", Map( "address",             inGameStateAddress, "importantUiElements", importantUiElements, "areaInstance", Map( "address",               areaInstanceData, "playerRenderComponent", playerRenderComponent, "awakeEntities",         awakeEntities, "sleepingEntities",      sleepingEntities ) ) )
E:\ahk\poe2\GameHelper\AutoFlask.ahk (27) : [UpdateRadarFast] radarSnap := reader.ReadRadarSnapshot()
> Timer
E:\ahk\poe2\GameHelper\InGameStateMonitor.ahk (575) : [ReadAndShow] hotkeyLegendText.Value := BuildHotkeyLegendText()
> Timer

[2026-04-07 23:05:08] UpdateRadarFast | msg=This local variable has not been assigned a value. | line=1782 | extra=importantUiElements
E:\ahk\poe2\GameHelper\PoE2MemoryReader.ahk (1782) : [PoE2GameStateReader.Prototype.ReadRadarSnapshot] Return Map( "inGameState", Map( "address",             inGameStateAddress, "importantUiElements", importantUiElements, "areaInstance", Map( "address",               areaInstanceData, "playerRenderComponent", playerRenderComponent, "awakeEntities",         awakeEntities, "sleepingEntities",      sleepingEntities ) ) )
E:\ahk\poe2\GameHelper\AutoFlask.ahk (27) : [UpdateRadarFast] radarSnap := reader.ReadRadarSnapshot()
> Timer

[2026-04-07 23:05:08] UpdateRadarFast | msg=This local variable has not been assigned a value. | line=1782 | extra=importantUiElements
E:\ahk\poe2\GameHelper\PoE2MemoryReader.ahk (1782) : [PoE2GameStateReader.Prototype.ReadRadarSnapshot] Return Map( "inGameState", Map( "address",             inGameStateAddress, "importantUiElements", importantUiElements, "areaInstance", Map( "address",               areaInstanceData, "playerRenderComponent", playerRenderComponent, "awakeEntities",         awakeEntities, "sleepingEntities",      sleepingEntities ) ) )
E:\ahk\poe2\GameHelper\AutoFlask.ahk (27) : [UpdateRadarFast] radarSnap := reader.ReadRadarSnapshot()
> Timer

[2026-04-07 23:05:08] UpdateRadarFast | msg=This local variable has not been assigned a value. | line=1782 | extra=importantUiElements
E:\ahk\poe2\GameHelper\PoE2MemoryReader.ahk (1782) : [PoE2GameStateReader.Prototype.ReadRadarSnapshot] Return Map( "inGameState", Map( "address",             inGameStateAddress, "importantUiElements", importantUiElements, "areaInstance", Map( "address",               areaInstanceData, "playerRenderComponent", playerRenderComponent, "awakeEntities",         awakeEntities, "sleepingEntities",      sleepingEntities ) ) )
E:\ahk\poe2\GameHelper\AutoFlask.ahk (27) : [UpdateRadarFast] radarSnap := reader.ReadRadarSnapshot()
> Timer

[2026-04-07 23:05:08] UpdateRadarFast | msg=This local variable has not been assigned a value. | line=1782 | extra=importantUiElements
E:\ahk\poe2\GameHelper\PoE2MemoryReader.ahk (1782) : [PoE2GameStateReader.Prototype.ReadRadarSnapshot] Return Map( "inGameState", Map( "address",             inGameStateAddress, "importantUiElements", importantUiElements, "areaInstance", Map( "address",               areaInstanceData, "playerRenderComponent", playerRenderComponent, "awakeEntities",         awakeEntities, "sleepingEntities",      sleepingEntities ) ) )
E:\ahk\poe2\GameHelper\AutoFlask.ahk (27) : [UpdateRadarFast] radarSnap := reader.ReadRadarSnapshot()
> Timer

[2026-04-07 23:05:08] UpdateRadarFast | msg=This local variable has not been assigned a value. | line=1782 | extra=importantUiElements
E:\ahk\poe2\GameHelper\PoE2MemoryReader.ahk (1782) : [PoE2GameStateReader.Prototype.ReadRadarSnapshot] Return Map( "inGameState", Map( "address",             inGameStateAddress, "importantUiElements", importantUiElements, "areaInstance", Map( "address",               areaInstanceData, "playerRenderComponent", playerRenderComponent, "awakeEntities",         awakeEntities, "sleepingEntities",      sleepingEntities ) ) )
E:\ahk\poe2\GameHelper\AutoFlask.ahk (27) : [UpdateRadarFast] radarSnap := reader.ReadRadarSnapshot()
> Timer
E:\ahk\poe2\GameHelper\ProcessMemory.ahk (180) : [ProcessMemory.Prototype.ReadPtr] buf := this.ReadBytes(address, A_PtrSize)
E:\ahk\poe2\GameHelper\PoE2EntityReader.ahk (960) : [PoE2EntityReader.Prototype.ResolveEntityPointer] p8 := this.Mem.ReadPtr(rawPtr + 0x08)
E:\ahk\poe2\GameHelper\PoE2EntityReader.ahk (497) : [PoE2EntityReader.Prototype.DecodeEntityMapNodeEntry] entityPtr := this.ResolveEntityPointer(rawPtr)
E:\ahk\poe2\GameHelper\PoE2EntityReader.ahk (129) : [PoE2EntityReader.Prototype.CollectEntityMapCandidates] nodeEntry := this.DecodeEntityMapNodeEntry(node)
E:\ahk\poe2\GameHelper\PoE2EntityReader.ahk (49) : [PoE2EntityReader.Prototype.ReadAreaEntityMapSummary] candidates := this.CollectEntityMapCandidates(head, root, size, maxSample, playerOrigin)
E:\ahk\poe2\GameHelper\PoE2MemoryReader.ahk (1330) : [PoE2GameStateReader.Prototype.ReadAreaInstanceBasic] sleepingEntities := this.ReadAreaEntityMapSummary(sleepingMapAddress, sleepingLimit, playerOrigin)
E:\ahk\poe2\GameHelper\PoE2MemoryReader.ahk (1026) : [PoE2GameStateReader.Prototype.ReadInGameState] areaInstanceDetails := this.ReadAreaInstanceBasic(areaInstanceData)
E:\ahk\poe2\GameHelper\PoE2MemoryReader.ahk (762) : [PoE2GameStateReader.Prototype.ReadSnapshot] inGameStateData := this.ReadInGameState(inGameStateAddress)
E:\ahk\poe2\GameHelper\InGameStateMonitor.ahk (532) : [ReadAndShow] snapshot := autoFlaskPerformanceMode ? reader.ReadAutoFlaskSnapshot() : reader.ReadSnapshot()
> Timer

[2026-04-07 23:05:08] UpdateRadarFast | msg=This local variable has not been assigned a value. | line=1782 | extra=importantUiElements
E:\ahk\poe2\GameHelper\PoE2MemoryReader.ahk (1782) : [PoE2GameStateReader.Prototype.ReadRadarSnapshot] Return Map( "inGameState", Map( "address",             inGameStateAddress, "importantUiElements", importantUiElements, "areaInstance", Map( "address",               areaInstanceData, "playerRenderComponent", playerRenderComponent, "awakeEntities",         awakeEntities, "sleepingEntities",      sleepingEntities ) ) )
E:\ahk\poe2\GameHelper\AutoFlask.ahk (27) : [UpdateRadarFast] radarSnap := reader.ReadRadarSnapshot()
> Timer
E:\ahk\poe2\GameHelper\ProcessMemory.ahk (141) : [ProcessMemory.Prototype.ReadBytes] buf := Buffer(size, 0)
E:\ahk\poe2\GameHelper\ProcessMemory.ahk (187) : [ProcessMemory.Prototype.ReadInt] buf := this.ReadBytes(address, 4)
E:\ahk\poe2\GameHelper\PoE2PlayerReader.ahk (529) : [PoE2PlayerReader.Prototype.ReadStatsPairsFromStatsInternal] key := this.Mem.ReadInt(addr + PoE2Offsets.StatPair["Key"])
E:\ahk\poe2\GameHelper\PoE2PlayerReader.ahk (438) : [PoE2PlayerReader.Prototype.ReadPlayerStatsComponent] statsByBuffs := this.ReadStatsPairsFromStatsInternal(statsByBuffPtr)
E:\ahk\poe2\GameHelper\PoE2PlayerReader.ahk (255) : [PoE2PlayerReader.Prototype.BuildVitalsResult] rage := this.ReadRageSnapshotFromStats(this.ReadPlayerStatsComponent(localPlayerPtr))
E:\ahk\poe2\GameHelper\PoE2PlayerReader.ahk (206) : [PoE2PlayerReader.Prototype.ReadPlayerVitals] Return this.BuildVitalsResult(localPlayerPtr, lifeByLookup, healthVital, manaVital, esVital, playerStatsComponent, 1)
E:\ahk\poe2\GameHelper\PoE2MemoryReader.ahk (1336) : [PoE2GameStateReader.Prototype.ReadAreaInstanceBasic] playerVitals := this.ReadPlayerVitals(localPlayerPtr)
E:\ahk\poe2\GameHelper\PoE2MemoryReader.ahk (1026) : [PoE2GameStateReader.Prototype.ReadInGameState] areaInstanceDetails := this.ReadAreaInstanceBasic(areaInstanceData)
E:\ahk\poe2\GameHelper\PoE2MemoryReader.ahk (762) : [PoE2GameStateReader.Prototype.ReadSnapshot] inGameStateData := this.ReadInGameState(inGameStateAddress)
... 2 more
[2026-04-07 23:05:08] UpdateRadarFast | msg=This local variable has not been assigned a value. | line=1782 | extra=importantUiElements
E:\ahk\poe2\GameHelper\PoE2MemoryReader.ahk (1782) : [PoE2GameStateReader.Prototype.ReadRadarSnapshot] Return Map( "inGameState", Map( "address",             inGameStateAddress, "importantUiElements", importantUiElements, "areaInstance", Map( "address",               areaInstanceData, "playerRenderComponent", playerRenderComponent, "awakeEntities",         awakeEntities, "sleepingEntities",      sleepingEntities ) ) )
E:\ahk\poe2\GameHelper\AutoFlask.ahk (27) : [UpdateRadarFast] radarSnap := reader.ReadRadarSnapshot()
> Timer
E:\ahk\poe2\GameHelper\InGameStateMonitor.ahk (570) : [ReadAndShow] autoFlaskStatusText.Value := "AutoFlask Action: " autoFlaskLastReason " | LifeKey(Slot1): " slot1Key " | ManaKey(Slot2): " slot2Key " | Perf: " perfText
> Timer

[2026-04-07 23:05:09] UpdateRadarFast | msg=This local variable has not been assigned a value. | line=1782 | extra=importantUiElements
E:\ahk\poe2\GameHelper\PoE2MemoryReader.ahk (1782) : [PoE2GameStateReader.Prototype.ReadRadarSnapshot] Return Map( "inGameState", Map( "address",             inGameStateAddress, "importantUiElements", importantUiElements, "areaInstance", Map( "address",               areaInstanceData, "playerRenderComponent", playerRenderComponent, "awakeEntities",         awakeEntities, "sleepingEntities",      sleepingEntities ) ) )
E:\ahk\poe2\GameHelper\AutoFlask.ahk (27) : [UpdateRadarFast] radarSnap := reader.ReadRadarSnapshot()
> Timer

[2026-04-07 23:05:09] UpdateRadarFast | msg=This local variable has not been assigned a value. | line=1782 | extra=importantUiElements
E:\ahk\poe2\GameHelper\PoE2MemoryReader.ahk (1782) : [PoE2GameStateReader.Prototype.ReadRadarSnapshot] Return Map( "inGameState", Map( "address",             inGameStateAddress, "importantUiElements", importantUiElements, "areaInstance", Map( "address",               areaInstanceData, "playerRenderComponent", playerRenderComponent, "awakeEntities",         awakeEntities, "sleepingEntities",      sleepingEntities ) ) )
E:\ahk\poe2\GameHelper\AutoFlask.ahk (27) : [UpdateRadarFast] radarSnap := reader.ReadRadarSnapshot()
> Timer

[2026-04-07 23:05:09] UpdateRadarFast | msg=This local variable has not been assigned a value. | line=1782 | extra=importantUiElements
E:\ahk\poe2\GameHelper\PoE2MemoryReader.ahk (1782) : [PoE2GameStateReader.Prototype.ReadRadarSnapshot] Return Map( "inGameState", Map( "address",             inGameStateAddress, "importantUiElements", importantUiElements, "areaInstance", Map( "address",               areaInstanceData, "playerRenderComponent", playerRenderComponent, "awakeEntities",         awakeEntities, "sleepingEntities",      sleepingEntities ) ) )
E:\ahk\poe2\GameHelper\AutoFlask.ahk (27) : [UpdateRadarFast] radarSnap := reader.ReadRadarSnapshot()
> Timer

[2026-04-07 23:05:09] UpdateRadarFast | msg=This local variable has not been assigned a value. | line=1782 | extra=importantUiElements
E:\ahk\poe2\GameHelper\PoE2MemoryReader.ahk (1782) : [PoE2GameStateReader.Prototype.ReadRadarSnapshot] Return Map( "inGameState", Map( "address",             inGameStateAddress, "importantUiElements", importantUiElements, "areaInstance", Map( "address",               areaInstanceData, "playerRenderComponent", playerRenderComponent, "awakeEntities",         awakeEntities, "sleepingEntities",      sleepingEntities ) ) )
E:\ahk\poe2\GameHelper\AutoFlask.ahk (27) : [UpdateRadarFast] radarSnap := reader.ReadRadarSnapshot()
> Timer
E:\ahk\poe2\GameHelper\PoE2PlayerReader.ahk (529) : [PoE2PlayerReader.Prototype.ReadStatsPairsFromStatsInternal] key := this.Mem.ReadInt(addr + PoE2Offsets.StatPair["Key"])
E:\ahk\poe2\GameHelper\PoE2ComponentDecoders.ahk (798) : [PoE2ComponentDecoders.Prototype.DecodeStatsComponentBasic] statsByItems := this.ReadStatsPairsFromStatsInternal(statsByItemsPtr)
E:\ahk\poe2\GameHelper\PoE2EntityReader.ahk (720) : [PoE2EntityReader.Prototype.DecodeSampleEntityComponents] decodedData := this.DecodeStatsComponentBasic(compAddr)
E:\ahk\poe2\GameHelper\PoE2EntityReader.ahk (593) : [PoE2EntityReader.Prototype.ReadEntityBasic] decodedComponents := this.DecodeSampleEntityComponents(components)
E:\ahk\poe2\GameHelper\PoE2EntityReader.ahk (139) : [PoE2EntityReader.Prototype.CollectEntityMapCandidates] entityBasic := this.ReadEntityBasic(entityPtr, entityId)
E:\ahk\poe2\GameHelper\PoE2EntityReader.ahk (49) : [PoE2EntityReader.Prototype.ReadAreaEntityMapSummary] candidates := this.CollectEntityMapCandidates(head, root, size, maxSample, playerOrigin)
E:\ahk\poe2\GameHelper\PoE2MemoryReader.ahk (1329) : [PoE2GameStateReader.Prototype.ReadAreaInstanceBasic] awakeEntities := this.ReadAreaEntityMapSummary(awakeMapAddress, awakeLimit, playerOrigin)
E:\ahk\poe2\GameHelper\PoE2MemoryReader.ahk (1026) : [PoE2GameStateReader.Prototype.ReadInGameState] areaInstanceDetails := this.ReadAreaInstanceBasic(areaInstanceData)
... 3 more
[2026-04-07 23:05:09] UpdateRadarFast | msg=This local variable has not been assigned a value. | line=1782 | extra=importantUiElements
E:\ahk\poe2\GameHelper\PoE2MemoryReader.ahk (1782) : [PoE2GameStateReader.Prototype.ReadRadarSnapshot] Return Map( "inGameState", Map( "address",             inGameStateAddress, "importantUiElements", importantUiElements, "areaInstance", Map( "address",               areaInstanceData, "playerRenderComponent", playerRenderComponent, "awakeEntities",         awakeEntities, "sleepingEntities",      sleepingEntities ) ) )
E:\ahk\poe2\GameHelper\AutoFlask.ahk (27) : [UpdateRadarFast] radarSnap := reader.ReadRadarSnapshot()
> Timer
E:\ahk\poe2\GameHelper\PoE2PlayerReader.ahk (615) : [PoE2PlayerReader.Prototype.BuildStatsSummaryFromPairs] sample.Push(Map("key", key, "value", val))
E:\ahk\poe2\GameHelper\PoE2ComponentDecoders.ahk (800) : [PoE2ComponentDecoders.Prototype.DecodeStatsComponentBasic] statsByItemsSummary := this.BuildStatsSummaryFromPairs(statsByItems)
E:\ahk\poe2\GameHelper\PoE2EntityReader.ahk (720) : [PoE2EntityReader.Prototype.DecodeSampleEntityComponents] decodedData := this.DecodeStatsComponentBasic(compAddr)
E:\ahk\poe2\GameHelper\PoE2EntityReader.ahk (593) : [PoE2EntityReader.Prototype.ReadEntityBasic] decodedComponents := this.DecodeSampleEntityComponents(components)
E:\ahk\poe2\GameHelper\PoE2EntityReader.ahk (139) : [PoE2EntityReader.Prototype.CollectEntityMapCandidates] entityBasic := this.ReadEntityBasic(entityPtr, entityId)
E:\ahk\poe2\GameHelper\PoE2EntityReader.ahk (49) : [PoE2EntityReader.Prototype.ReadAreaEntityMapSummary] candidates := this.CollectEntityMapCandidates(head, root, size, maxSample, playerOrigin)
E:\ahk\poe2\GameHelper\PoE2MemoryReader.ahk (1329) : [PoE2GameStateReader.Prototype.ReadAreaInstanceBasic] awakeEntities := this.ReadAreaEntityMapSummary(awakeMapAddress, awakeLimit, playerOrigin)
E:\ahk\poe2\GameHelper\PoE2MemoryReader.ahk (1026) : [PoE2GameStateReader.Prototype.ReadInGameState] areaInstanceDetails := this.ReadAreaInstanceBasic(areaInstanceData)
... 3 more
[2026-04-07 23:05:09] UpdateRadarFast | msg=This local variable has not been assigned a value. | line=1782 | extra=importantUiElements
E:\ahk\poe2\GameHelper\PoE2MemoryReader.ahk (1782) : [PoE2GameStateReader.Prototype.ReadRadarSnapshot] Return Map( "inGameState", Map( "address",             inGameStateAddress, "importantUiElements", importantUiElements, "areaInstance", Map( "address",               areaInstanceData, "playerRenderComponent", playerRenderComponent, "awakeEntities",         awakeEntities, "sleepingEntities",      sleepingEntities ) ) )
E:\ahk\poe2\GameHelper\AutoFlask.ahk (27) : [UpdateRadarFast] radarSnap := reader.ReadRadarSnapshot()
> Timer
E:\ahk\poe2\GameHelper\ProcessMemory.ahk (145) : [ProcessMemory.Prototype.ReadBytes] this.LastBytesRead := bytesRead
E:\ahk\poe2\GameHelper\ProcessMemory.ahk (201) : [ProcessMemory.Prototype.ReadUInt] buf := this.ReadBytes(address, 4)
E:\ahk\poe2\GameHelper\PoE2EntityReader.ahk (495) : [PoE2EntityReader.Prototype.DecodeEntityMapNodeEntry] entityId := this.Mem.ReadUInt(nodeAddress + PoE2Offsets.StdMapNode["KeyId"])
E:\ahk\poe2\GameHelper\PoE2EntityReader.ahk (129) : [PoE2EntityReader.Prototype.CollectEntityMapCandidates] nodeEntry := this.DecodeEntityMapNodeEntry(node)
E:\ahk\poe2\GameHelper\PoE2EntityReader.ahk (49) : [PoE2EntityReader.Prototype.ReadAreaEntityMapSummary] candidates := this.CollectEntityMapCandidates(head, root, size, maxSample, playerOrigin)
E:\ahk\poe2\GameHelper\PoE2MemoryReader.ahk (1330) : [PoE2GameStateReader.Prototype.ReadAreaInstanceBasic] sleepingEntities := this.ReadAreaEntityMapSummary(sleepingMapAddress, sleepingLimit, playerOrigin)
E:\ahk\poe2\GameHelper\PoE2MemoryReader.ahk (1026) : [PoE2GameStateReader.Prototype.ReadInGameState] areaInstanceDetails := this.ReadAreaInstanceBasic(areaInstanceData)
E:\ahk\poe2\GameHelper\PoE2MemoryReader.ahk (762) : [PoE2GameStateReader.Prototype.ReadSnapshot] inGameStateData := this.ReadInGameState(inGameStateAddress)
E:\ahk\poe2\GameHelper\InGameStateMonitor.ahk (532) : [ReadAndShow] snapshot := autoFlaskPerformanceMode ? reader.ReadAutoFlaskSnapshot() : reader.ReadSnapshot()
> Timer

[2026-04-07 23:05:10] UpdateRadarFast | msg=This local variable has not been assigned a value. | line=1782 | extra=importantUiElements
E:\ahk\poe2\GameHelper\PoE2MemoryReader.ahk (1782) : [PoE2GameStateReader.Prototype.ReadRadarSnapshot] Return Map( "inGameState", Map( "address",             inGameStateAddress, "importantUiElements", importantUiElements, "areaInstance", Map( "address",               areaInstanceData, "playerRenderComponent", playerRenderComponent, "awakeEntities",         awakeEntities, "sleepingEntities",      sleepingEntities ) ) )
E:\ahk\poe2\GameHelper\AutoFlask.ahk (27) : [UpdateRadarFast] radarSnap := reader.ReadRadarSnapshot()
> Timer
E:\ahk\poe2\GameHelper\UIHelpers.ahk (170) : [UpdateActionButtonLabels] pid := ProcessExist("PathOfExileSteam.exe")
E:\ahk\poe2\GameHelper\InGameStateMonitor.ahk (563) : [ReadAndShow] UpdateActionButtonLabels()
> Timer

[2026-04-07 23:05:10] UpdateRadarFast | msg=This local variable has not been assigned a value. | line=1782 | extra=importantUiElements
E:\ahk\poe2\GameHelper\PoE2MemoryReader.ahk (1782) : [PoE2GameStateReader.Prototype.ReadRadarSnapshot] Return Map( "inGameState", Map( "address",             inGameStateAddress, "importantUiElements", importantUiElements, "areaInstance", Map( "address",               areaInstanceData, "playerRenderComponent", playerRenderComponent, "awakeEntities",         awakeEntities, "sleepingEntities",      sleepingEntities ) ) )
E:\ahk\poe2\GameHelper\AutoFlask.ahk (27) : [UpdateRadarFast] radarSnap := reader.ReadRadarSnapshot()
> Timer

[2026-04-07 23:05:10] UpdateRadarFast | msg=This local variable has not been assigned a value. | line=1782 | extra=importantUiElements
E:\ahk\poe2\GameHelper\PoE2MemoryReader.ahk (1782) : [PoE2GameStateReader.Prototype.ReadRadarSnapshot] Return Map( "inGameState", Map( "address",             inGameStateAddress, "importantUiElements", importantUiElements, "areaInstance", Map( "address",               areaInstanceData, "playerRenderComponent", playerRenderComponent, "awakeEntities",         awakeEntities, "sleepingEntities",      sleepingEntities ) ) )
E:\ahk\poe2\GameHelper\AutoFlask.ahk (27) : [UpdateRadarFast] radarSnap := reader.ReadRadarSnapshot()
> Timer

[2026-04-07 23:05:10] UpdateRadarFast | msg=This local variable has not been assigned a value. | line=1782 | extra=importantUiElements
E:\ahk\poe2\GameHelper\PoE2MemoryReader.ahk (1782) : [PoE2GameStateReader.Prototype.ReadRadarSnapshot] Return Map( "inGameState", Map( "address",             inGameStateAddress, "importantUiElements", importantUiElements, "areaInstance", Map( "address",               areaInstanceData, "playerRenderComponent", playerRenderComponent, "awakeEntities",         awakeEntities, "sleepingEntities",      sleepingEntities ) ) )
E:\ahk\poe2\GameHelper\AutoFlask.ahk (27) : [UpdateRadarFast] radarSnap := reader.ReadRadarSnapshot()
> Timer

[2026-04-07 23:05:10] UpdateRadarFast | msg=This local variable has not been assigned a value. | line=1782 | extra=importantUiElements
E:\ahk\poe2\GameHelper\PoE2MemoryReader.ahk (1782) : [PoE2GameStateReader.Prototype.ReadRadarSnapshot] Return Map( "inGameState", Map( "address",             inGameStateAddress, "importantUiElements", importantUiElements, "areaInstance", Map( "address",               areaInstanceData, "playerRenderComponent", playerRenderComponent, "awakeEntities",         awakeEntities, "sleepingEntities",      sleepingEntities ) ) )
E:\ahk\poe2\GameHelper\AutoFlask.ahk (27) : [UpdateRadarFast] radarSnap := reader.ReadRadarSnapshot()
> Timer
E:\ahk\poe2\GameHelper\PoE2ComponentDecoders.ahk (26) : [PoE2ComponentDecoders.Prototype.ReadNarrowString] While (byteLen < buf.Size)
E:\ahk\poe2\GameHelper\PoE2ComponentDecoders.ahk (229) : [PoE2ComponentDecoders.Prototype.ReadEntityComponentLookupBasic] compName := this.ReadNarrowString(namePtr, 96)
E:\ahk\poe2\GameHelper\PoE2EntityReader.ahk (576) : [PoE2EntityReader.Prototype.ReadEntityBasic] components := this.ReadEntityComponentLookupBasic(entityPtr, this._radarMode ? 64 : 48)
E:\ahk\poe2\GameHelper\PoE2EntityReader.ahk (139) : [PoE2EntityReader.Prototype.CollectEntityMapCandidates] entityBasic := this.ReadEntityBasic(entityPtr, entityId)
E:\ahk\poe2\GameHelper\PoE2EntityReader.ahk (49) : [PoE2EntityReader.Prototype.ReadAreaEntityMapSummary] candidates := this.CollectEntityMapCandidates(head, root, size, maxSample, playerOrigin)
E:\ahk\poe2\GameHelper\PoE2MemoryReader.ahk (1329) : [PoE2GameStateReader.Prototype.ReadAreaInstanceBasic] awakeEntities := this.ReadAreaEntityMapSummary(awakeMapAddress, awakeLimit, playerOrigin)
E:\ahk\poe2\GameHelper\PoE2MemoryReader.ahk (1026) : [PoE2GameStateReader.Prototype.ReadInGameState] areaInstanceDetails := this.ReadAreaInstanceBasic(areaInstanceData)
E:\ahk\poe2\GameHelper\PoE2MemoryReader.ahk (762) : [PoE2GameStateReader.Prototype.ReadSnapshot] inGameStateData := this.ReadInGameState(inGameStateAddress)
... 2 more
[2026-04-07 23:05:10] UpdateRadarFast | msg=This local variable has not been assigned a value. | line=1782 | extra=importantUiElements
E:\ahk\poe2\GameHelper\PoE2MemoryReader.ahk (1782) : [PoE2GameStateReader.Prototype.ReadRadarSnapshot] Return Map( "inGameState", Map( "address",             inGameStateAddress, "importantUiElements", importantUiElements, "areaInstance", Map( "address",               areaInstanceData, "playerRenderComponent", playerRenderComponent, "awakeEntities",         awakeEntities, "sleepingEntities",      sleepingEntities ) ) )
E:\ahk\poe2\GameHelper\AutoFlask.ahk (27) : [UpdateRadarFast] radarSnap := reader.ReadRadarSnapshot()
> Timer
E:\ahk\poe2\GameHelper\ProcessMemory.ahk (143) : [ProcessMemory.Prototype.ReadBytes] success := DllCall("ReadProcessMemory", "Ptr", this.Handle, "Ptr", address, "Ptr", buf.Ptr, "UPtr", size, "UPtr*", bytesRead, "Int")
E:\ahk\poe2\GameHelper\ProcessMemory.ahk (194) : [ProcessMemory.Prototype.ReadInt64] buf := this.ReadBytes(address, 8)
E:\ahk\poe2\GameHelper\PoE2EntityReader.ahk (524) : [PoE2EntityReader.Prototype.IsEntityLikePointer] compVecFirst := this.Mem.ReadInt64(address + PoE2Offsets.Entity["ComponentsVec"])
E:\ahk\poe2\GameHelper\PoE2EntityReader.ahk (137) : [PoE2EntityReader.Prototype.CollectEntityMapCandidates] If this.IsEntityLikePointer(entityPtr)
E:\ahk\poe2\GameHelper\PoE2EntityReader.ahk (49) : [PoE2EntityReader.Prototype.ReadAreaEntityMapSummary] candidates := this.CollectEntityMapCandidates(head, root, size, maxSample, playerOrigin)
E:\ahk\poe2\GameHelper\PoE2MemoryReader.ahk (1330) : [PoE2GameStateReader.Prototype.ReadAreaInstanceBasic] sleepingEntities := this.ReadAreaEntityMapSummary(sleepingMapAddress, sleepingLimit, playerOrigin)
E:\ahk\poe2\GameHelper\PoE2MemoryReader.ahk (1026) : [PoE2GameStateReader.Prototype.ReadInGameState] areaInstanceDetails := this.ReadAreaInstanceBasic(areaInstanceData)
E:\ahk\poe2\GameHelper\PoE2MemoryReader.ahk (762) : [PoE2GameStateReader.Prototype.ReadSnapshot] inGameStateData := this.ReadInGameState(inGameStateAddress)
... 2 more
[2026-04-07 23:05:10] UpdateRadarFast | msg=This local variable has not been assigned a value. | line=1782 | extra=importantUiElements
E:\ahk\poe2\GameHelper\PoE2MemoryReader.ahk (1782) : [PoE2GameStateReader.Prototype.ReadRadarSnapshot] Return Map( "inGameState", Map( "address",             inGameStateAddress, "importantUiElements", importantUiElements, "areaInstance", Map( "address",               areaInstanceData, "playerRenderComponent", playerRenderComponent, "awakeEntities",         awakeEntities, "sleepingEntities",      sleepingEntities ) ) )
E:\ahk\poe2\GameHelper\AutoFlask.ahk (27) : [UpdateRadarFast] radarSnap := reader.ReadRadarSnapshot()
> Timer
E:\ahk\poe2\GameHelper\PoE2PlayerReader.ahk (530) : [PoE2PlayerReader.Prototype.ReadStatsPairsFromStatsInternal] value := this.Mem.ReadInt(addr + PoE2Offsets.StatPair["Value"])
E:\ahk\poe2\GameHelper\PoE2PlayerReader.ahk (438) : [PoE2PlayerReader.Prototype.ReadPlayerStatsComponent] statsByBuffs := this.ReadStatsPairsFromStatsInternal(statsByBuffPtr)
E:\ahk\poe2\GameHelper\PoE2MemoryReader.ahk (1338) : [PoE2GameStateReader.Prototype.ReadAreaInstanceBasic] playerStatsComponent := this.ReadPlayerStatsComponent(localPlayerPtr)
E:\ahk\poe2\GameHelper\PoE2MemoryReader.ahk (1026) : [PoE2GameStateReader.Prototype.ReadInGameState] areaInstanceDetails := this.ReadAreaInstanceBasic(areaInstanceData)
E:\ahk\poe2\GameHelper\PoE2MemoryReader.ahk (762) : [PoE2GameStateReader.Prototype.ReadSnapshot] inGameStateData := this.ReadInGameState(inGameStateAddress)
E:\ahk\poe2\GameHelper\InGameStateMonitor.ahk (532) : [ReadAndShow] snapshot := autoFlaskPerformanceMode ? reader.ReadAutoFlaskSnapshot() : reader.ReadSnapshot()
> Timer

[2026-04-07 23:05:11] UpdateRadarFast | msg=This local variable has not been assigned a value. | line=1782 | extra=importantUiElements
E:\ahk\poe2\GameHelper\PoE2MemoryReader.ahk (1782) : [PoE2GameStateReader.Prototype.ReadRadarSnapshot] Return Map( "inGameState", Map( "address",             inGameStateAddress, "importantUiElements", importantUiElements, "areaInstance", Map( "address",               areaInstanceData, "playerRenderComponent", playerRenderComponent, "awakeEntities",         awakeEntities, "sleepingEntities",      sleepingEntities ) ) )
E:\ahk\poe2\GameHelper\AutoFlask.ahk (27) : [UpdateRadarFast] radarSnap := reader.ReadRadarSnapshot()
> Timer
E:\ahk\poe2\GameHelper\TreeView_EntityScanner.ahk (74) : [UpdateOffsetTable] offsetTable.Opt("+Redraw")
E:\ahk\poe2\GameHelper\InGameStateMonitor.ahk (616) : [ReadAndShow] UpdateOffsetTable(snapshot)
> Timer

[2026-04-07 23:05:11] UpdateRadarFast | msg=This local variable has not been assigned a value. | line=1782 | extra=importantUiElements
E:\ahk\poe2\GameHelper\PoE2MemoryReader.ahk (1782) : [PoE2GameStateReader.Prototype.ReadRadarSnapshot] Return Map( "inGameState", Map( "address",             inGameStateAddress, "importantUiElements", importantUiElements, "areaInstance", Map( "address",               areaInstanceData, "playerRenderComponent", playerRenderComponent, "awakeEntities",         awakeEntities, "sleepingEntities",      sleepingEntities ) ) )
E:\ahk\poe2\GameHelper\AutoFlask.ahk (27) : [UpdateRadarFast] radarSnap := reader.ReadRadarSnapshot()
> Timer

[2026-04-07 23:05:11] UpdateRadarFast | msg=This local variable has not been assigned a value. | line=1782 | extra=importantUiElements
E:\ahk\poe2\GameHelper\PoE2MemoryReader.ahk (1782) : [PoE2GameStateReader.Prototype.ReadRadarSnapshot] Return Map( "inGameState", Map( "address",             inGameStateAddress, "importantUiElements", importantUiElements, "areaInstance", Map( "address",               areaInstanceData, "playerRenderComponent", playerRenderComponent, "awakeEntities",         awakeEntities, "sleepingEntities",      sleepingEntities ) ) )
E:\ahk\poe2\GameHelper\AutoFlask.ahk (27) : [UpdateRadarFast] radarSnap := reader.ReadRadarSnapshot()
> Timer

[2026-04-07 23:05:11] UpdateRadarFast | msg=This local variable has not been assigned a value. | line=1782 | extra=importantUiElements
E:\ahk\poe2\GameHelper\PoE2MemoryReader.ahk (1782) : [PoE2GameStateReader.Prototype.ReadRadarSnapshot] Return Map( "inGameState", Map( "address",             inGameStateAddress, "importantUiElements", importantUiElements, "areaInstance", Map( "address",               areaInstanceData, "playerRenderComponent", playerRenderComponent, "awakeEntities",         awakeEntities, "sleepingEntities",      sleepingEntities ) ) )
E:\ahk\poe2\GameHelper\AutoFlask.ahk (27) : [UpdateRadarFast] radarSnap := reader.ReadRadarSnapshot()
> Timer

[2026-04-07 23:05:11] UpdateRadarFast | msg=This local variable has not been assigned a value. | line=1782 | extra=importantUiElements
E:\ahk\poe2\GameHelper\PoE2MemoryReader.ahk (1782) : [PoE2GameStateReader.Prototype.ReadRadarSnapshot] Return Map( "inGameState", Map( "address",             inGameStateAddress, "importantUiElements", importantUiElements, "areaInstance", Map( "address",               areaInstanceData, "playerRenderComponent", playerRenderComponent, "awakeEntities",         awakeEntities, "sleepingEntities",      sleepingEntities ) ) )
E:\ahk\poe2\GameHelper\AutoFlask.ahk (27) : [UpdateRadarFast] radarSnap := reader.ReadRadarSnapshot()
> Timer
E:\ahk\poe2\GameHelper\ProcessMemory.ahk (143) : [ProcessMemory.Prototype.ReadBytes] success := DllCall("ReadProcessMemory", "Ptr", this.Handle, "Ptr", address, "Ptr", buf.Ptr, "UPtr", size, "UPtr*", bytesRead, "Int")
E:\ahk\poe2\GameHelper\ProcessMemory.ahk (187) : [ProcessMemory.Prototype.ReadInt] buf := this.ReadBytes(address, 4)
E:\ahk\poe2\GameHelper\PoE2PlayerReader.ahk (529) : [PoE2PlayerReader.Prototype.ReadStatsPairsFromStatsInternal] key := this.Mem.ReadInt(addr + PoE2Offsets.StatPair["Key"])
E:\ahk\poe2\GameHelper\PoE2ComponentDecoders.ahk (799) : [PoE2ComponentDecoders.Prototype.DecodeStatsComponentBasic] statsByBuffs := this.ReadStatsPairsFromStatsInternal(statsByBuffPtr)
E:\ahk\poe2\GameHelper\PoE2EntityReader.ahk (720) : [PoE2EntityReader.Prototype.DecodeSampleEntityComponents] decodedData := this.DecodeStatsComponentBasic(compAddr)
E:\ahk\poe2\GameHelper\PoE2EntityReader.ahk (593) : [PoE2EntityReader.Prototype.ReadEntityBasic] decodedComponents := this.DecodeSampleEntityComponents(components)
E:\ahk\poe2\GameHelper\PoE2EntityReader.ahk (139) : [PoE2EntityReader.Prototype.CollectEntityMapCandidates] entityBasic := this.ReadEntityBasic(entityPtr, entityId)
E:\ahk\poe2\GameHelper\PoE2EntityReader.ahk (49) : [PoE2EntityReader.Prototype.ReadAreaEntityMapSummary] candidates := this.CollectEntityMapCandidates(head, root, size, maxSample, playerOrigin)
... 5 more
[2026-04-07 23:05:11] UpdateRadarFast | msg=This local variable has not been assigned a value. | line=1782 | extra=importantUiElements
E:\ahk\poe2\GameHelper\PoE2MemoryReader.ahk (1782) : [PoE2GameStateReader.Prototype.ReadRadarSnapshot] Return Map( "inGameState", Map( "address",             inGameStateAddress, "importantUiElements", importantUiElements, "areaInstance", Map( "address",               areaInstanceData, "playerRenderComponent", playerRenderComponent, "awakeEntities",         awakeEntities, "sleepingEntities",      sleepingEntities ) ) )
E:\ahk\poe2\GameHelper\AutoFlask.ahk (27) : [UpdateRadarFast] radarSnap := reader.ReadRadarSnapshot()
> Timer
E:\ahk\poe2\GameHelper\PoE2PlayerReader.ahk (629) : [PoE2PlayerReader.Prototype.BuildStatsSummaryFromPairs] insertIdx += 1
E:\ahk\poe2\GameHelper\PoE2PlayerReader.ahk (440) : [PoE2PlayerReader.Prototype.ReadPlayerStatsComponent] statsByBuffsSummary := this.BuildStatsSummaryFromPairs(statsByBuffs)
E:\ahk\poe2\GameHelper\PoE2PlayerReader.ahk (255) : [PoE2PlayerReader.Prototype.BuildVitalsResult] rage := this.ReadRageSnapshotFromStats(this.ReadPlayerStatsComponent(localPlayerPtr))
E:\ahk\poe2\GameHelper\PoE2PlayerReader.ahk (206) : [PoE2PlayerReader.Prototype.ReadPlayerVitals] Return this.BuildVitalsResult(localPlayerPtr, lifeByLookup, healthVital, manaVital, esVital, playerStatsComponent, 1)
E:\ahk\poe2\GameHelper\PoE2MemoryReader.ahk (1336) : [PoE2GameStateReader.Prototype.ReadAreaInstanceBasic] playerVitals := this.ReadPlayerVitals(localPlayerPtr)
E:\ahk\poe2\GameHelper\PoE2MemoryReader.ahk (1026) : [PoE2GameStateReader.Prototype.ReadInGameState] areaInstanceDetails := this.ReadAreaInstanceBasic(areaInstanceData)
E:\ahk\poe2\GameHelper\PoE2MemoryReader.ahk (762) : [PoE2GameStateReader.Prototype.ReadSnapshot] inGameStateData := this.ReadInGameState(inGameStateAddress)
E:\ahk\poe2\GameHelper\InGameStateMonitor.ahk (532) : [ReadAndShow] snapshot := autoFlaskPerformanceMode ? reader.ReadAutoFlaskSnapshot() : reader.ReadSnapshot()
> Timer

[2026-04-07 23:05:11] UpdateRadarFast | msg=This local variable has not been assigned a value. | line=1782 | extra=importantUiElements
E:\ahk\poe2\GameHelper\PoE2MemoryReader.ahk (1782) : [PoE2GameStateReader.Prototype.ReadRadarSnapshot] Return Map( "inGameState", Map( "address",             inGameStateAddress, "importantUiElements", importantUiElements, "areaInstance", Map( "address",               areaInstanceData, "playerRenderComponent", playerRenderComponent, "awakeEntities",         awakeEntities, "sleepingEntities",      sleepingEntities ) ) )
E:\ahk\poe2\GameHelper\AutoFlask.ahk (27) : [UpdateRadarFast] radarSnap := reader.ReadRadarSnapshot()
> Timer
E:\ahk\poe2\GameHelper\PoE2MemoryReader.ahk (1224) : [PoE2GameStateReader.Prototype.ReadMapUiElementData] accX += parent["posModX"]
E:\ahk\poe2\GameHelper\PoE2MemoryReader.ahk (1145) : [PoE2GameStateReader.Prototype.ReadImportantUiElements] miniMapData := this.ReadMapUiElementData(miniMapPtr)
E:\ahk\poe2\GameHelper\PoE2MemoryReader.ahk (1088) : [PoE2GameStateReader.Prototype.ReadInGameState] importantUiElements := this.ReadImportantUiElements(activeGameUiPtr, isControllerMode)
E:\ahk\poe2\GameHelper\PoE2MemoryReader.ahk (762) : [PoE2GameStateReader.Prototype.ReadSnapshot] inGameStateData := this.ReadInGameState(inGameStateAddress)
E:\ahk\poe2\GameHelper\InGameStateMonitor.ahk (532) : [ReadAndShow] snapshot := autoFlaskPerformanceMode ? reader.ReadAutoFlaskSnapshot() : reader.ReadSnapshot()
> Timer

[2026-04-07 23:05:12] UpdateRadarFast | msg=This local variable has not been assigned a value. | line=1782 | extra=importantUiElements
E:\ahk\poe2\GameHelper\PoE2MemoryReader.ahk (1782) : [PoE2GameStateReader.Prototype.ReadRadarSnapshot] Return Map( "inGameState", Map( "address",             inGameStateAddress, "importantUiElements", importantUiElements, "areaInstance", Map( "address",               areaInstanceData, "playerRenderComponent", playerRenderComponent, "awakeEntities",         awakeEntities, "sleepingEntities",      sleepingEntities ) ) )
E:\ahk\poe2\GameHelper\AutoFlask.ahk (27) : [UpdateRadarFast] radarSnap := reader.ReadRadarSnapshot()
> Timer

[2026-04-07 23:05:12] UpdateRadarFast | msg=This local variable has not been assigned a value. | line=1782 | extra=importantUiElements
E:\ahk\poe2\GameHelper\PoE2MemoryReader.ahk (1782) : [PoE2GameStateReader.Prototype.ReadRadarSnapshot] Return Map( "inGameState", Map( "address",             inGameStateAddress, "importantUiElements", importantUiElements, "areaInstance", Map( "address",               areaInstanceData, "playerRenderComponent", playerRenderComponent, "awakeEntities",         awakeEntities, "sleepingEntities",      sleepingEntities ) ) )
E:\ahk\poe2\GameHelper\AutoFlask.ahk (27) : [UpdateRadarFast] radarSnap := reader.ReadRadarSnapshot()
> Timer

[2026-04-07 23:05:12] UpdateRadarFast | msg=This local variable has not been assigned a value. | line=1782 | extra=importantUiElements
E:\ahk\poe2\GameHelper\PoE2MemoryReader.ahk (1782) : [PoE2GameStateReader.Prototype.ReadRadarSnapshot] Return Map( "inGameState", Map( "address",             inGameStateAddress, "importantUiElements", importantUiElements, "areaInstance", Map( "address",               areaInstanceData, "playerRenderComponent", playerRenderComponent, "awakeEntities",         awakeEntities, "sleepingEntities",      sleepingEntities ) ) )
E:\ahk\poe2\GameHelper\AutoFlask.ahk (27) : [UpdateRadarFast] radarSnap := reader.ReadRadarSnapshot()
> Timer

[2026-04-07 23:05:12] UpdateRadarFast | msg=This local variable has not been assigned a value. | line=1782 | extra=importantUiElements
E:\ahk\poe2\GameHelper\PoE2MemoryReader.ahk (1782) : [PoE2GameStateReader.Prototype.ReadRadarSnapshot] Return Map( "inGameState", Map( "address",             inGameStateAddress, "importantUiElements", importantUiElements, "areaInstance", Map( "address",               areaInstanceData, "playerRenderComponent", playerRenderComponent, "awakeEntities",         awakeEntities, "sleepingEntities",      sleepingEntities ) ) )
E:\ahk\poe2\GameHelper\AutoFlask.ahk (27) : [UpdateRadarFast] radarSnap := reader.ReadRadarSnapshot()
> Timer

[2026-04-07 23:05:12] UpdateRadarFast | msg=This local variable has not been assigned a value. | line=1782 | extra=importantUiElements
E:\ahk\poe2\GameHelper\PoE2MemoryReader.ahk (1782) : [PoE2GameStateReader.Prototype.ReadRadarSnapshot] Return Map( "inGameState", Map( "address",             inGameStateAddress, "importantUiElements", importantUiElements, "areaInstance", Map( "address",               areaInstanceData, "playerRenderComponent", playerRenderComponent, "awakeEntities",         awakeEntities, "sleepingEntities",      sleepingEntities ) ) )
E:\ahk\poe2\GameHelper\AutoFlask.ahk (27) : [UpdateRadarFast] radarSnap := reader.ReadRadarSnapshot()
> Timer
E:\ahk\poe2\GameHelper\ProcessMemory.ahk (143) : [ProcessMemory.Prototype.ReadBytes] success := DllCall("ReadProcessMemory", "Ptr", this.Handle, "Ptr", address, "Ptr", buf.Ptr, "UPtr", size, "UPtr*", bytesRead, "Int")
E:\ahk\poe2\GameHelper\ProcessMemory.ahk (194) : [ProcessMemory.Prototype.ReadInt64] buf := this.ReadBytes(address, 8)
E:\ahk\poe2\GameHelper\PoE2EntityReader.ahk (923) : [PoE2EntityReader.Prototype.IsPlausibleEntityPointer] compVecFirst := this.Mem.ReadInt64(entityPtr + PoE2Offsets.Entity["ComponentsVec"])
E:\ahk\poe2\GameHelper\PoE2EntityReader.ahk (979) : [PoE2EntityReader.Prototype.ResolveEntityPointer] If this.IsPlausibleEntityPointer(candidate)
E:\ahk\poe2\GameHelper\PoE2EntityReader.ahk (497) : [PoE2EntityReader.Prototype.DecodeEntityMapNodeEntry] entityPtr := this.ResolveEntityPointer(rawPtr)
E:\ahk\poe2\GameHelper\PoE2EntityReader.ahk (129) : [PoE2EntityReader.Prototype.CollectEntityMapCandidates] nodeEntry := this.DecodeEntityMapNodeEntry(node)
E:\ahk\poe2\GameHelper\PoE2EntityReader.ahk (49) : [PoE2EntityReader.Prototype.ReadAreaEntityMapSummary] candidates := this.CollectEntityMapCandidates(head, root, size, maxSample, playerOrigin)
E:\ahk\poe2\GameHelper\PoE2MemoryReader.ahk (1330) : [PoE2GameStateReader.Prototype.ReadAreaInstanceBasic] sleepingEntities := this.ReadAreaEntityMapSummary(sleepingMapAddress, sleepingLimit, playerOrigin)
... 4 more
[2026-04-07 23:05:12] UpdateRadarFast | msg=This local variable has not been assigned a value. | line=1782 | extra=importantUiElements
E:\ahk\poe2\GameHelper\PoE2MemoryReader.ahk (1782) : [PoE2GameStateReader.Prototype.ReadRadarSnapshot] Return Map( "inGameState", Map( "address",             inGameStateAddress, "importantUiElements", importantUiElements, "areaInstance", Map( "address",               areaInstanceData, "playerRenderComponent", playerRenderComponent, "awakeEntities",         awakeEntities, "sleepingEntities",      sleepingEntities ) ) )
E:\ahk\poe2\GameHelper\AutoFlask.ahk (27) : [UpdateRadarFast] radarSnap := reader.ReadRadarSnapshot()
> Timer
E:\ahk\poe2\GameHelper\ProcessMemory.ahk (143) : [ProcessMemory.Prototype.ReadBytes] success := DllCall("ReadProcessMemory", "Ptr", this.Handle, "Ptr", address, "Ptr", buf.Ptr, "UPtr", size, "UPtr*", bytesRead, "Int")
E:\ahk\poe2\GameHelper\ProcessMemory.ahk (180) : [ProcessMemory.Prototype.ReadPtr] buf := this.ReadBytes(address, A_PtrSize)
E:\ahk\poe2\GameHelper\PoE2InventoryReader.ahk (804) : [PoE2InventoryReader.Prototype.ReadModArrayFromVector] modRowPtr := this.Mem.ReadPtr(entryAddr + PoE2Offsets.ModArray["ModsPtr"])
E:\ahk\poe2\GameHelper\PoE2InventoryReader.ahk (748) : [PoE2InventoryReader.Prototype.ReadItemModsDetails] implicitMods := this.ReadModArrayFromVector(componentPtr + allModsBaseOffset + (0x18 * 0))
E:\ahk\poe2\GameHelper\PoE2InventoryReader.ahk (703) : [PoE2InventoryReader.Prototype.ReadItemModsAndMagicProperties] Return this.ReadItemModsDetails(bestCandidate["componentPtr"], bestCandidate["allModsOffset"], bestCandidate["rarityId"], bestCandidate["sourceType"])
E:\ahk\poe2\GameHelper\PoE2InventoryReader.ahk (529) : [PoE2InventoryReader.Prototype.ReadFlaskItemDetails] modsInfo := this.ReadItemModsAndMagicProperties(itemEntityPtr)
E:\ahk\poe2\GameHelper\PoE2InventoryReader.ahk (232) : [PoE2InventoryReader.Prototype.ReadInventoryBasic] itemDetails := this.ReadFlaskItemDetails(itemEntityPtr, minimal)
... 6 more
[2026-04-07 23:05:12] UpdateRadarFast | msg=This local variable has not been assigned a value. | line=1782 | extra=importantUiElements
E:\ahk\poe2\GameHelper\PoE2MemoryReader.ahk (1782) : [PoE2GameStateReader.Prototype.ReadRadarSnapshot] Return Map( "inGameState", Map( "address",             inGameStateAddress, "importantUiElements", importantUiElements, "areaInstance", Map( "address",               areaInstanceData, "playerRenderComponent", playerRenderComponent, "awakeEntities",         awakeEntities, "sleepingEntities",      sleepingEntities ) ) )
E:\ahk\poe2\GameHelper\AutoFlask.ahk (27) : [UpdateRadarFast] radarSnap := reader.ReadRadarSnapshot()
> Timer
E:\ahk\poe2\GameHelper\ProcessMemory.ahk (143) : [ProcessMemory.Prototype.ReadBytes] success := DllCall("ReadProcessMemory", "Ptr", this.Handle, "Ptr", address, "Ptr", buf.Ptr, "UPtr", size, "UPtr*", bytesRead, "Int")
E:\ahk\poe2\GameHelper\ProcessMemory.ahk (187) : [ProcessMemory.Prototype.ReadInt] buf := this.ReadBytes(address, 4)
E:\ahk\poe2\GameHelper\PoE2PlayerReader.ahk (530) : [PoE2PlayerReader.Prototype.ReadStatsPairsFromStatsInternal] value := this.Mem.ReadInt(addr + PoE2Offsets.StatPair["Value"])
E:\ahk\poe2\GameHelper\PoE2PlayerReader.ahk (437) : [PoE2PlayerReader.Prototype.ReadPlayerStatsComponent] statsByItems := this.ReadStatsPairsFromStatsInternal(statsByItemsPtr)
E:\ahk\poe2\GameHelper\PoE2MemoryReader.ahk (1338) : [PoE2GameStateReader.Prototype.ReadAreaInstanceBasic] playerStatsComponent := this.ReadPlayerStatsComponent(localPlayerPtr)
E:\ahk\poe2\GameHelper\PoE2MemoryReader.ahk (1026) : [PoE2GameStateReader.Prototype.ReadInGameState] areaInstanceDetails := this.ReadAreaInstanceBasic(areaInstanceData)
E:\ahk\poe2\GameHelper\PoE2MemoryReader.ahk (762) : [PoE2GameStateReader.Prototype.ReadSnapshot] inGameStateData := this.ReadInGameState(inGameStateAddress)
E:\ahk\poe2\GameHelper\InGameStateMonitor.ahk (532) : [ReadAndShow] snapshot := autoFlaskPerformanceMode ? reader.ReadAutoFlaskSnapshot() : reader.ReadSnapshot()
> Timer

[2026-04-07 23:05:13] UpdateRadarFast | msg=This local variable has not been assigned a value. | line=1782 | extra=importantUiElements
E:\ahk\poe2\GameHelper\PoE2MemoryReader.ahk (1782) : [PoE2GameStateReader.Prototype.ReadRadarSnapshot] Return Map( "inGameState", Map( "address",             inGameStateAddress, "importantUiElements", importantUiElements, "areaInstance", Map( "address",               areaInstanceData, "playerRenderComponent", playerRenderComponent, "awakeEntities",         awakeEntities, "sleepingEntities",      sleepingEntities ) ) )
E:\ahk\poe2\GameHelper\AutoFlask.ahk (27) : [UpdateRadarFast] radarSnap := reader.ReadRadarSnapshot()
> Timer

[2026-04-07 23:05:13] UpdateRadarFast | msg=This local variable has not been assigned a value. | line=1782 | extra=importantUiElements
E:\ahk\poe2\GameHelper\PoE2MemoryReader.ahk (1782) : [PoE2GameStateReader.Prototype.ReadRadarSnapshot] Return Map( "inGameState", Map( "address",             inGameStateAddress, "importantUiElements", importantUiElements, "areaInstance", Map( "address",               areaInstanceData, "playerRenderComponent", playerRenderComponent, "awakeEntities",         awakeEntities, "sleepingEntities",      sleepingEntities ) ) )
E:\ahk\poe2\GameHelper\AutoFlask.ahk (27) : [UpdateRadarFast] radarSnap := reader.ReadRadarSnapshot()
> Timer

[2026-04-07 23:05:13] UpdateRadarFast | msg=This local variable has not been assigned a value. | line=1782 | extra=importantUiElements
E:\ahk\poe2\GameHelper\PoE2MemoryReader.ahk (1782) : [PoE2GameStateReader.Prototype.ReadRadarSnapshot] Return Map( "inGameState", Map( "address",             inGameStateAddress, "importantUiElements", importantUiElements, "areaInstance", Map( "address",               areaInstanceData, "playerRenderComponent", playerRenderComponent, "awakeEntities",         awakeEntities, "sleepingEntities",      sleepingEntities ) ) )
E:\ahk\poe2\GameHelper\AutoFlask.ahk (27) : [UpdateRadarFast] radarSnap := reader.ReadRadarSnapshot()
> Timer

[2026-04-07 23:05:13] UpdateRadarFast | msg=This local variable has not been assigned a value. | line=1782 | extra=importantUiElements
E:\ahk\poe2\GameHelper\PoE2MemoryReader.ahk (1782) : [PoE2GameStateReader.Prototype.ReadRadarSnapshot] Return Map( "inGameState", Map( "address",             inGameStateAddress, "importantUiElements", importantUiElements, "areaInstance", Map( "address",               areaInstanceData, "playerRenderComponent", playerRenderComponent, "awakeEntities",         awakeEntities, "sleepingEntities",      sleepingEntities ) ) )
E:\ahk\poe2\GameHelper\AutoFlask.ahk (27) : [UpdateRadarFast] radarSnap := reader.ReadRadarSnapshot()
> Timer
E:\ahk\poe2\GameHelper\ProcessMemory.ahk (187) : [ProcessMemory.Prototype.ReadInt] buf := this.ReadBytes(address, 4)
E:\ahk\poe2\GameHelper\PoE2PlayerReader.ahk (529) : [PoE2PlayerReader.Prototype.ReadStatsPairsFromStatsInternal] key := this.Mem.ReadInt(addr + PoE2Offsets.StatPair["Key"])
E:\ahk\poe2\GameHelper\PoE2ComponentDecoders.ahk (799) : [PoE2ComponentDecoders.Prototype.DecodeStatsComponentBasic] statsByBuffs := this.ReadStatsPairsFromStatsInternal(statsByBuffPtr)
E:\ahk\poe2\GameHelper\PoE2EntityReader.ahk (720) : [PoE2EntityReader.Prototype.DecodeSampleEntityComponents] decodedData := this.DecodeStatsComponentBasic(compAddr)
E:\ahk\poe2\GameHelper\PoE2EntityReader.ahk (593) : [PoE2EntityReader.Prototype.ReadEntityBasic] decodedComponents := this.DecodeSampleEntityComponents(components)
E:\ahk\poe2\GameHelper\PoE2EntityReader.ahk (139) : [PoE2EntityReader.Prototype.CollectEntityMapCandidates] entityBasic := this.ReadEntityBasic(entityPtr, entityId)
E:\ahk\poe2\GameHelper\PoE2EntityReader.ahk (49) : [PoE2EntityReader.Prototype.ReadAreaEntityMapSummary] candidates := this.CollectEntityMapCandidates(head, root, size, maxSample, playerOrigin)
E:\ahk\poe2\GameHelper\PoE2MemoryReader.ahk (1329) : [PoE2GameStateReader.Prototype.ReadAreaInstanceBasic] awakeEntities := this.ReadAreaEntityMapSummary(awakeMapAddress, awakeLimit, playerOrigin)
... 4 more
[2026-04-07 23:05:13] UpdateRadarFast | msg=This local variable has not been assigned a value. | line=1782 | extra=importantUiElements
E:\ahk\poe2\GameHelper\PoE2MemoryReader.ahk (1782) : [PoE2GameStateReader.Prototype.ReadRadarSnapshot] Return Map( "inGameState", Map( "address",             inGameStateAddress, "importantUiElements", importantUiElements, "areaInstance", Map( "address",               areaInstanceData, "playerRenderComponent", playerRenderComponent, "awakeEntities",         awakeEntities, "sleepingEntities",      sleepingEntities ) ) )
E:\ahk\poe2\GameHelper\AutoFlask.ahk (27) : [UpdateRadarFast] radarSnap := reader.ReadRadarSnapshot()
> Timer
E:\ahk\poe2\GameHelper\PoE2EntityReader.ahk (920) : [PoE2EntityReader.Prototype.IsPlausibleEntityPointer] If !this.IsProbablyValidPointer(entityPtr)
E:\ahk\poe2\GameHelper\PoE2EntityReader.ahk (979) : [PoE2EntityReader.Prototype.ResolveEntityPointer] If this.IsPlausibleEntityPointer(candidate)
E:\ahk\poe2\GameHelper\PoE2EntityReader.ahk (497) : [PoE2EntityReader.Prototype.DecodeEntityMapNodeEntry] entityPtr := this.ResolveEntityPointer(rawPtr)
E:\ahk\poe2\GameHelper\PoE2EntityReader.ahk (129) : [PoE2EntityReader.Prototype.CollectEntityMapCandidates] nodeEntry := this.DecodeEntityMapNodeEntry(node)
E:\ahk\poe2\GameHelper\PoE2EntityReader.ahk (49) : [PoE2EntityReader.Prototype.ReadAreaEntityMapSummary] candidates := this.CollectEntityMapCandidates(head, root, size, maxSample, playerOrigin)
E:\ahk\poe2\GameHelper\PoE2MemoryReader.ahk (1330) : [PoE2GameStateReader.Prototype.ReadAreaInstanceBasic] sleepingEntities := this.ReadAreaEntityMapSummary(sleepingMapAddress, sleepingLimit, playerOrigin)
E:\ahk\poe2\GameHelper\PoE2MemoryReader.ahk (1026) : [PoE2GameStateReader.Prototype.ReadInGameState] areaInstanceDetails := this.ReadAreaInstanceBasic(areaInstanceData)
E:\ahk\poe2\GameHelper\PoE2MemoryReader.ahk (762) : [PoE2GameStateReader.Prototype.ReadSnapshot] inGameStateData := this.ReadInGameState(inGameStateAddress)
... 2 more
[2026-04-07 23:05:13] UpdateRadarFast | msg=This local variable has not been assigned a value. | line=1782 | extra=importantUiElements
E:\ahk\poe2\GameHelper\PoE2MemoryReader.ahk (1782) : [PoE2GameStateReader.Prototype.ReadRadarSnapshot] Return Map( "inGameState", Map( "address",             inGameStateAddress, "importantUiElements", importantUiElements, "areaInstance", Map( "address",               areaInstanceData, "playerRenderComponent", playerRenderComponent, "awakeEntities",         awakeEntities, "sleepingEntities",      sleepingEntities ) ) )
E:\ahk\poe2\GameHelper\AutoFlask.ahk (27) : [UpdateRadarFast] radarSnap := reader.ReadRadarSnapshot()
> Timer
E:\ahk\poe2\GameHelper\ProcessMemory.ahk (143) : [ProcessMemory.Prototype.ReadBytes] success := DllCall("ReadProcessMemory", "Ptr", this.Handle, "Ptr", address, "Ptr", buf.Ptr, "UPtr", size, "UPtr*", bytesRead, "Int")
E:\ahk\poe2\GameHelper\ProcessMemory.ahk (187) : [ProcessMemory.Prototype.ReadInt] buf := this.ReadBytes(address, 4)
E:\ahk\poe2\GameHelper\PoE2PlayerReader.ahk (529) : [PoE2PlayerReader.Prototype.ReadStatsPairsFromStatsInternal] key := this.Mem.ReadInt(addr + PoE2Offsets.StatPair["Key"])
E:\ahk\poe2\GameHelper\PoE2PlayerReader.ahk (438) : [PoE2PlayerReader.Prototype.ReadPlayerStatsComponent] statsByBuffs := this.ReadStatsPairsFromStatsInternal(statsByBuffPtr)
E:\ahk\poe2\GameHelper\PoE2PlayerReader.ahk (255) : [PoE2PlayerReader.Prototype.BuildVitalsResult] rage := this.ReadRageSnapshotFromStats(this.ReadPlayerStatsComponent(localPlayerPtr))
E:\ahk\poe2\GameHelper\PoE2PlayerReader.ahk (206) : [PoE2PlayerReader.Prototype.ReadPlayerVitals] Return this.BuildVitalsResult(localPlayerPtr, lifeByLookup, healthVital, manaVital, esVital, playerStatsComponent, 1)
E:\ahk\poe2\GameHelper\PoE2MemoryReader.ahk (1336) : [PoE2GameStateReader.Prototype.ReadAreaInstanceBasic] playerVitals := this.ReadPlayerVitals(localPlayerPtr)
E:\ahk\poe2\GameHelper\PoE2MemoryReader.ahk (1026) : [PoE2GameStateReader.Prototype.ReadInGameState] areaInstanceDetails := this.ReadAreaInstanceBasic(areaInstanceData)
... 3 more
[2026-04-07 23:05:14] UpdateRadarFast | msg=This local variable has not been assigned a value. | line=1782 | extra=importantUiElements
E:\ahk\poe2\GameHelper\PoE2MemoryReader.ahk (1782) : [PoE2GameStateReader.Prototype.ReadRadarSnapshot] Return Map( "inGameState", Map( "address",             inGameStateAddress, "importantUiElements", importantUiElements, "areaInstance", Map( "address",               areaInstanceData, "playerRenderComponent", playerRenderComponent, "awakeEntities",         awakeEntities, "sleepingEntities",      sleepingEntities ) ) )
E:\ahk\poe2\GameHelper\AutoFlask.ahk (27) : [UpdateRadarFast] radarSnap := reader.ReadRadarSnapshot()
> Timer

[2026-04-07 23:05:14] UpdateRadarFast | msg=This local variable has not been assigned a value. | line=1782 | extra=importantUiElements
E:\ahk\poe2\GameHelper\PoE2MemoryReader.ahk (1782) : [PoE2GameStateReader.Prototype.ReadRadarSnapshot] Return Map( "inGameState", Map( "address",             inGameStateAddress, "importantUiElements", importantUiElements, "areaInstance", Map( "address",               areaInstanceData, "playerRenderComponent", playerRenderComponent, "awakeEntities",         awakeEntities, "sleepingEntities",      sleepingEntities ) ) )
E:\ahk\poe2\GameHelper\AutoFlask.ahk (27) : [UpdateRadarFast] radarSnap := reader.ReadRadarSnapshot()
> Timer

[2026-04-07 23:05:14] UpdateRadarFast | msg=This local variable has not been assigned a value. | line=1782 | extra=importantUiElements
E:\ahk\poe2\GameHelper\PoE2MemoryReader.ahk (1782) : [PoE2GameStateReader.Prototype.ReadRadarSnapshot] Return Map( "inGameState", Map( "address",             inGameStateAddress, "importantUiElements", importantUiElements, "areaInstance", Map( "address",               areaInstanceData, "playerRenderComponent", playerRenderComponent, "awakeEntities",         awakeEntities, "sleepingEntities",      sleepingEntities ) ) )
E:\ahk\poe2\GameHelper\AutoFlask.ahk (27) : [UpdateRadarFast] radarSnap := reader.ReadRadarSnapshot()
> Timer

[2026-04-07 23:05:15] UpdateRadarFast | msg=This local variable has not been assigned a value. | line=1782 | extra=importantUiElements
E:\ahk\poe2\GameHelper\PoE2MemoryReader.ahk (1782) : [PoE2GameStateReader.Prototype.ReadRadarSnapshot] Return Map( "inGameState", Map( "address",             inGameStateAddress, "importantUiElements", importantUiElements, "areaInstance", Map( "address",               areaInstanceData, "playerRenderComponent", playerRenderComponent, "awakeEntities",         awakeEntities, "sleepingEntities",      sleepingEntities ) ) )
E:\ahk\poe2\GameHelper\AutoFlask.ahk (27) : [UpdateRadarFast] radarSnap := reader.ReadRadarSnapshot()
> Timer

[2026-04-07 23:05:15] UpdateRadarFast | msg=This local variable has not been assigned a value. | line=1782 | extra=importantUiElements
E:\ahk\poe2\GameHelper\PoE2MemoryReader.ahk (1782) : [PoE2GameStateReader.Prototype.ReadRadarSnapshot] Return Map( "inGameState", Map( "address",             inGameStateAddress, "importantUiElements", importantUiElements, "areaInstance", Map( "address",               areaInstanceData, "playerRenderComponent", playerRenderComponent, "awakeEntities",         awakeEntities, "sleepingEntities",      sleepingEntities ) ) )
E:\ahk\poe2\GameHelper\AutoFlask.ahk (27) : [UpdateRadarFast] radarSnap := reader.ReadRadarSnapshot()
> Timer

[2026-04-07 23:05:15] UpdateRadarFast | msg=This local variable has not been assigned a value. | line=1782 | extra=importantUiElements
E:\ahk\poe2\GameHelper\PoE2MemoryReader.ahk (1782) : [PoE2GameStateReader.Prototype.ReadRadarSnapshot] Return Map( "inGameState", Map( "address",             inGameStateAddress, "importantUiElements", importantUiElements, "areaInstance", Map( "address",               areaInstanceData, "playerRenderComponent", playerRenderComponent, "awakeEntities",         awakeEntities, "sleepingEntities",      sleepingEntities ) ) )
E:\ahk\poe2\GameHelper\AutoFlask.ahk (27) : [UpdateRadarFast] radarSnap := reader.ReadRadarSnapshot()
> Timer

[2026-04-07 23:05:15] UpdateRadarFast | msg=This local variable has not been assigned a value. | line=1782 | extra=importantUiElements
E:\ahk\poe2\GameHelper\PoE2MemoryReader.ahk (1782) : [PoE2GameStateReader.Prototype.ReadRadarSnapshot] Return Map( "inGameState", Map( "address",             inGameStateAddress, "importantUiElements", importantUiElements, "areaInstance", Map( "address",               areaInstanceData, "playerRenderComponent", playerRenderComponent, "awakeEntities",         awakeEntities, "sleepingEntities",      sleepingEntities ) ) )
E:\ahk\poe2\GameHelper\AutoFlask.ahk (27) : [UpdateRadarFast] radarSnap := reader.ReadRadarSnapshot()
> Timer

[2026-04-07 23:05:15] UpdateRadarFast | msg=This local variable has not been assigned a value. | line=1782 | extra=importantUiElements
E:\ahk\poe2\GameHelper\PoE2MemoryReader.ahk (1782) : [PoE2GameStateReader.Prototype.ReadRadarSnapshot] Return Map( "inGameState", Map( "address",             inGameStateAddress, "importantUiElements", importantUiElements, "areaInstance", Map( "address",               areaInstanceData, "playerRenderComponent", playerRenderComponent, "awakeEntities",         awakeEntities, "sleepingEntities",      sleepingEntities ) ) )
E:\ahk\poe2\GameHelper\AutoFlask.ahk (27) : [UpdateRadarFast] radarSnap := reader.ReadRadarSnapshot()
> Timer

[2026-04-07 23:05:15] UpdateRadarFast | msg=This local variable has not been assigned a value. | line=1782 | extra=importantUiElements
E:\ahk\poe2\GameHelper\PoE2MemoryReader.ahk (1782) : [PoE2GameStateReader.Prototype.ReadRadarSnapshot] Return Map( "inGameState", Map( "address",             inGameStateAddress, "importantUiElements", importantUiElements, "areaInstance", Map( "address",               areaInstanceData, "playerRenderComponent", playerRenderComponent, "awakeEntities",         awakeEntities, "sleepingEntities",      sleepingEntities ) ) )
E:\ahk\poe2\GameHelper\AutoFlask.ahk (27) : [UpdateRadarFast] radarSnap := reader.ReadRadarSnapshot()
> Timer

[2026-04-07 23:05:16] UpdateRadarFast | msg=This local variable has not been assigned a value. | line=1782 | extra=importantUiElements
E:\ahk\poe2\GameHelper\PoE2MemoryReader.ahk (1782) : [PoE2GameStateReader.Prototype.ReadRadarSnapshot] Return Map( "inGameState", Map( "address",             inGameStateAddress, "importantUiElements", importantUiElements, "areaInstance", Map( "address",               areaInstanceData, "playerRenderComponent", playerRenderComponent, "awakeEntities",         awakeEntities, "sleepingEntities",      sleepingEntities ) ) )
E:\ahk\poe2\GameHelper\AutoFlask.ahk (27) : [UpdateRadarFast] radarSnap := reader.ReadRadarSnapshot()
> Timer

[2026-04-07 23:05:16] UpdateRadarFast | msg=This local variable has not been assigned a value. | line=1782 | extra=importantUiElements
E:\ahk\poe2\GameHelper\PoE2MemoryReader.ahk (1782) : [PoE2GameStateReader.Prototype.ReadRadarSnapshot] Return Map( "inGameState", Map( "address",             inGameStateAddress, "importantUiElements", importantUiElements, "areaInstance", Map( "address",               areaInstanceData, "playerRenderComponent", playerRenderComponent, "awakeEntities",         awakeEntities, "sleepingEntities",      sleepingEntities ) ) )
E:\ahk\poe2\GameHelper\AutoFlask.ahk (27) : [UpdateRadarFast] radarSnap := reader.ReadRadarSnapshot()
> Timer

[2026-04-07 23:05:16] UpdateRadarFast | msg=This local variable has not been assigned a value. | line=1782 | extra=importantUiElements
E:\ahk\poe2\GameHelper\PoE2MemoryReader.ahk (1782) : [PoE2GameStateReader.Prototype.ReadRadarSnapshot] Return Map( "inGameState", Map( "address",             inGameStateAddress, "importantUiElements", importantUiElements, "areaInstance", Map( "address",               areaInstanceData, "playerRenderComponent", playerRenderComponent, "awakeEntities",         awakeEntities, "sleepingEntities",      sleepingEntities ) ) )
E:\ahk\poe2\GameHelper\AutoFlask.ahk (27) : [UpdateRadarFast] radarSnap := reader.ReadRadarSnapshot()
> Timer

[2026-04-07 23:05:16] UpdateRadarFast | msg=This local variable has not been assigned a value. | line=1782 | extra=importantUiElements
E:\ahk\poe2\GameHelper\PoE2MemoryReader.ahk (1782) : [PoE2GameStateReader.Prototype.ReadRadarSnapshot] Return Map( "inGameState", Map( "address",             inGameStateAddress, "importantUiElements", importantUiElements, "areaInstance", Map( "address",               areaInstanceData, "playerRenderComponent", playerRenderComponent, "awakeEntities",         awakeEntities, "sleepingEntities",      sleepingEntities ) ) )
E:\ahk\poe2\GameHelper\AutoFlask.ahk (27) : [UpdateRadarFast] radarSnap := reader.ReadRadarSnapshot()
> Timer

[2026-04-07 23:05:16] UpdateRadarFast | msg=This local variable has not been assigned a value. | line=1782 | extra=importantUiElements
E:\ahk\poe2\GameHelper\PoE2MemoryReader.ahk (1782) : [PoE2GameStateReader.Prototype.ReadRadarSnapshot] Return Map( "inGameState", Map( "address",             inGameStateAddress, "importantUiElements", importantUiElements, "areaInstance", Map( "address",               areaInstanceData, "playerRenderComponent", playerRenderComponent, "awakeEntities",         awakeEntities, "sleepingEntities",      sleepingEntities ) ) )
E:\ahk\poe2\GameHelper\AutoFlask.ahk (27) : [UpdateRadarFast] radarSnap := reader.ReadRadarSnapshot()
> Timer

[2026-04-07 23:05:16] UpdateRadarFast | msg=This local variable has not been assigned a value. | line=1782 | extra=importantUiElements
E:\ahk\poe2\GameHelper\PoE2MemoryReader.ahk (1782) : [PoE2GameStateReader.Prototype.ReadRadarSnapshot] Return Map( "inGameState", Map( "address",             inGameStateAddress, "importantUiElements", importantUiElements, "areaInstance", Map( "address",               areaInstanceData, "playerRenderComponent", playerRenderComponent, "awakeEntities",         awakeEntities, "sleepingEntities",      sleepingEntities ) ) )
E:\ahk\poe2\GameHelper\AutoFlask.ahk (27) : [UpdateRadarFast] radarSnap := reader.ReadRadarSnapshot()
> Timer

[2026-04-07 23:05:17] UpdateRadarFast | msg=This local variable has not been assigned a value. | line=1782 | extra=importantUiElements
E:\ahk\poe2\GameHelper\PoE2MemoryReader.ahk (1782) : [PoE2GameStateReader.Prototype.ReadRadarSnapshot] Return Map( "inGameState", Map( "address",             inGameStateAddress, "importantUiElements", importantUiElements, "areaInstance", Map( "address",               areaInstanceData, "playerRenderComponent", playerRenderComponent, "awakeEntities",         awakeEntities, "sleepingEntities",      sleepingEntities ) ) )
E:\ahk\poe2\GameHelper\AutoFlask.ahk (27) : [UpdateRadarFast] radarSnap := reader.ReadRadarSnapshot()
> Timer

[2026-04-07 23:05:17] UpdateRadarFast | msg=This local variable has not been assigned a value. | line=1782 | extra=importantUiElements
E:\ahk\poe2\GameHelper\PoE2MemoryReader.ahk (1782) : [PoE2GameStateReader.Prototype.ReadRadarSnapshot] Return Map( "inGameState", Map( "address",             inGameStateAddress, "importantUiElements", importantUiElements, "areaInstance", Map( "address",               areaInstanceData, "playerRenderComponent", playerRenderComponent, "awakeEntities",         awakeEntities, "sleepingEntities",      sleepingEntities ) ) )
E:\ahk\poe2\GameHelper\AutoFlask.ahk (27) : [UpdateRadarFast] radarSnap := reader.ReadRadarSnapshot()
> Timer

[2026-04-07 23:05:17] UpdateRadarFast | msg=This local variable has not been assigned a value. | line=1782 | extra=importantUiElements
E:\ahk\poe2\GameHelper\PoE2MemoryReader.ahk (1782) : [PoE2GameStateReader.Prototype.ReadRadarSnapshot] Return Map( "inGameState", Map( "address",             inGameStateAddress, "importantUiElements", importantUiElements, "areaInstance", Map( "address",               areaInstanceData, "playerRenderComponent", playerRenderComponent, "awakeEntities",         awakeEntities, "sleepingEntities",      sleepingEntities ) ) )
E:\ahk\poe2\GameHelper\AutoFlask.ahk (27) : [UpdateRadarFast] radarSnap := reader.ReadRadarSnapshot()
> Timer

[2026-04-07 23:05:17] UpdateRadarFast | msg=This local variable has not been assigned a value. | line=1782 | extra=importantUiElements
E:\ahk\poe2\GameHelper\PoE2MemoryReader.ahk (1782) : [PoE2GameStateReader.Prototype.ReadRadarSnapshot] Return Map( "inGameState", Map( "address",             inGameStateAddress, "importantUiElements", importantUiElements, "areaInstance", Map( "address",               areaInstanceData, "playerRenderComponent", playerRenderComponent, "awakeEntities",         awakeEntities, "sleepingEntities",      sleepingEntities ) ) )
E:\ahk\poe2\GameHelper\AutoFlask.ahk (27) : [UpdateRadarFast] radarSnap := reader.ReadRadarSnapshot()
> Timer

[2026-04-07 23:05:17] UpdateRadarFast | msg=This local variable has not been assigned a value. | line=1782 | extra=importantUiElements
E:\ahk\poe2\GameHelper\PoE2MemoryReader.ahk (1782) : [PoE2GameStateReader.Prototype.ReadRadarSnapshot] Return Map( "inGameState", Map( "address",             inGameStateAddress, "importantUiElements", importantUiElements, "areaInstance", Map( "address",               areaInstanceData, "playerRenderComponent", playerRenderComponent, "awakeEntities",         awakeEntities, "sleepingEntities",      sleepingEntities ) ) )
E:\ahk\poe2\GameHelper\AutoFlask.ahk (27) : [UpdateRadarFast] radarSnap := reader.ReadRadarSnapshot()
> Timer

[2026-04-07 23:05:17] UpdateRadarFast | msg=This local variable has not been assigned a value. | line=1782 | extra=importantUiElements
E:\ahk\poe2\GameHelper\PoE2MemoryReader.ahk (1782) : [PoE2GameStateReader.Prototype.ReadRadarSnapshot] Return Map( "inGameState", Map( "address",             inGameStateAddress, "importantUiElements", importantUiElements, "areaInstance", Map( "address",               areaInstanceData, "playerRenderComponent", playerRenderComponent, "awakeEntities",         awakeEntities, "sleepingEntities",      sleepingEntities ) ) )
E:\ahk\poe2\GameHelper\AutoFlask.ahk (27) : [UpdateRadarFast] radarSnap := reader.ReadRadarSnapshot()
> Timer

[2026-04-07 23:05:18] UpdateRadarFast | msg=This local variable has not been assigned a value. | line=1782 | extra=importantUiElements
E:\ahk\poe2\GameHelper\PoE2MemoryReader.ahk (1782) : [PoE2GameStateReader.Prototype.ReadRadarSnapshot] Return Map( "inGameState", Map( "address",             inGameStateAddress, "importantUiElements", importantUiElements, "areaInstance", Map( "address",               areaInstanceData, "playerRenderComponent", playerRenderComponent, "awakeEntities",         awakeEntities, "sleepingEntities",      sleepingEntities ) ) )
E:\ahk\poe2\GameHelper\AutoFlask.ahk (27) : [UpdateRadarFast] radarSnap := reader.ReadRadarSnapshot()
> Timer

[2026-04-07 23:05:18] UpdateRadarFast | msg=This local variable has not been assigned a value. | line=1782 | extra=importantUiElements
E:\ahk\poe2\GameHelper\PoE2MemoryReader.ahk (1782) : [PoE2GameStateReader.Prototype.ReadRadarSnapshot] Return Map( "inGameState", Map( "address",             inGameStateAddress, "importantUiElements", importantUiElements, "areaInstance", Map( "address",               areaInstanceData, "playerRenderComponent", playerRenderComponent, "awakeEntities",         awakeEntities, "sleepingEntities",      sleepingEntities ) ) )
E:\ahk\poe2\GameHelper\AutoFlask.ahk (27) : [UpdateRadarFast] radarSnap := reader.ReadRadarSnapshot()
> Timer

[2026-04-07 23:05:18] UpdateRadarFast | msg=This local variable has not been assigned a value. | line=1782 | extra=importantUiElements
E:\ahk\poe2\GameHelper\PoE2MemoryReader.ahk (1782) : [PoE2GameStateReader.Prototype.ReadRadarSnapshot] Return Map( "inGameState", Map( "address",             inGameStateAddress, "importantUiElements", importantUiElements, "areaInstance", Map( "address",               areaInstanceData, "playerRenderComponent", playerRenderComponent, "awakeEntities",         awakeEntities, "sleepingEntities",      sleepingEntities ) ) )
E:\ahk\poe2\GameHelper\AutoFlask.ahk (27) : [UpdateRadarFast] radarSnap := reader.ReadRadarSnapshot()
> Timer

[2026-04-07 23:05:18] UpdateRadarFast | msg=This local variable has not been assigned a value. | line=1782 | extra=importantUiElements
E:\ahk\poe2\GameHelper\PoE2MemoryReader.ahk (1782) : [PoE2GameStateReader.Prototype.ReadRadarSnapshot] Return Map( "inGameState", Map( "address",             inGameStateAddress, "importantUiElements", importantUiElements, "areaInstance", Map( "address",               areaInstanceData, "playerRenderComponent", playerRenderComponent, "awakeEntities",         awakeEntities, "sleepingEntities",      sleepingEntities ) ) )
E:\ahk\poe2\GameHelper\AutoFlask.ahk (27) : [UpdateRadarFast] radarSnap := reader.ReadRadarSnapshot()
> Timer

[2026-04-07 23:05:18] UpdateRadarFast | msg=This local variable has not been assigned a value. | line=1782 | extra=importantUiElements
E:\ahk\poe2\GameHelper\PoE2MemoryReader.ahk (1782) : [PoE2GameStateReader.Prototype.ReadRadarSnapshot] Return Map( "inGameState", Map( "address",             inGameStateAddress, "importantUiElements", importantUiElements, "areaInstance", Map( "address",               areaInstanceData, "playerRenderComponent", playerRenderComponent, "awakeEntities",         awakeEntities, "sleepingEntities",      sleepingEntities ) ) )
E:\ahk\poe2\GameHelper\AutoFlask.ahk (27) : [UpdateRadarFast] radarSnap := reader.ReadRadarSnapshot()
> Timer

[2026-04-07 23:05:19] UpdateRadarFast | msg=This local variable has not been assigned a value. | line=1782 | extra=importantUiElements
E:\ahk\poe2\GameHelper\PoE2MemoryReader.ahk (1782) : [PoE2GameStateReader.Prototype.ReadRadarSnapshot] Return Map( "inGameState", Map( "address",             inGameStateAddress, "importantUiElements", importantUiElements, "areaInstance", Map( "address",               areaInstanceData, "playerRenderComponent", playerRenderComponent, "awakeEntities",         awakeEntities, "sleepingEntities",      sleepingEntities ) ) )
E:\ahk\poe2\GameHelper\AutoFlask.ahk (27) : [UpdateRadarFast] radarSnap := reader.ReadRadarSnapshot()
> Timer

[2026-04-07 23:05:19] UpdateRadarFast | msg=This local variable has not been assigned a value. | line=1782 | extra=importantUiElements
E:\ahk\poe2\GameHelper\PoE2MemoryReader.ahk (1782) : [PoE2GameStateReader.Prototype.ReadRadarSnapshot] Return Map( "inGameState", Map( "address",             inGameStateAddress, "importantUiElements", importantUiElements, "areaInstance", Map( "address",               areaInstanceData, "playerRenderComponent", playerRenderComponent, "awakeEntities",         awakeEntities, "sleepingEntities",      sleepingEntities ) ) )
E:\ahk\poe2\GameHelper\AutoFlask.ahk (27) : [UpdateRadarFast] radarSnap := reader.ReadRadarSnapshot()
> Timer

[2026-04-07 23:05:19] UpdateRadarFast | msg=This local variable has not been assigned a value. | line=1782 | extra=importantUiElements
E:\ahk\poe2\GameHelper\PoE2MemoryReader.ahk (1782) : [PoE2GameStateReader.Prototype.ReadRadarSnapshot] Return Map( "inGameState", Map( "address",             inGameStateAddress, "importantUiElements", importantUiElements, "areaInstance", Map( "address",               areaInstanceData, "playerRenderComponent", playerRenderComponent, "awakeEntities",         awakeEntities, "sleepingEntities",      sleepingEntities ) ) )
E:\ahk\poe2\GameHelper\AutoFlask.ahk (27) : [UpdateRadarFast] radarSnap := reader.ReadRadarSnapshot()
> Timer

[2026-04-07 23:05:19] UpdateRadarFast | msg=This local variable has not been assigned a value. | line=1782 | extra=importantUiElements
E:\ahk\poe2\GameHelper\PoE2MemoryReader.ahk (1782) : [PoE2GameStateReader.Prototype.ReadRadarSnapshot] Return Map( "inGameState", Map( "address",             inGameStateAddress, "importantUiElements", importantUiElements, "areaInstance", Map( "address",               areaInstanceData, "playerRenderComponent", playerRenderComponent, "awakeEntities",         awakeEntities, "sleepingEntities",      sleepingEntities ) ) )
E:\ahk\poe2\GameHelper\AutoFlask.ahk (27) : [UpdateRadarFast] radarSnap := reader.ReadRadarSnapshot()
> Timer

[2026-04-07 23:05:19] UpdateRadarFast | msg=This local variable has not been assigned a value. | line=1782 | extra=importantUiElements
E:\ahk\poe2\GameHelper\PoE2MemoryReader.ahk (1782) : [PoE2GameStateReader.Prototype.ReadRadarSnapshot] Return Map( "inGameState", Map( "address",             inGameStateAddress, "importantUiElements", importantUiElements, "areaInstance", Map( "address",               areaInstanceData, "playerRenderComponent", playerRenderComponent, "awakeEntities",         awakeEntities, "sleepingEntities",      sleepingEntities ) ) )
E:\ahk\poe2\GameHelper\AutoFlask.ahk (27) : [UpdateRadarFast] radarSnap := reader.ReadRadarSnapshot()
> Timer

[2026-04-07 23:05:19] UpdateRadarFast | msg=This local variable has not been assigned a value. | line=1782 | extra=importantUiElements
E:\ahk\poe2\GameHelper\PoE2MemoryReader.ahk (1782) : [PoE2GameStateReader.Prototype.ReadRadarSnapshot] Return Map( "inGameState", Map( "address",             inGameStateAddress, "importantUiElements", importantUiElements, "areaInstance", Map( "address",               areaInstanceData, "playerRenderComponent", playerRenderComponent, "awakeEntities",         awakeEntities, "sleepingEntities",      sleepingEntities ) ) )
E:\ahk\poe2\GameHelper\AutoFlask.ahk (27) : [UpdateRadarFast] radarSnap := reader.ReadRadarSnapshot()
> Timer

[2026-04-07 23:05:19] UpdateRadarFast | msg=This local variable has not been assigned a value. | line=1782 | extra=importantUiElements
E:\ahk\poe2\GameHelper\PoE2MemoryReader.ahk (1782) : [PoE2GameStateReader.Prototype.ReadRadarSnapshot] Return Map( "inGameState", Map( "address",             inGameStateAddress, "importantUiElements", importantUiElements, "areaInstance", Map( "address",               areaInstanceData, "playerRenderComponent", playerRenderComponent, "awakeEntities",         awakeEntities, "sleepingEntities",      sleepingEntities ) ) )
E:\ahk\poe2\GameHelper\AutoFlask.ahk (27) : [UpdateRadarFast] radarSnap := reader.ReadRadarSnapshot()
> Timer

[2026-04-07 23:05:20] UpdateRadarFast | msg=This local variable has not been assigned a value. | line=1782 | extra=importantUiElements
E:\ahk\poe2\GameHelper\PoE2MemoryReader.ahk (1782) : [PoE2GameStateReader.Prototype.ReadRadarSnapshot] Return Map( "inGameState", Map( "address",             inGameStateAddress, "importantUiElements", importantUiElements, "areaInstance", Map( "address",               areaInstanceData, "playerRenderComponent", playerRenderComponent, "awakeEntities",         awakeEntities, "sleepingEntities",      sleepingEntities ) ) )
E:\ahk\poe2\GameHelper\AutoFlask.ahk (27) : [UpdateRadarFast] radarSnap := reader.ReadRadarSnapshot()
> Timer

[2026-04-07 23:05:20] UpdateRadarFast | msg=This local variable has not been assigned a value. | line=1782 | extra=importantUiElements
E:\ahk\poe2\GameHelper\PoE2MemoryReader.ahk (1782) : [PoE2GameStateReader.Prototype.ReadRadarSnapshot] Return Map( "inGameState", Map( "address",             inGameStateAddress, "importantUiElements", importantUiElements, "areaInstance", Map( "address",               areaInstanceData, "playerRenderComponent", playerRenderComponent, "awakeEntities",         awakeEntities, "sleepingEntities",      sleepingEntities ) ) )
E:\ahk\poe2\GameHelper\AutoFlask.ahk (27) : [UpdateRadarFast] radarSnap := reader.ReadRadarSnapshot()
> Timer

[2026-04-07 23:05:20] UpdateRadarFast | msg=This local variable has not been assigned a value. | line=1782 | extra=importantUiElements
E:\ahk\poe2\GameHelper\PoE2MemoryReader.ahk (1782) : [PoE2GameStateReader.Prototype.ReadRadarSnapshot] Return Map( "inGameState", Map( "address",             inGameStateAddress, "importantUiElements", importantUiElements, "areaInstance", Map( "address",               areaInstanceData, "playerRenderComponent", playerRenderComponent, "awakeEntities",         awakeEntities, "sleepingEntities",      sleepingEntities ) ) )
E:\ahk\poe2\GameHelper\AutoFlask.ahk (27) : [UpdateRadarFast] radarSnap := reader.ReadRadarSnapshot()
> Timer

[2026-04-07 23:05:20] UpdateRadarFast | msg=This local variable has not been assigned a value. | line=1782 | extra=importantUiElements
E:\ahk\poe2\GameHelper\PoE2MemoryReader.ahk (1782) : [PoE2GameStateReader.Prototype.ReadRadarSnapshot] Return Map( "inGameState", Map( "address",             inGameStateAddress, "importantUiElements", importantUiElements, "areaInstance", Map( "address",               areaInstanceData, "playerRenderComponent", playerRenderComponent, "awakeEntities",         awakeEntities, "sleepingEntities",      sleepingEntities ) ) )
E:\ahk\poe2\GameHelper\AutoFlask.ahk (27) : [UpdateRadarFast] radarSnap := reader.ReadRadarSnapshot()
> Timer

[2026-04-07 23:05:20] UpdateRadarFast | msg=This local variable has not been assigned a value. | line=1782 | extra=importantUiElements
E:\ahk\poe2\GameHelper\PoE2MemoryReader.ahk (1782) : [PoE2GameStateReader.Prototype.ReadRadarSnapshot] Return Map( "inGameState", Map( "address",             inGameStateAddress, "importantUiElements", importantUiElements, "areaInstance", Map( "address",               areaInstanceData, "playerRenderComponent", playerRenderComponent, "awakeEntities",         awakeEntities, "sleepingEntities",      sleepingEntities ) ) )
E:\ahk\poe2\GameHelper\AutoFlask.ahk (27) : [UpdateRadarFast] radarSnap := reader.ReadRadarSnapshot()
> Timer

[2026-04-07 23:05:21] UpdateRadarFast | msg=This local variable has not been assigned a value. | line=1782 | extra=importantUiElements
E:\ahk\poe2\GameHelper\PoE2MemoryReader.ahk (1782) : [PoE2GameStateReader.Prototype.ReadRadarSnapshot] Return Map( "inGameState", Map( "address",             inGameStateAddress, "importantUiElements", importantUiElements, "areaInstance", Map( "address",               areaInstanceData, "playerRenderComponent", playerRenderComponent, "awakeEntities",         awakeEntities, "sleepingEntities",      sleepingEntities ) ) )
E:\ahk\poe2\GameHelper\AutoFlask.ahk (27) : [UpdateRadarFast] radarSnap := reader.ReadRadarSnapshot()
> Timer

[2026-04-07 23:05:21] UpdateRadarFast | msg=This local variable has not been assigned a value. | line=1782 | extra=importantUiElements
E:\ahk\poe2\GameHelper\PoE2MemoryReader.ahk (1782) : [PoE2GameStateReader.Prototype.ReadRadarSnapshot] Return Map( "inGameState", Map( "address",             inGameStateAddress, "importantUiElements", importantUiElements, "areaInstance", Map( "address",               areaInstanceData, "playerRenderComponent", playerRenderComponent, "awakeEntities",         awakeEntities, "sleepingEntities",      sleepingEntities ) ) )
E:\ahk\poe2\GameHelper\AutoFlask.ahk (27) : [UpdateRadarFast] radarSnap := reader.ReadRadarSnapshot()
> Timer

[2026-04-07 23:05:21] UpdateRadarFast | msg=This local variable has not been assigned a value. | line=1782 | extra=importantUiElements
E:\ahk\poe2\GameHelper\PoE2MemoryReader.ahk (1782) : [PoE2GameStateReader.Prototype.ReadRadarSnapshot] Return Map( "inGameState", Map( "address",             inGameStateAddress, "importantUiElements", importantUiElements, "areaInstance", Map( "address",               areaInstanceData, "playerRenderComponent", playerRenderComponent, "awakeEntities",         awakeEntities, "sleepingEntities",      sleepingEntities ) ) )
E:\ahk\poe2\GameHelper\AutoFlask.ahk (27) : [UpdateRadarFast] radarSnap := reader.ReadRadarSnapshot()
> Timer

[2026-04-07 23:05:21] UpdateRadarFast | msg=This local variable has not been assigned a value. | line=1782 | extra=importantUiElements
E:\ahk\poe2\GameHelper\PoE2MemoryReader.ahk (1782) : [PoE2GameStateReader.Prototype.ReadRadarSnapshot] Return Map( "inGameState", Map( "address",             inGameStateAddress, "importantUiElements", importantUiElements, "areaInstance", Map( "address",               areaInstanceData, "playerRenderComponent", playerRenderComponent, "awakeEntities",         awakeEntities, "sleepingEntities",      sleepingEntities ) ) )
E:\ahk\poe2\GameHelper\AutoFlask.ahk (27) : [UpdateRadarFast] radarSnap := reader.ReadRadarSnapshot()
> Timer

[2026-04-07 23:05:21] UpdateRadarFast | msg=This local variable has not been assigned a value. | line=1782 | extra=importantUiElements
E:\ahk\poe2\GameHelper\PoE2MemoryReader.ahk (1782) : [PoE2GameStateReader.Prototype.ReadRadarSnapshot] Return Map( "inGameState", Map( "address",             inGameStateAddress, "importantUiElements", importantUiElements, "areaInstance", Map( "address",               areaInstanceData, "playerRenderComponent", playerRenderComponent, "awakeEntities",         awakeEntities, "sleepingEntities",      sleepingEntities ) ) )
E:\ahk\poe2\GameHelper\AutoFlask.ahk (27) : [UpdateRadarFast] radarSnap := reader.ReadRadarSnapshot()
> Timer

[2026-04-07 23:05:21] UpdateRadarFast | msg=This local variable has not been assigned a value. | line=1782 | extra=importantUiElements
E:\ahk\poe2\GameHelper\PoE2MemoryReader.ahk (1782) : [PoE2GameStateReader.Prototype.ReadRadarSnapshot] Return Map( "inGameState", Map( "address",             inGameStateAddress, "importantUiElements", importantUiElements, "areaInstance", Map( "address",               areaInstanceData, "playerRenderComponent", playerRenderComponent, "awakeEntities",         awakeEntities, "sleepingEntities",      sleepingEntities ) ) )
E:\ahk\poe2\GameHelper\AutoFlask.ahk (27) : [UpdateRadarFast] radarSnap := reader.ReadRadarSnapshot()
> Timer

[2026-04-07 23:05:22] UpdateRadarFast | msg=This local variable has not been assigned a value. | line=1782 | extra=importantUiElements
E:\ahk\poe2\GameHelper\PoE2MemoryReader.ahk (1782) : [PoE2GameStateReader.Prototype.ReadRadarSnapshot] Return Map( "inGameState", Map( "address",             inGameStateAddress, "importantUiElements", importantUiElements, "areaInstance", Map( "address",               areaInstanceData, "playerRenderComponent", playerRenderComponent, "awakeEntities",         awakeEntities, "sleepingEntities",      sleepingEntities ) ) )
E:\ahk\poe2\GameHelper\AutoFlask.ahk (27) : [UpdateRadarFast] radarSnap := reader.ReadRadarSnapshot()
> Timer

[2026-04-07 23:05:22] UpdateRadarFast | msg=This local variable has not been assigned a value. | line=1782 | extra=importantUiElements
E:\ahk\poe2\GameHelper\PoE2MemoryReader.ahk (1782) : [PoE2GameStateReader.Prototype.ReadRadarSnapshot] Return Map( "inGameState", Map( "address",             inGameStateAddress, "importantUiElements", importantUiElements, "areaInstance", Map( "address",               areaInstanceData, "playerRenderComponent", playerRenderComponent, "awakeEntities",         awakeEntities, "sleepingEntities",      sleepingEntities ) ) )
E:\ahk\poe2\GameHelper\AutoFlask.ahk (27) : [UpdateRadarFast] radarSnap := reader.ReadRadarSnapshot()
> Timer

[2026-04-07 23:05:22] UpdateRadarFast | msg=This local variable has not been assigned a value. | line=1782 | extra=importantUiElements
E:\ahk\poe2\GameHelper\PoE2MemoryReader.ahk (1782) : [PoE2GameStateReader.Prototype.ReadRadarSnapshot] Return Map( "inGameState", Map( "address",             inGameStateAddress, "importantUiElements", importantUiElements, "areaInstance", Map( "address",               areaInstanceData, "playerRenderComponent", playerRenderComponent, "awakeEntities",         awakeEntities, "sleepingEntities",      sleepingEntities ) ) )
E:\ahk\poe2\GameHelper\AutoFlask.ahk (27) : [UpdateRadarFast] radarSnap := reader.ReadRadarSnapshot()
> Timer

[2026-04-07 23:05:22] UpdateRadarFast | msg=This local variable has not been assigned a value. | line=1782 | extra=importantUiElements
E:\ahk\poe2\GameHelper\PoE2MemoryReader.ahk (1782) : [PoE2GameStateReader.Prototype.ReadRadarSnapshot] Return Map( "inGameState", Map( "address",             inGameStateAddress, "importantUiElements", importantUiElements, "areaInstance", Map( "address",               areaInstanceData, "playerRenderComponent", playerRenderComponent, "awakeEntities",         awakeEntities, "sleepingEntities",      sleepingEntities ) ) )
E:\ahk\poe2\GameHelper\AutoFlask.ahk (27) : [UpdateRadarFast] radarSnap := reader.ReadRadarSnapshot()
> Timer

[2026-04-07 23:05:22] UpdateRadarFast | msg=This local variable has not been assigned a value. | line=1782 | extra=importantUiElements
E:\ahk\poe2\GameHelper\PoE2MemoryReader.ahk (1782) : [PoE2GameStateReader.Prototype.ReadRadarSnapshot] Return Map( "inGameState", Map( "address",             inGameStateAddress, "importantUiElements", importantUiElements, "areaInstance", Map( "address",               areaInstanceData, "playerRenderComponent", playerRenderComponent, "awakeEntities",         awakeEntities, "sleepingEntities",      sleepingEntities ) ) )
E:\ahk\poe2\GameHelper\AutoFlask.ahk (27) : [UpdateRadarFast] radarSnap := reader.ReadRadarSnapshot()
> Timer

[2026-04-07 23:05:22] UpdateRadarFast | msg=This local variable has not been assigned a value. | line=1782 | extra=importantUiElements
E:\ahk\poe2\GameHelper\PoE2MemoryReader.ahk (1782) : [PoE2GameStateReader.Prototype.ReadRadarSnapshot] Return Map( "inGameState", Map( "address",             inGameStateAddress, "importantUiElements", importantUiElements, "areaInstance", Map( "address",               areaInstanceData, "playerRenderComponent", playerRenderComponent, "awakeEntities",         awakeEntities, "sleepingEntities",      sleepingEntities ) ) )
E:\ahk\poe2\GameHelper\AutoFlask.ahk (27) : [UpdateRadarFast] radarSnap := reader.ReadRadarSnapshot()
> Timer

[2026-04-07 23:05:23] UpdateRadarFast | msg=This local variable has not been assigned a value. | line=1782 | extra=importantUiElements
E:\ahk\poe2\GameHelper\PoE2MemoryReader.ahk (1782) : [PoE2GameStateReader.Prototype.ReadRadarSnapshot] Return Map( "inGameState", Map( "address",             inGameStateAddress, "importantUiElements", importantUiElements, "areaInstance", Map( "address",               areaInstanceData, "playerRenderComponent", playerRenderComponent, "awakeEntities",         awakeEntities, "sleepingEntities",      sleepingEntities ) ) )
E:\ahk\poe2\GameHelper\AutoFlask.ahk (27) : [UpdateRadarFast] radarSnap := reader.ReadRadarSnapshot()
> Timer

[2026-04-07 23:05:23] UpdateRadarFast | msg=This local variable has not been assigned a value. | line=1782 | extra=importantUiElements
E:\ahk\poe2\GameHelper\PoE2MemoryReader.ahk (1782) : [PoE2GameStateReader.Prototype.ReadRadarSnapshot] Return Map( "inGameState", Map( "address",             inGameStateAddress, "importantUiElements", importantUiElements, "areaInstance", Map( "address",               areaInstanceData, "playerRenderComponent", playerRenderComponent, "awakeEntities",         awakeEntities, "sleepingEntities",      sleepingEntities ) ) )
E:\ahk\poe2\GameHelper\AutoFlask.ahk (27) : [UpdateRadarFast] radarSnap := reader.ReadRadarSnapshot()
> Timer

[2026-04-07 23:05:23] UpdateRadarFast | msg=This local variable has not been assigned a value. | line=1782 | extra=importantUiElements
E:\ahk\poe2\GameHelper\PoE2MemoryReader.ahk (1782) : [PoE2GameStateReader.Prototype.ReadRadarSnapshot] Return Map( "inGameState", Map( "address",             inGameStateAddress, "importantUiElements", importantUiElements, "areaInstance", Map( "address",               areaInstanceData, "playerRenderComponent", playerRenderComponent, "awakeEntities",         awakeEntities, "sleepingEntities",      sleepingEntities ) ) )
E:\ahk\poe2\GameHelper\AutoFlask.ahk (27) : [UpdateRadarFast] radarSnap := reader.ReadRadarSnapshot()
> Timer

[2026-04-07 23:05:23] UpdateRadarFast | msg=This local variable has not been assigned a value. | line=1782 | extra=importantUiElements
E:\ahk\poe2\GameHelper\PoE2MemoryReader.ahk (1782) : [PoE2GameStateReader.Prototype.ReadRadarSnapshot] Return Map( "inGameState", Map( "address",             inGameStateAddress, "importantUiElements", importantUiElements, "areaInstance", Map( "address",               areaInstanceData, "playerRenderComponent", playerRenderComponent, "awakeEntities",         awakeEntities, "sleepingEntities",      sleepingEntities ) ) )
E:\ahk\poe2\GameHelper\AutoFlask.ahk (27) : [UpdateRadarFast] radarSnap := reader.ReadRadarSnapshot()
> Timer

[2026-04-07 23:05:23] UpdateRadarFast | msg=This local variable has not been assigned a value. | line=1782 | extra=importantUiElements
E:\ahk\poe2\GameHelper\PoE2MemoryReader.ahk (1782) : [PoE2GameStateReader.Prototype.ReadRadarSnapshot] Return Map( "inGameState", Map( "address",             inGameStateAddress, "importantUiElements", importantUiElements, "areaInstance", Map( "address",               areaInstanceData, "playerRenderComponent", playerRenderComponent, "awakeEntities",         awakeEntities, "sleepingEntities",      sleepingEntities ) ) )
E:\ahk\poe2\GameHelper\AutoFlask.ahk (27) : [UpdateRadarFast] radarSnap := reader.ReadRadarSnapshot()
> Timer

[2026-04-07 23:05:23] UpdateRadarFast | msg=This local variable has not been assigned a value. | line=1782 | extra=importantUiElements
E:\ahk\poe2\GameHelper\PoE2MemoryReader.ahk (1782) : [PoE2GameStateReader.Prototype.ReadRadarSnapshot] Return Map( "inGameState", Map( "address",             inGameStateAddress, "importantUiElements", importantUiElements, "areaInstance", Map( "address",               areaInstanceData, "playerRenderComponent", playerRenderComponent, "awakeEntities",         awakeEntities, "sleepingEntities",      sleepingEntities ) ) )
E:\ahk\poe2\GameHelper\AutoFlask.ahk (27) : [UpdateRadarFast] radarSnap := reader.ReadRadarSnapshot()
> Timer

[2026-04-07 23:05:24] UpdateRadarFast | msg=This local variable has not been assigned a value. | line=1782 | extra=importantUiElements
E:\ahk\poe2\GameHelper\PoE2MemoryReader.ahk (1782) : [PoE2GameStateReader.Prototype.ReadRadarSnapshot] Return Map( "inGameState", Map( "address",             inGameStateAddress, "importantUiElements", importantUiElements, "areaInstance", Map( "address",               areaInstanceData, "playerRenderComponent", playerRenderComponent, "awakeEntities",         awakeEntities, "sleepingEntities",      sleepingEntities ) ) )
E:\ahk\poe2\GameHelper\AutoFlask.ahk (27) : [UpdateRadarFast] radarSnap := reader.ReadRadarSnapshot()
> Timer

[2026-04-07 23:05:24] UpdateRadarFast | msg=This local variable has not been assigned a value. | line=1782 | extra=importantUiElements
E:\ahk\poe2\GameHelper\PoE2MemoryReader.ahk (1782) : [PoE2GameStateReader.Prototype.ReadRadarSnapshot] Return Map( "inGameState", Map( "address",             inGameStateAddress, "importantUiElements", importantUiElements, "areaInstance", Map( "address",               areaInstanceData, "playerRenderComponent", playerRenderComponent, "awakeEntities",         awakeEntities, "sleepingEntities",      sleepingEntities ) ) )
E:\ahk\poe2\GameHelper\AutoFlask.ahk (27) : [UpdateRadarFast] radarSnap := reader.ReadRadarSnapshot()
> Timer

[2026-04-07 23:05:24] UpdateRadarFast | msg=This local variable has not been assigned a value. | line=1782 | extra=importantUiElements
E:\ahk\poe2\GameHelper\PoE2MemoryReader.ahk (1782) : [PoE2GameStateReader.Prototype.ReadRadarSnapshot] Return Map( "inGameState", Map( "address",             inGameStateAddress, "importantUiElements", importantUiElements, "areaInstance", Map( "address",               areaInstanceData, "playerRenderComponent", playerRenderComponent, "awakeEntities",         awakeEntities, "sleepingEntities",      sleepingEntities ) ) )
E:\ahk\poe2\GameHelper\AutoFlask.ahk (27) : [UpdateRadarFast] radarSnap := reader.ReadRadarSnapshot()
> Timer

[2026-04-07 23:05:24] UpdateRadarFast | msg=This local variable has not been assigned a value. | line=1782 | extra=importantUiElements
E:\ahk\poe2\GameHelper\PoE2MemoryReader.ahk (1782) : [PoE2GameStateReader.Prototype.ReadRadarSnapshot] Return Map( "inGameState", Map( "address",             inGameStateAddress, "importantUiElements", importantUiElements, "areaInstance", Map( "address",               areaInstanceData, "playerRenderComponent", playerRenderComponent, "awakeEntities",         awakeEntities, "sleepingEntities",      sleepingEntities ) ) )
E:\ahk\poe2\GameHelper\AutoFlask.ahk (27) : [UpdateRadarFast] radarSnap := reader.ReadRadarSnapshot()
> Timer

[2026-04-07 23:05:24] UpdateRadarFast | msg=This local variable has not been assigned a value. | line=1782 | extra=importantUiElements
E:\ahk\poe2\GameHelper\PoE2MemoryReader.ahk (1782) : [PoE2GameStateReader.Prototype.ReadRadarSnapshot] Return Map( "inGameState", Map( "address",             inGameStateAddress, "importantUiElements", importantUiElements, "areaInstance", Map( "address",               areaInstanceData, "playerRenderComponent", playerRenderComponent, "awakeEntities",         awakeEntities, "sleepingEntities",      sleepingEntities ) ) )
E:\ahk\poe2\GameHelper\AutoFlask.ahk (27) : [UpdateRadarFast] radarSnap := reader.ReadRadarSnapshot()
> Timer

[2026-04-07 23:05:25] UpdateRadarFast | msg=This local variable has not been assigned a value. | line=1782 | extra=importantUiElements
E:\ahk\poe2\GameHelper\PoE2MemoryReader.ahk (1782) : [PoE2GameStateReader.Prototype.ReadRadarSnapshot] Return Map( "inGameState", Map( "address",             inGameStateAddress, "importantUiElements", importantUiElements, "areaInstance", Map( "address",               areaInstanceData, "playerRenderComponent", playerRenderComponent, "awakeEntities",         awakeEntities, "sleepingEntities",      sleepingEntities ) ) )
E:\ahk\poe2\GameHelper\AutoFlask.ahk (27) : [UpdateRadarFast] radarSnap := reader.ReadRadarSnapshot()
> Timer

[2026-04-07 23:05:25] UpdateRadarFast | msg=This local variable has not been assigned a value. | line=1782 | extra=importantUiElements
E:\ahk\poe2\GameHelper\PoE2MemoryReader.ahk (1782) : [PoE2GameStateReader.Prototype.ReadRadarSnapshot] Return Map( "inGameState", Map( "address",             inGameStateAddress, "importantUiElements", importantUiElements, "areaInstance", Map( "address",               areaInstanceData, "playerRenderComponent", playerRenderComponent, "awakeEntities",         awakeEntities, "sleepingEntities",      sleepingEntities ) ) )
E:\ahk\poe2\GameHelper\AutoFlask.ahk (27) : [UpdateRadarFast] radarSnap := reader.ReadRadarSnapshot()
> Timer

[2026-04-07 23:05:25] UpdateRadarFast | msg=This local variable has not been assigned a value. | line=1782 | extra=importantUiElements
E:\ahk\poe2\GameHelper\PoE2MemoryReader.ahk (1782) : [PoE2GameStateReader.Prototype.ReadRadarSnapshot] Return Map( "inGameState", Map( "address",             inGameStateAddress, "importantUiElements", importantUiElements, "areaInstance", Map( "address",               areaInstanceData, "playerRenderComponent", playerRenderComponent, "awakeEntities",         awakeEntities, "sleepingEntities",      sleepingEntities ) ) )
E:\ahk\poe2\GameHelper\AutoFlask.ahk (27) : [UpdateRadarFast] radarSnap := reader.ReadRadarSnapshot()
> Timer

[2026-04-07 23:05:25] UpdateRadarFast | msg=This local variable has not been assigned a value. | line=1782 | extra=importantUiElements
E:\ahk\poe2\GameHelper\PoE2MemoryReader.ahk (1782) : [PoE2GameStateReader.Prototype.ReadRadarSnapshot] Return Map( "inGameState", Map( "address",             inGameStateAddress, "importantUiElements", importantUiElements, "areaInstance", Map( "address",               areaInstanceData, "playerRenderComponent", playerRenderComponent, "awakeEntities",         awakeEntities, "sleepingEntities",      sleepingEntities ) ) )
E:\ahk\poe2\GameHelper\AutoFlask.ahk (27) : [UpdateRadarFast] radarSnap := reader.ReadRadarSnapshot()
> Timer

[2026-04-07 23:05:25] UpdateRadarFast | msg=This local variable has not been assigned a value. | line=1782 | extra=importantUiElements
E:\ahk\poe2\GameHelper\PoE2MemoryReader.ahk (1782) : [PoE2GameStateReader.Prototype.ReadRadarSnapshot] Return Map( "inGameState", Map( "address",             inGameStateAddress, "importantUiElements", importantUiElements, "areaInstance", Map( "address",               areaInstanceData, "playerRenderComponent", playerRenderComponent, "awakeEntities",         awakeEntities, "sleepingEntities",      sleepingEntities ) ) )
E:\ahk\poe2\GameHelper\AutoFlask.ahk (27) : [UpdateRadarFast] radarSnap := reader.ReadRadarSnapshot()
> Timer

[2026-04-07 23:05:25] UpdateRadarFast | msg=This local variable has not been assigned a value. | line=1782 | extra=importantUiElements
E:\ahk\poe2\GameHelper\PoE2MemoryReader.ahk (1782) : [PoE2GameStateReader.Prototype.ReadRadarSnapshot] Return Map( "inGameState", Map( "address",             inGameStateAddress, "importantUiElements", importantUiElements, "areaInstance", Map( "address",               areaInstanceData, "playerRenderComponent", playerRenderComponent, "awakeEntities",         awakeEntities, "sleepingEntities",      sleepingEntities ) ) )
E:\ahk\poe2\GameHelper\AutoFlask.ahk (27) : [UpdateRadarFast] radarSnap := reader.ReadRadarSnapshot()
> Timer

[2026-04-07 23:05:26] UpdateRadarFast | msg=This local variable has not been assigned a value. | line=1782 | extra=importantUiElements
E:\ahk\poe2\GameHelper\PoE2MemoryReader.ahk (1782) : [PoE2GameStateReader.Prototype.ReadRadarSnapshot] Return Map( "inGameState", Map( "address",             inGameStateAddress, "importantUiElements", importantUiElements, "areaInstance", Map( "address",               areaInstanceData, "playerRenderComponent", playerRenderComponent, "awakeEntities",         awakeEntities, "sleepingEntities",      sleepingEntities ) ) )
E:\ahk\poe2\GameHelper\AutoFlask.ahk (27) : [UpdateRadarFast] radarSnap := reader.ReadRadarSnapshot()
> Timer

[2026-04-07 23:05:26] UpdateRadarFast | msg=This local variable has not been assigned a value. | line=1782 | extra=importantUiElements
E:\ahk\poe2\GameHelper\PoE2MemoryReader.ahk (1782) : [PoE2GameStateReader.Prototype.ReadRadarSnapshot] Return Map( "inGameState", Map( "address",             inGameStateAddress, "importantUiElements", importantUiElements, "areaInstance", Map( "address",               areaInstanceData, "playerRenderComponent", playerRenderComponent, "awakeEntities",         awakeEntities, "sleepingEntities",      sleepingEntities ) ) )
E:\ahk\poe2\GameHelper\AutoFlask.ahk (27) : [UpdateRadarFast] radarSnap := reader.ReadRadarSnapshot()
> Timer

[2026-04-07 23:05:26] UpdateRadarFast | msg=This local variable has not been assigned a value. | line=1782 | extra=importantUiElements
E:\ahk\poe2\GameHelper\PoE2MemoryReader.ahk (1782) : [PoE2GameStateReader.Prototype.ReadRadarSnapshot] Return Map( "inGameState", Map( "address",             inGameStateAddress, "importantUiElements", importantUiElements, "areaInstance", Map( "address",               areaInstanceData, "playerRenderComponent", playerRenderComponent, "awakeEntities",         awakeEntities, "sleepingEntities",      sleepingEntities ) ) )
E:\ahk\poe2\GameHelper\AutoFlask.ahk (27) : [UpdateRadarFast] radarSnap := reader.ReadRadarSnapshot()
> Timer

[2026-04-07 23:05:26] UpdateRadarFast | msg=This local variable has not been assigned a value. | line=1782 | extra=importantUiElements
E:\ahk\poe2\GameHelper\PoE2MemoryReader.ahk (1782) : [PoE2GameStateReader.Prototype.ReadRadarSnapshot] Return Map( "inGameState", Map( "address",             inGameStateAddress, "importantUiElements", importantUiElements, "areaInstance", Map( "address",               areaInstanceData, "playerRenderComponent", playerRenderComponent, "awakeEntities",         awakeEntities, "sleepingEntities",      sleepingEntities ) ) )
E:\ahk\poe2\GameHelper\AutoFlask.ahk (27) : [UpdateRadarFast] radarSnap := reader.ReadRadarSnapshot()
> Timer

[2026-04-07 23:05:26] UpdateRadarFast | msg=This local variable has not been assigned a value. | line=1782 | extra=importantUiElements
E:\ahk\poe2\GameHelper\PoE2MemoryReader.ahk (1782) : [PoE2GameStateReader.Prototype.ReadRadarSnapshot] Return Map( "inGameState", Map( "address",             inGameStateAddress, "importantUiElements", importantUiElements, "areaInstance", Map( "address",               areaInstanceData, "playerRenderComponent", playerRenderComponent, "awakeEntities",         awakeEntities, "sleepingEntities",      sleepingEntities ) ) )
E:\ahk\poe2\GameHelper\AutoFlask.ahk (27) : [UpdateRadarFast] radarSnap := reader.ReadRadarSnapshot()
> Timer

[2026-04-07 23:05:26] UpdateRadarFast | msg=This local variable has not been assigned a value. | line=1782 | extra=importantUiElements
E:\ahk\poe2\GameHelper\PoE2MemoryReader.ahk (1782) : [PoE2GameStateReader.Prototype.ReadRadarSnapshot] Return Map( "inGameState", Map( "address",             inGameStateAddress, "importantUiElements", importantUiElements, "areaInstance", Map( "address",               areaInstanceData, "playerRenderComponent", playerRenderComponent, "awakeEntities",         awakeEntities, "sleepingEntities",      sleepingEntities ) ) )
E:\ahk\poe2\GameHelper\AutoFlask.ahk (27) : [UpdateRadarFast] radarSnap := reader.ReadRadarSnapshot()
> Timer

[2026-04-07 23:05:27] UpdateRadarFast | msg=This local variable has not been assigned a value. | line=1782 | extra=importantUiElements
E:\ahk\poe2\GameHelper\PoE2MemoryReader.ahk (1782) : [PoE2GameStateReader.Prototype.ReadRadarSnapshot] Return Map( "inGameState", Map( "address",             inGameStateAddress, "importantUiElements", importantUiElements, "areaInstance", Map( "address",               areaInstanceData, "playerRenderComponent", playerRenderComponent, "awakeEntities",         awakeEntities, "sleepingEntities",      sleepingEntities ) ) )
E:\ahk\poe2\GameHelper\AutoFlask.ahk (27) : [UpdateRadarFast] radarSnap := reader.ReadRadarSnapshot()
> Timer

[2026-04-07 23:05:27] UpdateRadarFast | msg=This local variable has not been assigned a value. | line=1782 | extra=importantUiElements
E:\ahk\poe2\GameHelper\PoE2MemoryReader.ahk (1782) : [PoE2GameStateReader.Prototype.ReadRadarSnapshot] Return Map( "inGameState", Map( "address",             inGameStateAddress, "importantUiElements", importantUiElements, "areaInstance", Map( "address",               areaInstanceData, "playerRenderComponent", playerRenderComponent, "awakeEntities",         awakeEntities, "sleepingEntities",      sleepingEntities ) ) )
E:\ahk\poe2\GameHelper\AutoFlask.ahk (27) : [UpdateRadarFast] radarSnap := reader.ReadRadarSnapshot()
> Timer

[2026-04-07 23:05:27] UpdateRadarFast | msg=This local variable has not been assigned a value. | line=1782 | extra=importantUiElements
E:\ahk\poe2\GameHelper\PoE2MemoryReader.ahk (1782) : [PoE2GameStateReader.Prototype.ReadRadarSnapshot] Return Map( "inGameState", Map( "address",             inGameStateAddress, "importantUiElements", importantUiElements, "areaInstance", Map( "address",               areaInstanceData, "playerRenderComponent", playerRenderComponent, "awakeEntities",         awakeEntities, "sleepingEntities",      sleepingEntities ) ) )
E:\ahk\poe2\GameHelper\AutoFlask.ahk (27) : [UpdateRadarFast] radarSnap := reader.ReadRadarSnapshot()
> Timer

[2026-04-07 23:05:27] UpdateRadarFast | msg=This local variable has not been assigned a value. | line=1782 | extra=importantUiElements
E:\ahk\poe2\GameHelper\PoE2MemoryReader.ahk (1782) : [PoE2GameStateReader.Prototype.ReadRadarSnapshot] Return Map( "inGameState", Map( "address",             inGameStateAddress, "importantUiElements", importantUiElements, "areaInstance", Map( "address",               areaInstanceData, "playerRenderComponent", playerRenderComponent, "awakeEntities",         awakeEntities, "sleepingEntities",      sleepingEntities ) ) )
E:\ahk\poe2\GameHelper\AutoFlask.ahk (27) : [UpdateRadarFast] radarSnap := reader.ReadRadarSnapshot()
> Timer

[2026-04-07 23:05:27] UpdateRadarFast | msg=This local variable has not been assigned a value. | line=1782 | extra=importantUiElements
E:\ahk\poe2\GameHelper\PoE2MemoryReader.ahk (1782) : [PoE2GameStateReader.Prototype.ReadRadarSnapshot] Return Map( "inGameState", Map( "address",             inGameStateAddress, "importantUiElements", importantUiElements, "areaInstance", Map( "address",               areaInstanceData, "playerRenderComponent", playerRenderComponent, "awakeEntities",         awakeEntities, "sleepingEntities",      sleepingEntities ) ) )
E:\ahk\poe2\GameHelper\AutoFlask.ahk (27) : [UpdateRadarFast] radarSnap := reader.ReadRadarSnapshot()
> Timer

[2026-04-07 23:05:27] UpdateRadarFast | msg=This local variable has not been assigned a value. | line=1782 | extra=importantUiElements
E:\ahk\poe2\GameHelper\PoE2MemoryReader.ahk (1782) : [PoE2GameStateReader.Prototype.ReadRadarSnapshot] Return Map( "inGameState", Map( "address",             inGameStateAddress, "importantUiElements", importantUiElements, "areaInstance", Map( "address",               areaInstanceData, "playerRenderComponent", playerRenderComponent, "awakeEntities",         awakeEntities, "sleepingEntities",      sleepingEntities ) ) )
E:\ahk\poe2\GameHelper\AutoFlask.ahk (27) : [UpdateRadarFast] radarSnap := reader.ReadRadarSnapshot()
> Timer

[2026-04-07 23:05:28] UpdateRadarFast | msg=This local variable has not been assigned a value. | line=1782 | extra=importantUiElements
E:\ahk\poe2\GameHelper\PoE2MemoryReader.ahk (1782) : [PoE2GameStateReader.Prototype.ReadRadarSnapshot] Return Map( "inGameState", Map( "address",             inGameStateAddress, "importantUiElements", importantUiElements, "areaInstance", Map( "address",               areaInstanceData, "playerRenderComponent", playerRenderComponent, "awakeEntities",         awakeEntities, "sleepingEntities",      sleepingEntities ) ) )
E:\ahk\poe2\GameHelper\AutoFlask.ahk (27) : [UpdateRadarFast] radarSnap := reader.ReadRadarSnapshot()
> Timer

[2026-04-07 23:05:28] UpdateRadarFast | msg=This local variable has not been assigned a value. | line=1782 | extra=importantUiElements
E:\ahk\poe2\GameHelper\PoE2MemoryReader.ahk (1782) : [PoE2GameStateReader.Prototype.ReadRadarSnapshot] Return Map( "inGameState", Map( "address",             inGameStateAddress, "importantUiElements", importantUiElements, "areaInstance", Map( "address",               areaInstanceData, "playerRenderComponent", playerRenderComponent, "awakeEntities",         awakeEntities, "sleepingEntities",      sleepingEntities ) ) )
E:\ahk\poe2\GameHelper\AutoFlask.ahk (27) : [UpdateRadarFast] radarSnap := reader.ReadRadarSnapshot()
> Timer

[2026-04-07 23:05:28] UpdateRadarFast | msg=This local variable has not been assigned a value. | line=1782 | extra=importantUiElements
E:\ahk\poe2\GameHelper\PoE2MemoryReader.ahk (1782) : [PoE2GameStateReader.Prototype.ReadRadarSnapshot] Return Map( "inGameState", Map( "address",             inGameStateAddress, "importantUiElements", importantUiElements, "areaInstance", Map( "address",               areaInstanceData, "playerRenderComponent", playerRenderComponent, "awakeEntities",         awakeEntities, "sleepingEntities",      sleepingEntities ) ) )
E:\ahk\poe2\GameHelper\AutoFlask.ahk (27) : [UpdateRadarFast] radarSnap := reader.ReadRadarSnapshot()
> Timer

[2026-04-07 23:05:28] UpdateRadarFast | msg=This local variable has not been assigned a value. | line=1782 | extra=importantUiElements
E:\ahk\poe2\GameHelper\PoE2MemoryReader.ahk (1782) : [PoE2GameStateReader.Prototype.ReadRadarSnapshot] Return Map( "inGameState", Map( "address",             inGameStateAddress, "importantUiElements", importantUiElements, "areaInstance", Map( "address",               areaInstanceData, "playerRenderComponent", playerRenderComponent, "awakeEntities",         awakeEntities, "sleepingEntities",      sleepingEntities ) ) )
E:\ahk\poe2\GameHelper\AutoFlask.ahk (27) : [UpdateRadarFast] radarSnap := reader.ReadRadarSnapshot()
> Timer

[2026-04-07 23:05:28] UpdateRadarFast | msg=This local variable has not been assigned a value. | line=1782 | extra=importantUiElements
E:\ahk\poe2\GameHelper\PoE2MemoryReader.ahk (1782) : [PoE2GameStateReader.Prototype.ReadRadarSnapshot] Return Map( "inGameState", Map( "address",             inGameStateAddress, "importantUiElements", importantUiElements, "areaInstance", Map( "address",               areaInstanceData, "playerRenderComponent", playerRenderComponent, "awakeEntities",         awakeEntities, "sleepingEntities",      sleepingEntities ) ) )
E:\ahk\poe2\GameHelper\AutoFlask.ahk (27) : [UpdateRadarFast] radarSnap := reader.ReadRadarSnapshot()
> Timer

[2026-04-07 23:05:28] UpdateRadarFast | msg=This local variable has not been assigned a value. | line=1782 | extra=importantUiElements
E:\ahk\poe2\GameHelper\PoE2MemoryReader.ahk (1782) : [PoE2GameStateReader.Prototype.ReadRadarSnapshot] Return Map( "inGameState", Map( "address",             inGameStateAddress, "importantUiElements", importantUiElements, "areaInstance", Map( "address",               areaInstanceData, "playerRenderComponent", playerRenderComponent, "awakeEntities",         awakeEntities, "sleepingEntities",      sleepingEntities ) ) )
E:\ahk\poe2\GameHelper\AutoFlask.ahk (27) : [UpdateRadarFast] radarSnap := reader.ReadRadarSnapshot()
> Timer

[2026-04-07 23:05:29] UpdateRadarFast | msg=This local variable has not been assigned a value. | line=1782 | extra=importantUiElements
E:\ahk\poe2\GameHelper\PoE2MemoryReader.ahk (1782) : [PoE2GameStateReader.Prototype.ReadRadarSnapshot] Return Map( "inGameState", Map( "address",             inGameStateAddress, "importantUiElements", importantUiElements, "areaInstance", Map( "address",               areaInstanceData, "playerRenderComponent", playerRenderComponent, "awakeEntities",         awakeEntities, "sleepingEntities",      sleepingEntities ) ) )
E:\ahk\poe2\GameHelper\AutoFlask.ahk (27) : [UpdateRadarFast] radarSnap := reader.ReadRadarSnapshot()
> Timer

[2026-04-07 23:05:29] UpdateRadarFast | msg=This local variable has not been assigned a value. | line=1782 | extra=importantUiElements
E:\ahk\poe2\GameHelper\PoE2MemoryReader.ahk (1782) : [PoE2GameStateReader.Prototype.ReadRadarSnapshot] Return Map( "inGameState", Map( "address",             inGameStateAddress, "importantUiElements", importantUiElements, "areaInstance", Map( "address",               areaInstanceData, "playerRenderComponent", playerRenderComponent, "awakeEntities",         awakeEntities, "sleepingEntities",      sleepingEntities ) ) )
E:\ahk\poe2\GameHelper\AutoFlask.ahk (27) : [UpdateRadarFast] radarSnap := reader.ReadRadarSnapshot()
> Timer

[2026-04-07 23:05:29] UpdateRadarFast | msg=This local variable has not been assigned a value. | line=1782 | extra=importantUiElements
E:\ahk\poe2\GameHelper\PoE2MemoryReader.ahk (1782) : [PoE2GameStateReader.Prototype.ReadRadarSnapshot] Return Map( "inGameState", Map( "address",             inGameStateAddress, "importantUiElements", importantUiElements, "areaInstance", Map( "address",               areaInstanceData, "playerRenderComponent", playerRenderComponent, "awakeEntities",         awakeEntities, "sleepingEntities",      sleepingEntities ) ) )
E:\ahk\poe2\GameHelper\AutoFlask.ahk (27) : [UpdateRadarFast] radarSnap := reader.ReadRadarSnapshot()
> Timer

[2026-04-07 23:05:29] UpdateRadarFast | msg=This local variable has not been assigned a value. | line=1782 | extra=importantUiElements
E:\ahk\poe2\GameHelper\PoE2MemoryReader.ahk (1782) : [PoE2GameStateReader.Prototype.ReadRadarSnapshot] Return Map( "inGameState", Map( "address",             inGameStateAddress, "importantUiElements", importantUiElements, "areaInstance", Map( "address",               areaInstanceData, "playerRenderComponent", playerRenderComponent, "awakeEntities",         awakeEntities, "sleepingEntities",      sleepingEntities ) ) )
E:\ahk\poe2\GameHelper\AutoFlask.ahk (27) : [UpdateRadarFast] radarSnap := reader.ReadRadarSnapshot()
> Timer

[2026-04-07 23:05:29] UpdateRadarFast | msg=This local variable has not been assigned a value. | line=1782 | extra=importantUiElements
E:\ahk\poe2\GameHelper\PoE2MemoryReader.ahk (1782) : [PoE2GameStateReader.Prototype.ReadRadarSnapshot] Return Map( "inGameState", Map( "address",             inGameStateAddress, "importantUiElements", importantUiElements, "areaInstance", Map( "address",               areaInstanceData, "playerRenderComponent", playerRenderComponent, "awakeEntities",         awakeEntities, "sleepingEntities",      sleepingEntities ) ) )
E:\ahk\poe2\GameHelper\AutoFlask.ahk (27) : [UpdateRadarFast] radarSnap := reader.ReadRadarSnapshot()
> Timer

[2026-04-07 23:05:29] UpdateRadarFast | msg=This local variable has not been assigned a value. | line=1782 | extra=importantUiElements
E:\ahk\poe2\GameHelper\PoE2MemoryReader.ahk (1782) : [PoE2GameStateReader.Prototype.ReadRadarSnapshot] Return Map( "inGameState", Map( "address",             inGameStateAddress, "importantUiElements", importantUiElements, "areaInstance", Map( "address",               areaInstanceData, "playerRenderComponent", playerRenderComponent, "awakeEntities",         awakeEntities, "sleepingEntities",      sleepingEntities ) ) )
E:\ahk\poe2\GameHelper\AutoFlask.ahk (27) : [UpdateRadarFast] radarSnap := reader.ReadRadarSnapshot()
> Timer

[2026-04-07 23:05:30] UpdateRadarFast | msg=This local variable has not been assigned a value. | line=1782 | extra=importantUiElements
E:\ahk\poe2\GameHelper\PoE2MemoryReader.ahk (1782) : [PoE2GameStateReader.Prototype.ReadRadarSnapshot] Return Map( "inGameState", Map( "address",             inGameStateAddress, "importantUiElements", importantUiElements, "areaInstance", Map( "address",               areaInstanceData, "playerRenderComponent", playerRenderComponent, "awakeEntities",         awakeEntities, "sleepingEntities",      sleepingEntities ) ) )
E:\ahk\poe2\GameHelper\AutoFlask.ahk (27) : [UpdateRadarFast] radarSnap := reader.ReadRadarSnapshot()
> Timer

[2026-04-07 23:05:30] UpdateRadarFast | msg=This local variable has not been assigned a value. | line=1782 | extra=importantUiElements
E:\ahk\poe2\GameHelper\PoE2MemoryReader.ahk (1782) : [PoE2GameStateReader.Prototype.ReadRadarSnapshot] Return Map( "inGameState", Map( "address",             inGameStateAddress, "importantUiElements", importantUiElements, "areaInstance", Map( "address",               areaInstanceData, "playerRenderComponent", playerRenderComponent, "awakeEntities",         awakeEntities, "sleepingEntities",      sleepingEntities ) ) )
E:\ahk\poe2\GameHelper\AutoFlask.ahk (27) : [UpdateRadarFast] radarSnap := reader.ReadRadarSnapshot()
> Timer

[2026-04-07 23:05:30] UpdateRadarFast | msg=This local variable has not been assigned a value. | line=1782 | extra=importantUiElements
E:\ahk\poe2\GameHelper\PoE2MemoryReader.ahk (1782) : [PoE2GameStateReader.Prototype.ReadRadarSnapshot] Return Map( "inGameState", Map( "address",             inGameStateAddress, "importantUiElements", importantUiElements, "areaInstance", Map( "address",               areaInstanceData, "playerRenderComponent", playerRenderComponent, "awakeEntities",         awakeEntities, "sleepingEntities",      sleepingEntities ) ) )
E:\ahk\poe2\GameHelper\AutoFlask.ahk (27) : [UpdateRadarFast] radarSnap := reader.ReadRadarSnapshot()
> Timer

[2026-04-07 23:05:30] UpdateRadarFast | msg=This local variable has not been assigned a value. | line=1782 | extra=importantUiElements
E:\ahk\poe2\GameHelper\PoE2MemoryReader.ahk (1782) : [PoE2GameStateReader.Prototype.ReadRadarSnapshot] Return Map( "inGameState", Map( "address",             inGameStateAddress, "importantUiElements", importantUiElements, "areaInstance", Map( "address",               areaInstanceData, "playerRenderComponent", playerRenderComponent, "awakeEntities",         awakeEntities, "sleepingEntities",      sleepingEntities ) ) )
E:\ahk\poe2\GameHelper\AutoFlask.ahk (27) : [UpdateRadarFast] radarSnap := reader.ReadRadarSnapshot()
> Timer

[2026-04-07 23:05:30] UpdateRadarFast | msg=This local variable has not been assigned a value. | line=1782 | extra=importantUiElements
E:\ahk\poe2\GameHelper\PoE2MemoryReader.ahk (1782) : [PoE2GameStateReader.Prototype.ReadRadarSnapshot] Return Map( "inGameState", Map( "address",             inGameStateAddress, "importantUiElements", importantUiElements, "areaInstance", Map( "address",               areaInstanceData, "playerRenderComponent", playerRenderComponent, "awakeEntities",         awakeEntities, "sleepingEntities",      sleepingEntities ) ) )
E:\ahk\poe2\GameHelper\AutoFlask.ahk (27) : [UpdateRadarFast] radarSnap := reader.ReadRadarSnapshot()
> Timer

[2026-04-07 23:05:30] UpdateRadarFast | msg=This local variable has not been assigned a value. | line=1782 | extra=importantUiElements
E:\ahk\poe2\GameHelper\PoE2MemoryReader.ahk (1782) : [PoE2GameStateReader.Prototype.ReadRadarSnapshot] Return Map( "inGameState", Map( "address",             inGameStateAddress, "importantUiElements", importantUiElements, "areaInstance", Map( "address",               areaInstanceData, "playerRenderComponent", playerRenderComponent, "awakeEntities",         awakeEntities, "sleepingEntities",      sleepingEntities ) ) )
E:\ahk\poe2\GameHelper\AutoFlask.ahk (27) : [UpdateRadarFast] radarSnap := reader.ReadRadarSnapshot()
> Timer

[2026-04-07 23:05:31] UpdateRadarFast | msg=This local variable has not been assigned a value. | line=1782 | extra=importantUiElements
E:\ahk\poe2\GameHelper\PoE2MemoryReader.ahk (1782) : [PoE2GameStateReader.Prototype.ReadRadarSnapshot] Return Map( "inGameState", Map( "address",             inGameStateAddress, "importantUiElements", importantUiElements, "areaInstance", Map( "address",               areaInstanceData, "playerRenderComponent", playerRenderComponent, "awakeEntities",         awakeEntities, "sleepingEntities",      sleepingEntities ) ) )
E:\ahk\poe2\GameHelper\AutoFlask.ahk (27) : [UpdateRadarFast] radarSnap := reader.ReadRadarSnapshot()
> Timer

[2026-04-07 23:05:31] UpdateRadarFast | msg=This local variable has not been assigned a value. | line=1782 | extra=importantUiElements
E:\ahk\poe2\GameHelper\PoE2MemoryReader.ahk (1782) : [PoE2GameStateReader.Prototype.ReadRadarSnapshot] Return Map( "inGameState", Map( "address",             inGameStateAddress, "importantUiElements", importantUiElements, "areaInstance", Map( "address",               areaInstanceData, "playerRenderComponent", playerRenderComponent, "awakeEntities",         awakeEntities, "sleepingEntities",      sleepingEntities ) ) )
E:\ahk\poe2\GameHelper\AutoFlask.ahk (27) : [UpdateRadarFast] radarSnap := reader.ReadRadarSnapshot()
> Timer

[2026-04-07 23:05:31] UpdateRadarFast | msg=This local variable has not been assigned a value. | line=1782 | extra=importantUiElements
E:\ahk\poe2\GameHelper\PoE2MemoryReader.ahk (1782) : [PoE2GameStateReader.Prototype.ReadRadarSnapshot] Return Map( "inGameState", Map( "address",             inGameStateAddress, "importantUiElements", importantUiElements, "areaInstance", Map( "address",               areaInstanceData, "playerRenderComponent", playerRenderComponent, "awakeEntities",         awakeEntities, "sleepingEntities",      sleepingEntities ) ) )
E:\ahk\poe2\GameHelper\AutoFlask.ahk (27) : [UpdateRadarFast] radarSnap := reader.ReadRadarSnapshot()
> Timer

[2026-04-07 23:05:31] UpdateRadarFast | msg=This local variable has not been assigned a value. | line=1782 | extra=importantUiElements
E:\ahk\poe2\GameHelper\PoE2MemoryReader.ahk (1782) : [PoE2GameStateReader.Prototype.ReadRadarSnapshot] Return Map( "inGameState", Map( "address",             inGameStateAddress, "importantUiElements", importantUiElements, "areaInstance", Map( "address",               areaInstanceData, "playerRenderComponent", playerRenderComponent, "awakeEntities",         awakeEntities, "sleepingEntities",      sleepingEntities ) ) )
E:\ahk\poe2\GameHelper\AutoFlask.ahk (27) : [UpdateRadarFast] radarSnap := reader.ReadRadarSnapshot()
> Timer

[2026-04-07 23:05:31] UpdateRadarFast | msg=This local variable has not been assigned a value. | line=1782 | extra=importantUiElements
E:\ahk\poe2\GameHelper\PoE2MemoryReader.ahk (1782) : [PoE2GameStateReader.Prototype.ReadRadarSnapshot] Return Map( "inGameState", Map( "address",             inGameStateAddress, "importantUiElements", importantUiElements, "areaInstance", Map( "address",               areaInstanceData, "playerRenderComponent", playerRenderComponent, "awakeEntities",         awakeEntities, "sleepingEntities",      sleepingEntities ) ) )
E:\ahk\poe2\GameHelper\AutoFlask.ahk (27) : [UpdateRadarFast] radarSnap := reader.ReadRadarSnapshot()
> Timer

[2026-04-07 23:05:31] UpdateRadarFast | msg=This local variable has not been assigned a value. | line=1782 | extra=importantUiElements
E:\ahk\poe2\GameHelper\PoE2MemoryReader.ahk (1782) : [PoE2GameStateReader.Prototype.ReadRadarSnapshot] Return Map( "inGameState", Map( "address",             inGameStateAddress, "importantUiElements", importantUiElements, "areaInstance", Map( "address",               areaInstanceData, "playerRenderComponent", playerRenderComponent, "awakeEntities",         awakeEntities, "sleepingEntities",      sleepingEntities ) ) )
E:\ahk\poe2\GameHelper\AutoFlask.ahk (27) : [UpdateRadarFast] radarSnap := reader.ReadRadarSnapshot()
> Timer

[2026-04-07 23:05:32] UpdateRadarFast | msg=This local variable has not been assigned a value. | line=1782 | extra=importantUiElements
E:\ahk\poe2\GameHelper\PoE2MemoryReader.ahk (1782) : [PoE2GameStateReader.Prototype.ReadRadarSnapshot] Return Map( "inGameState", Map( "address",             inGameStateAddress, "importantUiElements", importantUiElements, "areaInstance", Map( "address",               areaInstanceData, "playerRenderComponent", playerRenderComponent, "awakeEntities",         awakeEntities, "sleepingEntities",      sleepingEntities ) ) )
E:\ahk\poe2\GameHelper\AutoFlask.ahk (27) : [UpdateRadarFast] radarSnap := reader.ReadRadarSnapshot()
> Timer

[2026-04-07 23:05:32] UpdateRadarFast | msg=This local variable has not been assigned a value. | line=1782 | extra=importantUiElements
E:\ahk\poe2\GameHelper\PoE2MemoryReader.ahk (1782) : [PoE2GameStateReader.Prototype.ReadRadarSnapshot] Return Map( "inGameState", Map( "address",             inGameStateAddress, "importantUiElements", importantUiElements, "areaInstance", Map( "address",               areaInstanceData, "playerRenderComponent", playerRenderComponent, "awakeEntities",         awakeEntities, "sleepingEntities",      sleepingEntities ) ) )
E:\ahk\poe2\GameHelper\AutoFlask.ahk (27) : [UpdateRadarFast] radarSnap := reader.ReadRadarSnapshot()
> Timer

[2026-04-07 23:05:32] UpdateRadarFast | msg=This local variable has not been assigned a value. | line=1782 | extra=importantUiElements
E:\ahk\poe2\GameHelper\PoE2MemoryReader.ahk (1782) : [PoE2GameStateReader.Prototype.ReadRadarSnapshot] Return Map( "inGameState", Map( "address",             inGameStateAddress, "importantUiElements", importantUiElements, "areaInstance", Map( "address",               areaInstanceData, "playerRenderComponent", playerRenderComponent, "awakeEntities",         awakeEntities, "sleepingEntities",      sleepingEntities ) ) )
E:\ahk\poe2\GameHelper\AutoFlask.ahk (27) : [UpdateRadarFast] radarSnap := reader.ReadRadarSnapshot()
> Timer

[2026-04-07 23:05:32] UpdateRadarFast | msg=This local variable has not been assigned a value. | line=1782 | extra=importantUiElements
E:\ahk\poe2\GameHelper\PoE2MemoryReader.ahk (1782) : [PoE2GameStateReader.Prototype.ReadRadarSnapshot] Return Map( "inGameState", Map( "address",             inGameStateAddress, "importantUiElements", importantUiElements, "areaInstance", Map( "address",               areaInstanceData, "playerRenderComponent", playerRenderComponent, "awakeEntities",         awakeEntities, "sleepingEntities",      sleepingEntities ) ) )
E:\ahk\poe2\GameHelper\AutoFlask.ahk (27) : [UpdateRadarFast] radarSnap := reader.ReadRadarSnapshot()
> Timer

[2026-04-07 23:05:32] UpdateRadarFast | msg=This local variable has not been assigned a value. | line=1782 | extra=importantUiElements
E:\ahk\poe2\GameHelper\PoE2MemoryReader.ahk (1782) : [PoE2GameStateReader.Prototype.ReadRadarSnapshot] Return Map( "inGameState", Map( "address",             inGameStateAddress, "importantUiElements", importantUiElements, "areaInstance", Map( "address",               areaInstanceData, "playerRenderComponent", playerRenderComponent, "awakeEntities",         awakeEntities, "sleepingEntities",      sleepingEntities ) ) )
E:\ahk\poe2\GameHelper\AutoFlask.ahk (27) : [UpdateRadarFast] radarSnap := reader.ReadRadarSnapshot()
> Timer

[2026-04-07 23:05:32] UpdateRadarFast | msg=This local variable has not been assigned a value. | line=1782 | extra=importantUiElements
E:\ahk\poe2\GameHelper\PoE2MemoryReader.ahk (1782) : [PoE2GameStateReader.Prototype.ReadRadarSnapshot] Return Map( "inGameState", Map( "address",             inGameStateAddress, "importantUiElements", importantUiElements, "areaInstance", Map( "address",               areaInstanceData, "playerRenderComponent", playerRenderComponent, "awakeEntities",         awakeEntities, "sleepingEntities",      sleepingEntities ) ) )
E:\ahk\poe2\GameHelper\AutoFlask.ahk (27) : [UpdateRadarFast] radarSnap := reader.ReadRadarSnapshot()
> Timer

[2026-04-07 23:05:33] UpdateRadarFast | msg=This local variable has not been assigned a value. | line=1782 | extra=importantUiElements
E:\ahk\poe2\GameHelper\PoE2MemoryReader.ahk (1782) : [PoE2GameStateReader.Prototype.ReadRadarSnapshot] Return Map( "inGameState", Map( "address",             inGameStateAddress, "importantUiElements", importantUiElements, "areaInstance", Map( "address",               areaInstanceData, "playerRenderComponent", playerRenderComponent, "awakeEntities",         awakeEntities, "sleepingEntities",      sleepingEntities ) ) )
E:\ahk\poe2\GameHelper\AutoFlask.ahk (27) : [UpdateRadarFast] radarSnap := reader.ReadRadarSnapshot()
> Timer

[2026-04-07 23:05:33] UpdateRadarFast | msg=This local variable has not been assigned a value. | line=1782 | extra=importantUiElements
E:\ahk\poe2\GameHelper\PoE2MemoryReader.ahk (1782) : [PoE2GameStateReader.Prototype.ReadRadarSnapshot] Return Map( "inGameState", Map( "address",             inGameStateAddress, "importantUiElements", importantUiElements, "areaInstance", Map( "address",               areaInstanceData, "playerRenderComponent", playerRenderComponent, "awakeEntities",         awakeEntities, "sleepingEntities",      sleepingEntities ) ) )
E:\ahk\poe2\GameHelper\AutoFlask.ahk (27) : [UpdateRadarFast] radarSnap := reader.ReadRadarSnapshot()
> Timer

[2026-04-07 23:05:33] UpdateRadarFast | msg=This local variable has not been assigned a value. | line=1782 | extra=importantUiElements
E:\ahk\poe2\GameHelper\PoE2MemoryReader.ahk (1782) : [PoE2GameStateReader.Prototype.ReadRadarSnapshot] Return Map( "inGameState", Map( "address",             inGameStateAddress, "importantUiElements", importantUiElements, "areaInstance", Map( "address",               areaInstanceData, "playerRenderComponent", playerRenderComponent, "awakeEntities",         awakeEntities, "sleepingEntities",      sleepingEntities ) ) )
E:\ahk\poe2\GameHelper\AutoFlask.ahk (27) : [UpdateRadarFast] radarSnap := reader.ReadRadarSnapshot()
> Timer

[2026-04-07 23:05:33] UpdateRadarFast | msg=This local variable has not been assigned a value. | line=1782 | extra=importantUiElements
E:\ahk\poe2\GameHelper\PoE2MemoryReader.ahk (1782) : [PoE2GameStateReader.Prototype.ReadRadarSnapshot] Return Map( "inGameState", Map( "address",             inGameStateAddress, "importantUiElements", importantUiElements, "areaInstance", Map( "address",               areaInstanceData, "playerRenderComponent", playerRenderComponent, "awakeEntities",         awakeEntities, "sleepingEntities",      sleepingEntities ) ) )
E:\ahk\poe2\GameHelper\AutoFlask.ahk (27) : [UpdateRadarFast] radarSnap := reader.ReadRadarSnapshot()
> Timer

[2026-04-07 23:05:33] UpdateRadarFast | msg=This local variable has not been assigned a value. | line=1782 | extra=importantUiElements
E:\ahk\poe2\GameHelper\PoE2MemoryReader.ahk (1782) : [PoE2GameStateReader.Prototype.ReadRadarSnapshot] Return Map( "inGameState", Map( "address",             inGameStateAddress, "importantUiElements", importantUiElements, "areaInstance", Map( "address",               areaInstanceData, "playerRenderComponent", playerRenderComponent, "awakeEntities",         awakeEntities, "sleepingEntities",      sleepingEntities ) ) )
E:\ahk\poe2\GameHelper\AutoFlask.ahk (27) : [UpdateRadarFast] radarSnap := reader.ReadRadarSnapshot()
> Timer

[2026-04-07 23:05:33] UpdateRadarFast | msg=This local variable has not been assigned a value. | line=1782 | extra=importantUiElements
E:\ahk\poe2\GameHelper\PoE2MemoryReader.ahk (1782) : [PoE2GameStateReader.Prototype.ReadRadarSnapshot] Return Map( "inGameState", Map( "address",             inGameStateAddress, "importantUiElements", importantUiElements, "areaInstance", Map( "address",               areaInstanceData, "playerRenderComponent", playerRenderComponent, "awakeEntities",         awakeEntities, "sleepingEntities",      sleepingEntities ) ) )
E:\ahk\poe2\GameHelper\AutoFlask.ahk (27) : [UpdateRadarFast] radarSnap := reader.ReadRadarSnapshot()
> Timer

[2026-04-07 23:05:34] UpdateRadarFast | msg=This local variable has not been assigned a value. | line=1782 | extra=importantUiElements
E:\ahk\poe2\GameHelper\PoE2MemoryReader.ahk (1782) : [PoE2GameStateReader.Prototype.ReadRadarSnapshot] Return Map( "inGameState", Map( "address",             inGameStateAddress, "importantUiElements", importantUiElements, "areaInstance", Map( "address",               areaInstanceData, "playerRenderComponent", playerRenderComponent, "awakeEntities",         awakeEntities, "sleepingEntities",      sleepingEntities ) ) )
E:\ahk\poe2\GameHelper\AutoFlask.ahk (27) : [UpdateRadarFast] radarSnap := reader.ReadRadarSnapshot()
> Timer

[2026-04-07 23:05:34] UpdateRadarFast | msg=This local variable has not been assigned a value. | line=1782 | extra=importantUiElements
E:\ahk\poe2\GameHelper\PoE2MemoryReader.ahk (1782) : [PoE2GameStateReader.Prototype.ReadRadarSnapshot] Return Map( "inGameState", Map( "address",             inGameStateAddress, "importantUiElements", importantUiElements, "areaInstance", Map( "address",               areaInstanceData, "playerRenderComponent", playerRenderComponent, "awakeEntities",         awakeEntities, "sleepingEntities",      sleepingEntities ) ) )
E:\ahk\poe2\GameHelper\AutoFlask.ahk (27) : [UpdateRadarFast] radarSnap := reader.ReadRadarSnapshot()
> Timer

[2026-04-07 23:05:34] UpdateRadarFast | msg=This local variable has not been assigned a value. | line=1782 | extra=importantUiElements
E:\ahk\poe2\GameHelper\PoE2MemoryReader.ahk (1782) : [PoE2GameStateReader.Prototype.ReadRadarSnapshot] Return Map( "inGameState", Map( "address",             inGameStateAddress, "importantUiElements", importantUiElements, "areaInstance", Map( "address",               areaInstanceData, "playerRenderComponent", playerRenderComponent, "awakeEntities",         awakeEntities, "sleepingEntities",      sleepingEntities ) ) )
E:\ahk\poe2\GameHelper\AutoFlask.ahk (27) : [UpdateRadarFast] radarSnap := reader.ReadRadarSnapshot()
> Timer

[2026-04-07 23:05:34] UpdateRadarFast | msg=This local variable has not been assigned a value. | line=1782 | extra=importantUiElements
E:\ahk\poe2\GameHelper\PoE2MemoryReader.ahk (1782) : [PoE2GameStateReader.Prototype.ReadRadarSnapshot] Return Map( "inGameState", Map( "address",             inGameStateAddress, "importantUiElements", importantUiElements, "areaInstance", Map( "address",               areaInstanceData, "playerRenderComponent", playerRenderComponent, "awakeEntities",         awakeEntities, "sleepingEntities",      sleepingEntities ) ) )
E:\ahk\poe2\GameHelper\AutoFlask.ahk (27) : [UpdateRadarFast] radarSnap := reader.ReadRadarSnapshot()
> Timer

[2026-04-07 23:05:34] UpdateRadarFast | msg=This local variable has not been assigned a value. | line=1782 | extra=importantUiElements
E:\ahk\poe2\GameHelper\PoE2MemoryReader.ahk (1782) : [PoE2GameStateReader.Prototype.ReadRadarSnapshot] Return Map( "inGameState", Map( "address",             inGameStateAddress, "importantUiElements", importantUiElements, "areaInstance", Map( "address",               areaInstanceData, "playerRenderComponent", playerRenderComponent, "awakeEntities",         awakeEntities, "sleepingEntities",      sleepingEntities ) ) )
E:\ahk\poe2\GameHelper\AutoFlask.ahk (27) : [UpdateRadarFast] radarSnap := reader.ReadRadarSnapshot()
> Timer

[2026-04-07 23:05:34] UpdateRadarFast | msg=This local variable has not been assigned a value. | line=1782 | extra=importantUiElements
E:\ahk\poe2\GameHelper\PoE2MemoryReader.ahk (1782) : [PoE2GameStateReader.Prototype.ReadRadarSnapshot] Return Map( "inGameState", Map( "address",             inGameStateAddress, "importantUiElements", importantUiElements, "areaInstance", Map( "address",               areaInstanceData, "playerRenderComponent", playerRenderComponent, "awakeEntities",         awakeEntities, "sleepingEntities",      sleepingEntities ) ) )
E:\ahk\poe2\GameHelper\AutoFlask.ahk (27) : [UpdateRadarFast] radarSnap := reader.ReadRadarSnapshot()
> Timer

[2026-04-07 23:05:35] UpdateRadarFast | msg=This local variable has not been assigned a value. | line=1782 | extra=importantUiElements
E:\ahk\poe2\GameHelper\PoE2MemoryReader.ahk (1782) : [PoE2GameStateReader.Prototype.ReadRadarSnapshot] Return Map( "inGameState", Map( "address",             inGameStateAddress, "importantUiElements", importantUiElements, "areaInstance", Map( "address",               areaInstanceData, "playerRenderComponent", playerRenderComponent, "awakeEntities",         awakeEntities, "sleepingEntities",      sleepingEntities ) ) )
E:\ahk\poe2\GameHelper\AutoFlask.ahk (27) : [UpdateRadarFast] radarSnap := reader.ReadRadarSnapshot()
> Timer

[2026-04-07 23:05:35] UpdateRadarFast | msg=This local variable has not been assigned a value. | line=1782 | extra=importantUiElements
E:\ahk\poe2\GameHelper\PoE2MemoryReader.ahk (1782) : [PoE2GameStateReader.Prototype.ReadRadarSnapshot] Return Map( "inGameState", Map( "address",             inGameStateAddress, "importantUiElements", importantUiElements, "areaInstance", Map( "address",               areaInstanceData, "playerRenderComponent", playerRenderComponent, "awakeEntities",         awakeEntities, "sleepingEntities",      sleepingEntities ) ) )
E:\ahk\poe2\GameHelper\AutoFlask.ahk (27) : [UpdateRadarFast] radarSnap := reader.ReadRadarSnapshot()
> Timer

[2026-04-07 23:05:35] UpdateRadarFast | msg=This local variable has not been assigned a value. | line=1782 | extra=importantUiElements
E:\ahk\poe2\GameHelper\PoE2MemoryReader.ahk (1782) : [PoE2GameStateReader.Prototype.ReadRadarSnapshot] Return Map( "inGameState", Map( "address",             inGameStateAddress, "importantUiElements", importantUiElements, "areaInstance", Map( "address",               areaInstanceData, "playerRenderComponent", playerRenderComponent, "awakeEntities",         awakeEntities, "sleepingEntities",      sleepingEntities ) ) )
E:\ahk\poe2\GameHelper\AutoFlask.ahk (27) : [UpdateRadarFast] radarSnap := reader.ReadRadarSnapshot()
> Timer

[2026-04-07 23:05:35] UpdateRadarFast | msg=This local variable has not been assigned a value. | line=1782 | extra=importantUiElements
E:\ahk\poe2\GameHelper\PoE2MemoryReader.ahk (1782) : [PoE2GameStateReader.Prototype.ReadRadarSnapshot] Return Map( "inGameState", Map( "address",             inGameStateAddress, "importantUiElements", importantUiElements, "areaInstance", Map( "address",               areaInstanceData, "playerRenderComponent", playerRenderComponent, "awakeEntities",         awakeEntities, "sleepingEntities",      sleepingEntities ) ) )
E:\ahk\poe2\GameHelper\AutoFlask.ahk (27) : [UpdateRadarFast] radarSnap := reader.ReadRadarSnapshot()
> Timer

[2026-04-07 23:05:35] UpdateRadarFast | msg=This local variable has not been assigned a value. | line=1782 | extra=importantUiElements
E:\ahk\poe2\GameHelper\PoE2MemoryReader.ahk (1782) : [PoE2GameStateReader.Prototype.ReadRadarSnapshot] Return Map( "inGameState", Map( "address",             inGameStateAddress, "importantUiElements", importantUiElements, "areaInstance", Map( "address",               areaInstanceData, "playerRenderComponent", playerRenderComponent, "awakeEntities",         awakeEntities, "sleepingEntities",      sleepingEntities ) ) )
E:\ahk\poe2\GameHelper\AutoFlask.ahk (27) : [UpdateRadarFast] radarSnap := reader.ReadRadarSnapshot()
> Timer

[2026-04-07 23:05:36] UpdateRadarFast | msg=This local variable has not been assigned a value. | line=1782 | extra=importantUiElements
E:\ahk\poe2\GameHelper\PoE2MemoryReader.ahk (1782) : [PoE2GameStateReader.Prototype.ReadRadarSnapshot] Return Map( "inGameState", Map( "address",             inGameStateAddress, "importantUiElements", importantUiElements, "areaInstance", Map( "address",               areaInstanceData, "playerRenderComponent", playerRenderComponent, "awakeEntities",         awakeEntities, "sleepingEntities",      sleepingEntities ) ) )
E:\ahk\poe2\GameHelper\AutoFlask.ahk (27) : [UpdateRadarFast] radarSnap := reader.ReadRadarSnapshot()
> Timer

[2026-04-07 23:05:36] UpdateRadarFast | msg=This local variable has not been assigned a value. | line=1782 | extra=importantUiElements
E:\ahk\poe2\GameHelper\PoE2MemoryReader.ahk (1782) : [PoE2GameStateReader.Prototype.ReadRadarSnapshot] Return Map( "inGameState", Map( "address",             inGameStateAddress, "importantUiElements", importantUiElements, "areaInstance", Map( "address",               areaInstanceData, "playerRenderComponent", playerRenderComponent, "awakeEntities",         awakeEntities, "sleepingEntities",      sleepingEntities ) ) )
E:\ahk\poe2\GameHelper\AutoFlask.ahk (27) : [UpdateRadarFast] radarSnap := reader.ReadRadarSnapshot()
> Timer

[2026-04-07 23:05:36] UpdateRadarFast | msg=This local variable has not been assigned a value. | line=1782 | extra=importantUiElements
E:\ahk\poe2\GameHelper\PoE2MemoryReader.ahk (1782) : [PoE2GameStateReader.Prototype.ReadRadarSnapshot] Return Map( "inGameState", Map( "address",             inGameStateAddress, "importantUiElements", importantUiElements, "areaInstance", Map( "address",               areaInstanceData, "playerRenderComponent", playerRenderComponent, "awakeEntities",         awakeEntities, "sleepingEntities",      sleepingEntities ) ) )
E:\ahk\poe2\GameHelper\AutoFlask.ahk (27) : [UpdateRadarFast] radarSnap := reader.ReadRadarSnapshot()
> Timer

[2026-04-07 23:05:36] UpdateRadarFast | msg=This local variable has not been assigned a value. | line=1782 | extra=importantUiElements
E:\ahk\poe2\GameHelper\PoE2MemoryReader.ahk (1782) : [PoE2GameStateReader.Prototype.ReadRadarSnapshot] Return Map( "inGameState", Map( "address",             inGameStateAddress, "importantUiElements", importantUiElements, "areaInstance", Map( "address",               areaInstanceData, "playerRenderComponent", playerRenderComponent, "awakeEntities",         awakeEntities, "sleepingEntities",      sleepingEntities ) ) )
E:\ahk\poe2\GameHelper\AutoFlask.ahk (27) : [UpdateRadarFast] radarSnap := reader.ReadRadarSnapshot()
> Timer

[2026-04-07 23:05:36] UpdateRadarFast | msg=This local variable has not been assigned a value. | line=1782 | extra=importantUiElements
E:\ahk\poe2\GameHelper\PoE2MemoryReader.ahk (1782) : [PoE2GameStateReader.Prototype.ReadRadarSnapshot] Return Map( "inGameState", Map( "address",             inGameStateAddress, "importantUiElements", importantUiElements, "areaInstance", Map( "address",               areaInstanceData, "playerRenderComponent", playerRenderComponent, "awakeEntities",         awakeEntities, "sleepingEntities",      sleepingEntities ) ) )
E:\ahk\poe2\GameHelper\AutoFlask.ahk (27) : [UpdateRadarFast] radarSnap := reader.ReadRadarSnapshot()
> Timer

[2026-04-07 23:05:36] UpdateRadarFast | msg=This local variable has not been assigned a value. | line=1782 | extra=importantUiElements
E:\ahk\poe2\GameHelper\PoE2MemoryReader.ahk (1782) : [PoE2GameStateReader.Prototype.ReadRadarSnapshot] Return Map( "inGameState", Map( "address",             inGameStateAddress, "importantUiElements", importantUiElements, "areaInstance", Map( "address",               areaInstanceData, "playerRenderComponent", playerRenderComponent, "awakeEntities",         awakeEntities, "sleepingEntities",      sleepingEntities ) ) )
E:\ahk\poe2\GameHelper\AutoFlask.ahk (27) : [UpdateRadarFast] radarSnap := reader.ReadRadarSnapshot()
> Timer

[2026-04-07 23:05:37] UpdateRadarFast | msg=This local variable has not been assigned a value. | line=1782 | extra=importantUiElements
E:\ahk\poe2\GameHelper\PoE2MemoryReader.ahk (1782) : [PoE2GameStateReader.Prototype.ReadRadarSnapshot] Return Map( "inGameState", Map( "address",             inGameStateAddress, "importantUiElements", importantUiElements, "areaInstance", Map( "address",               areaInstanceData, "playerRenderComponent", playerRenderComponent, "awakeEntities",         awakeEntities, "sleepingEntities",      sleepingEntities ) ) )
E:\ahk\poe2\GameHelper\AutoFlask.ahk (27) : [UpdateRadarFast] radarSnap := reader.ReadRadarSnapshot()
> Timer

[2026-04-07 23:05:37] UpdateRadarFast | msg=This local variable has not been assigned a value. | line=1782 | extra=importantUiElements
E:\ahk\poe2\GameHelper\PoE2MemoryReader.ahk (1782) : [PoE2GameStateReader.Prototype.ReadRadarSnapshot] Return Map( "inGameState", Map( "address",             inGameStateAddress, "importantUiElements", importantUiElements, "areaInstance", Map( "address",               areaInstanceData, "playerRenderComponent", playerRenderComponent, "awakeEntities",         awakeEntities, "sleepingEntities",      sleepingEntities ) ) )
E:\ahk\poe2\GameHelper\AutoFlask.ahk (27) : [UpdateRadarFast] radarSnap := reader.ReadRadarSnapshot()
> Timer

[2026-04-07 23:05:37] UpdateRadarFast | msg=This local variable has not been assigned a value. | line=1782 | extra=importantUiElements
E:\ahk\poe2\GameHelper\PoE2MemoryReader.ahk (1782) : [PoE2GameStateReader.Prototype.ReadRadarSnapshot] Return Map( "inGameState", Map( "address",             inGameStateAddress, "importantUiElements", importantUiElements, "areaInstance", Map( "address",               areaInstanceData, "playerRenderComponent", playerRenderComponent, "awakeEntities",         awakeEntities, "sleepingEntities",      sleepingEntities ) ) )
E:\ahk\poe2\GameHelper\AutoFlask.ahk (27) : [UpdateRadarFast] radarSnap := reader.ReadRadarSnapshot()
> Timer

[2026-04-07 23:05:37] UpdateRadarFast | msg=This local variable has not been assigned a value. | line=1782 | extra=importantUiElements
E:\ahk\poe2\GameHelper\PoE2MemoryReader.ahk (1782) : [PoE2GameStateReader.Prototype.ReadRadarSnapshot] Return Map( "inGameState", Map( "address",             inGameStateAddress, "importantUiElements", importantUiElements, "areaInstance", Map( "address",               areaInstanceData, "playerRenderComponent", playerRenderComponent, "awakeEntities",         awakeEntities, "sleepingEntities",      sleepingEntities ) ) )
E:\ahk\poe2\GameHelper\AutoFlask.ahk (27) : [UpdateRadarFast] radarSnap := reader.ReadRadarSnapshot()
> Timer

[2026-04-07 23:05:37] UpdateRadarFast | msg=This local variable has not been assigned a value. | line=1782 | extra=importantUiElements
E:\ahk\poe2\GameHelper\PoE2MemoryReader.ahk (1782) : [PoE2GameStateReader.Prototype.ReadRadarSnapshot] Return Map( "inGameState", Map( "address",             inGameStateAddress, "importantUiElements", importantUiElements, "areaInstance", Map( "address",               areaInstanceData, "playerRenderComponent", playerRenderComponent, "awakeEntities",         awakeEntities, "sleepingEntities",      sleepingEntities ) ) )
E:\ahk\poe2\GameHelper\AutoFlask.ahk (27) : [UpdateRadarFast] radarSnap := reader.ReadRadarSnapshot()
> Timer

[2026-04-07 23:05:37] UpdateRadarFast | msg=This local variable has not been assigned a value. | line=1782 | extra=importantUiElements
E:\ahk\poe2\GameHelper\PoE2MemoryReader.ahk (1782) : [PoE2GameStateReader.Prototype.ReadRadarSnapshot] Return Map( "inGameState", Map( "address",             inGameStateAddress, "importantUiElements", importantUiElements, "areaInstance", Map( "address",               areaInstanceData, "playerRenderComponent", playerRenderComponent, "awakeEntities",         awakeEntities, "sleepingEntities",      sleepingEntities ) ) )
E:\ahk\poe2\GameHelper\AutoFlask.ahk (27) : [UpdateRadarFast] radarSnap := reader.ReadRadarSnapshot()
> Timer

[2026-04-07 23:05:38] UpdateRadarFast | msg=This local variable has not been assigned a value. | line=1782 | extra=importantUiElements
E:\ahk\poe2\GameHelper\PoE2MemoryReader.ahk (1782) : [PoE2GameStateReader.Prototype.ReadRadarSnapshot] Return Map( "inGameState", Map( "address",             inGameStateAddress, "importantUiElements", importantUiElements, "areaInstance", Map( "address",               areaInstanceData, "playerRenderComponent", playerRenderComponent, "awakeEntities",         awakeEntities, "sleepingEntities",      sleepingEntities ) ) )
E:\ahk\poe2\GameHelper\AutoFlask.ahk (27) : [UpdateRadarFast] radarSnap := reader.ReadRadarSnapshot()
> Timer

[2026-04-07 23:05:38] UpdateRadarFast | msg=This local variable has not been assigned a value. | line=1782 | extra=importantUiElements
E:\ahk\poe2\GameHelper\PoE2MemoryReader.ahk (1782) : [PoE2GameStateReader.Prototype.ReadRadarSnapshot] Return Map( "inGameState", Map( "address",             inGameStateAddress, "importantUiElements", importantUiElements, "areaInstance", Map( "address",               areaInstanceData, "playerRenderComponent", playerRenderComponent, "awakeEntities",         awakeEntities, "sleepingEntities",      sleepingEntities ) ) )
E:\ahk\poe2\GameHelper\AutoFlask.ahk (27) : [UpdateRadarFast] radarSnap := reader.ReadRadarSnapshot()
> Timer

[2026-04-07 23:05:38] UpdateRadarFast | msg=This local variable has not been assigned a value. | line=1782 | extra=importantUiElements
E:\ahk\poe2\GameHelper\PoE2MemoryReader.ahk (1782) : [PoE2GameStateReader.Prototype.ReadRadarSnapshot] Return Map( "inGameState", Map( "address",             inGameStateAddress, "importantUiElements", importantUiElements, "areaInstance", Map( "address",               areaInstanceData, "playerRenderComponent", playerRenderComponent, "awakeEntities",         awakeEntities, "sleepingEntities",      sleepingEntities ) ) )
E:\ahk\poe2\GameHelper\AutoFlask.ahk (27) : [UpdateRadarFast] radarSnap := reader.ReadRadarSnapshot()
> Timer

[2026-04-07 23:05:38] UpdateRadarFast | msg=This local variable has not been assigned a value. | line=1782 | extra=importantUiElements
E:\ahk\poe2\GameHelper\PoE2MemoryReader.ahk (1782) : [PoE2GameStateReader.Prototype.ReadRadarSnapshot] Return Map( "inGameState", Map( "address",             inGameStateAddress, "importantUiElements", importantUiElements, "areaInstance", Map( "address",               areaInstanceData, "playerRenderComponent", playerRenderComponent, "awakeEntities",         awakeEntities, "sleepingEntities",      sleepingEntities ) ) )
E:\ahk\poe2\GameHelper\AutoFlask.ahk (27) : [UpdateRadarFast] radarSnap := reader.ReadRadarSnapshot()
> Timer

[2026-04-07 23:05:38] UpdateRadarFast | msg=This local variable has not been assigned a value. | line=1782 | extra=importantUiElements
E:\ahk\poe2\GameHelper\PoE2MemoryReader.ahk (1782) : [PoE2GameStateReader.Prototype.ReadRadarSnapshot] Return Map( "inGameState", Map( "address",             inGameStateAddress, "importantUiElements", importantUiElements, "areaInstance", Map( "address",               areaInstanceData, "playerRenderComponent", playerRenderComponent, "awakeEntities",         awakeEntities, "sleepingEntities",      sleepingEntities ) ) )
E:\ahk\poe2\GameHelper\AutoFlask.ahk (27) : [UpdateRadarFast] radarSnap := reader.ReadRadarSnapshot()
> Timer

[2026-04-07 23:05:38] UpdateRadarFast | msg=This local variable has not been assigned a value. | line=1782 | extra=importantUiElements
E:\ahk\poe2\GameHelper\PoE2MemoryReader.ahk (1782) : [PoE2GameStateReader.Prototype.ReadRadarSnapshot] Return Map( "inGameState", Map( "address",             inGameStateAddress, "importantUiElements", importantUiElements, "areaInstance", Map( "address",               areaInstanceData, "playerRenderComponent", playerRenderComponent, "awakeEntities",         awakeEntities, "sleepingEntities",      sleepingEntities ) ) )
E:\ahk\poe2\GameHelper\AutoFlask.ahk (27) : [UpdateRadarFast] radarSnap := reader.ReadRadarSnapshot()
> Timer

[2026-04-07 23:05:39] UpdateRadarFast | msg=This local variable has not been assigned a value. | line=1782 | extra=importantUiElements
E:\ahk\poe2\GameHelper\PoE2MemoryReader.ahk (1782) : [PoE2GameStateReader.Prototype.ReadRadarSnapshot] Return Map( "inGameState", Map( "address",             inGameStateAddress, "importantUiElements", importantUiElements, "areaInstance", Map( "address",               areaInstanceData, "playerRenderComponent", playerRenderComponent, "awakeEntities",         awakeEntities, "sleepingEntities",      sleepingEntities ) ) )
E:\ahk\poe2\GameHelper\AutoFlask.ahk (27) : [UpdateRadarFast] radarSnap := reader.ReadRadarSnapshot()
> Timer

[2026-04-07 23:05:39] UpdateRadarFast | msg=This local variable has not been assigned a value. | line=1782 | extra=importantUiElements
E:\ahk\poe2\GameHelper\PoE2MemoryReader.ahk (1782) : [PoE2GameStateReader.Prototype.ReadRadarSnapshot] Return Map( "inGameState", Map( "address",             inGameStateAddress, "importantUiElements", importantUiElements, "areaInstance", Map( "address",               areaInstanceData, "playerRenderComponent", playerRenderComponent, "awakeEntities",         awakeEntities, "sleepingEntities",      sleepingEntities ) ) )
E:\ahk\poe2\GameHelper\AutoFlask.ahk (27) : [UpdateRadarFast] radarSnap := reader.ReadRadarSnapshot()
> Timer

[2026-04-07 23:05:39] UpdateRadarFast | msg=This local variable has not been assigned a value. | line=1782 | extra=importantUiElements
E:\ahk\poe2\GameHelper\PoE2MemoryReader.ahk (1782) : [PoE2GameStateReader.Prototype.ReadRadarSnapshot] Return Map( "inGameState", Map( "address",             inGameStateAddress, "importantUiElements", importantUiElements, "areaInstance", Map( "address",               areaInstanceData, "playerRenderComponent", playerRenderComponent, "awakeEntities",         awakeEntities, "sleepingEntities",      sleepingEntities ) ) )
E:\ahk\poe2\GameHelper\AutoFlask.ahk (27) : [UpdateRadarFast] radarSnap := reader.ReadRadarSnapshot()
> Timer

[2026-04-07 23:05:39] UpdateRadarFast | msg=This local variable has not been assigned a value. | line=1782 | extra=importantUiElements
E:\ahk\poe2\GameHelper\PoE2MemoryReader.ahk (1782) : [PoE2GameStateReader.Prototype.ReadRadarSnapshot] Return Map( "inGameState", Map( "address",             inGameStateAddress, "importantUiElements", importantUiElements, "areaInstance", Map( "address",               areaInstanceData, "playerRenderComponent", playerRenderComponent, "awakeEntities",         awakeEntities, "sleepingEntities",      sleepingEntities ) ) )
E:\ahk\poe2\GameHelper\AutoFlask.ahk (27) : [UpdateRadarFast] radarSnap := reader.ReadRadarSnapshot()
> Timer

[2026-04-07 23:05:39] UpdateRadarFast | msg=This local variable has not been assigned a value. | line=1782 | extra=importantUiElements
E:\ahk\poe2\GameHelper\PoE2MemoryReader.ahk (1782) : [PoE2GameStateReader.Prototype.ReadRadarSnapshot] Return Map( "inGameState", Map( "address",             inGameStateAddress, "importantUiElements", importantUiElements, "areaInstance", Map( "address",               areaInstanceData, "playerRenderComponent", playerRenderComponent, "awakeEntities",         awakeEntities, "sleepingEntities",      sleepingEntities ) ) )
E:\ahk\poe2\GameHelper\AutoFlask.ahk (27) : [UpdateRadarFast] radarSnap := reader.ReadRadarSnapshot()
> Timer

[2026-04-07 23:05:39] UpdateRadarFast | msg=This local variable has not been assigned a value. | line=1782 | extra=importantUiElements
E:\ahk\poe2\GameHelper\PoE2MemoryReader.ahk (1782) : [PoE2GameStateReader.Prototype.ReadRadarSnapshot] Return Map( "inGameState", Map( "address",             inGameStateAddress, "importantUiElements", importantUiElements, "areaInstance", Map( "address",               areaInstanceData, "playerRenderComponent", playerRenderComponent, "awakeEntities",         awakeEntities, "sleepingEntities",      sleepingEntities ) ) )
E:\ahk\poe2\GameHelper\AutoFlask.ahk (27) : [UpdateRadarFast] radarSnap := reader.ReadRadarSnapshot()
> Timer

[2026-04-07 23:05:40] UpdateRadarFast | msg=This local variable has not been assigned a value. | line=1782 | extra=importantUiElements
E:\ahk\poe2\GameHelper\PoE2MemoryReader.ahk (1782) : [PoE2GameStateReader.Prototype.ReadRadarSnapshot] Return Map( "inGameState", Map( "address",             inGameStateAddress, "importantUiElements", importantUiElements, "areaInstance", Map( "address",               areaInstanceData, "playerRenderComponent", playerRenderComponent, "awakeEntities",         awakeEntities, "sleepingEntities",      sleepingEntities ) ) )
E:\ahk\poe2\GameHelper\AutoFlask.ahk (27) : [UpdateRadarFast] radarSnap := reader.ReadRadarSnapshot()
> Timer

[2026-04-07 23:05:40] UpdateRadarFast | msg=This local variable has not been assigned a value. | line=1782 | extra=importantUiElements
E:\ahk\poe2\GameHelper\PoE2MemoryReader.ahk (1782) : [PoE2GameStateReader.Prototype.ReadRadarSnapshot] Return Map( "inGameState", Map( "address",             inGameStateAddress, "importantUiElements", importantUiElements, "areaInstance", Map( "address",               areaInstanceData, "playerRenderComponent", playerRenderComponent, "awakeEntities",         awakeEntities, "sleepingEntities",      sleepingEntities ) ) )
E:\ahk\poe2\GameHelper\AutoFlask.ahk (27) : [UpdateRadarFast] radarSnap := reader.ReadRadarSnapshot()
> Timer

[2026-04-07 23:05:40] UpdateRadarFast | msg=This local variable has not been assigned a value. | line=1782 | extra=importantUiElements
E:\ahk\poe2\GameHelper\PoE2MemoryReader.ahk (1782) : [PoE2GameStateReader.Prototype.ReadRadarSnapshot] Return Map( "inGameState", Map( "address",             inGameStateAddress, "importantUiElements", importantUiElements, "areaInstance", Map( "address",               areaInstanceData, "playerRenderComponent", playerRenderComponent, "awakeEntities",         awakeEntities, "sleepingEntities",      sleepingEntities ) ) )
E:\ahk\poe2\GameHelper\AutoFlask.ahk (27) : [UpdateRadarFast] radarSnap := reader.ReadRadarSnapshot()
> Timer

[2026-04-07 23:05:40] UpdateRadarFast | msg=This local variable has not been assigned a value. | line=1782 | extra=importantUiElements
E:\ahk\poe2\GameHelper\PoE2MemoryReader.ahk (1782) : [PoE2GameStateReader.Prototype.ReadRadarSnapshot] Return Map( "inGameState", Map( "address",             inGameStateAddress, "importantUiElements", importantUiElements, "areaInstance", Map( "address",               areaInstanceData, "playerRenderComponent", playerRenderComponent, "awakeEntities",         awakeEntities, "sleepingEntities",      sleepingEntities ) ) )
E:\ahk\poe2\GameHelper\AutoFlask.ahk (27) : [UpdateRadarFast] radarSnap := reader.ReadRadarSnapshot()
> Timer

[2026-04-07 23:05:40] UpdateRadarFast | msg=This local variable has not been assigned a value. | line=1782 | extra=importantUiElements
E:\ahk\poe2\GameHelper\PoE2MemoryReader.ahk (1782) : [PoE2GameStateReader.Prototype.ReadRadarSnapshot] Return Map( "inGameState", Map( "address",             inGameStateAddress, "importantUiElements", importantUiElements, "areaInstance", Map( "address",               areaInstanceData, "playerRenderComponent", playerRenderComponent, "awakeEntities",         awakeEntities, "sleepingEntities",      sleepingEntities ) ) )
E:\ahk\poe2\GameHelper\AutoFlask.ahk (27) : [UpdateRadarFast] radarSnap := reader.ReadRadarSnapshot()
> Timer

[2026-04-07 23:05:40] UpdateRadarFast | msg=This local variable has not been assigned a value. | line=1782 | extra=importantUiElements
E:\ahk\poe2\GameHelper\PoE2MemoryReader.ahk (1782) : [PoE2GameStateReader.Prototype.ReadRadarSnapshot] Return Map( "inGameState", Map( "address",             inGameStateAddress, "importantUiElements", importantUiElements, "areaInstance", Map( "address",               areaInstanceData, "playerRenderComponent", playerRenderComponent, "awakeEntities",         awakeEntities, "sleepingEntities",      sleepingEntities ) ) )
E:\ahk\poe2\GameHelper\AutoFlask.ahk (27) : [UpdateRadarFast] radarSnap := reader.ReadRadarSnapshot()
> Timer

[2026-04-07 23:05:41] UpdateRadarFast | msg=This local variable has not been assigned a value. | line=1782 | extra=importantUiElements
E:\ahk\poe2\GameHelper\PoE2MemoryReader.ahk (1782) : [PoE2GameStateReader.Prototype.ReadRadarSnapshot] Return Map( "inGameState", Map( "address",             inGameStateAddress, "importantUiElements", importantUiElements, "areaInstance", Map( "address",               areaInstanceData, "playerRenderComponent", playerRenderComponent, "awakeEntities",         awakeEntities, "sleepingEntities",      sleepingEntities ) ) )
E:\ahk\poe2\GameHelper\AutoFlask.ahk (27) : [UpdateRadarFast] radarSnap := reader.ReadRadarSnapshot()
> Timer

[2026-04-07 23:05:41] UpdateRadarFast | msg=This local variable has not been assigned a value. | line=1782 | extra=importantUiElements
E:\ahk\poe2\GameHelper\PoE2MemoryReader.ahk (1782) : [PoE2GameStateReader.Prototype.ReadRadarSnapshot] Return Map( "inGameState", Map( "address",             inGameStateAddress, "importantUiElements", importantUiElements, "areaInstance", Map( "address",               areaInstanceData, "playerRenderComponent", playerRenderComponent, "awakeEntities",         awakeEntities, "sleepingEntities",      sleepingEntities ) ) )
E:\ahk\poe2\GameHelper\AutoFlask.ahk (27) : [UpdateRadarFast] radarSnap := reader.ReadRadarSnapshot()
> Timer

[2026-04-07 23:05:41] UpdateRadarFast | msg=This local variable has not been assigned a value. | line=1782 | extra=importantUiElements
E:\ahk\poe2\GameHelper\PoE2MemoryReader.ahk (1782) : [PoE2GameStateReader.Prototype.ReadRadarSnapshot] Return Map( "inGameState", Map( "address",             inGameStateAddress, "importantUiElements", importantUiElements, "areaInstance", Map( "address",               areaInstanceData, "playerRenderComponent", playerRenderComponent, "awakeEntities",         awakeEntities, "sleepingEntities",      sleepingEntities ) ) )
E:\ahk\poe2\GameHelper\AutoFlask.ahk (27) : [UpdateRadarFast] radarSnap := reader.ReadRadarSnapshot()
> Timer

[2026-04-07 23:05:41] UpdateRadarFast | msg=This local variable has not been assigned a value. | line=1782 | extra=importantUiElements
E:\ahk\poe2\GameHelper\PoE2MemoryReader.ahk (1782) : [PoE2GameStateReader.Prototype.ReadRadarSnapshot] Return Map( "inGameState", Map( "address",             inGameStateAddress, "importantUiElements", importantUiElements, "areaInstance", Map( "address",               areaInstanceData, "playerRenderComponent", playerRenderComponent, "awakeEntities",         awakeEntities, "sleepingEntities",      sleepingEntities ) ) )
E:\ahk\poe2\GameHelper\AutoFlask.ahk (27) : [UpdateRadarFast] radarSnap := reader.ReadRadarSnapshot()
> Timer

[2026-04-07 23:05:41] UpdateRadarFast | msg=This local variable has not been assigned a value. | line=1782 | extra=importantUiElements
E:\ahk\poe2\GameHelper\PoE2MemoryReader.ahk (1782) : [PoE2GameStateReader.Prototype.ReadRadarSnapshot] Return Map( "inGameState", Map( "address",             inGameStateAddress, "importantUiElements", importantUiElements, "areaInstance", Map( "address",               areaInstanceData, "playerRenderComponent", playerRenderComponent, "awakeEntities",         awakeEntities, "sleepingEntities",      sleepingEntities ) ) )
E:\ahk\poe2\GameHelper\AutoFlask.ahk (27) : [UpdateRadarFast] radarSnap := reader.ReadRadarSnapshot()
> Timer

[2026-04-07 23:05:41] UpdateRadarFast | msg=This local variable has not been assigned a value. | line=1782 | extra=importantUiElements
E:\ahk\poe2\GameHelper\PoE2MemoryReader.ahk (1782) : [PoE2GameStateReader.Prototype.ReadRadarSnapshot] Return Map( "inGameState", Map( "address",             inGameStateAddress, "importantUiElements", importantUiElements, "areaInstance", Map( "address",               areaInstanceData, "playerRenderComponent", playerRenderComponent, "awakeEntities",         awakeEntities, "sleepingEntities",      sleepingEntities ) ) )
E:\ahk\poe2\GameHelper\AutoFlask.ahk (27) : [UpdateRadarFast] radarSnap := reader.ReadRadarSnapshot()
> Timer

[2026-04-07 23:05:42] UpdateRadarFast | msg=This local variable has not been assigned a value. | line=1782 | extra=importantUiElements
E:\ahk\poe2\GameHelper\PoE2MemoryReader.ahk (1782) : [PoE2GameStateReader.Prototype.ReadRadarSnapshot] Return Map( "inGameState", Map( "address",             inGameStateAddress, "importantUiElements", importantUiElements, "areaInstance", Map( "address",               areaInstanceData, "playerRenderComponent", playerRenderComponent, "awakeEntities",         awakeEntities, "sleepingEntities",      sleepingEntities ) ) )
E:\ahk\poe2\GameHelper\AutoFlask.ahk (27) : [UpdateRadarFast] radarSnap := reader.ReadRadarSnapshot()
> Timer

[2026-04-07 23:05:42] UpdateRadarFast | msg=This local variable has not been assigned a value. | line=1782 | extra=importantUiElements
E:\ahk\poe2\GameHelper\PoE2MemoryReader.ahk (1782) : [PoE2GameStateReader.Prototype.ReadRadarSnapshot] Return Map( "inGameState", Map( "address",             inGameStateAddress, "importantUiElements", importantUiElements, "areaInstance", Map( "address",               areaInstanceData, "playerRenderComponent", playerRenderComponent, "awakeEntities",         awakeEntities, "sleepingEntities",      sleepingEntities ) ) )
E:\ahk\poe2\GameHelper\AutoFlask.ahk (27) : [UpdateRadarFast] radarSnap := reader.ReadRadarSnapshot()
> Timer

[2026-04-07 23:05:42] UpdateRadarFast | msg=This local variable has not been assigned a value. | line=1782 | extra=importantUiElements
E:\ahk\poe2\GameHelper\PoE2MemoryReader.ahk (1782) : [PoE2GameStateReader.Prototype.ReadRadarSnapshot] Return Map( "inGameState", Map( "address",             inGameStateAddress, "importantUiElements", importantUiElements, "areaInstance", Map( "address",               areaInstanceData, "playerRenderComponent", playerRenderComponent, "awakeEntities",         awakeEntities, "sleepingEntities",      sleepingEntities ) ) )
E:\ahk\poe2\GameHelper\AutoFlask.ahk (27) : [UpdateRadarFast] radarSnap := reader.ReadRadarSnapshot()
> Timer

[2026-04-07 23:05:42] UpdateRadarFast | msg=This local variable has not been assigned a value. | line=1782 | extra=importantUiElements
E:\ahk\poe2\GameHelper\PoE2MemoryReader.ahk (1782) : [PoE2GameStateReader.Prototype.ReadRadarSnapshot] Return Map( "inGameState", Map( "address",             inGameStateAddress, "importantUiElements", importantUiElements, "areaInstance", Map( "address",               areaInstanceData, "playerRenderComponent", playerRenderComponent, "awakeEntities",         awakeEntities, "sleepingEntities",      sleepingEntities ) ) )
E:\ahk\poe2\GameHelper\AutoFlask.ahk (27) : [UpdateRadarFast] radarSnap := reader.ReadRadarSnapshot()
> Timer

[2026-04-07 23:05:42] UpdateRadarFast | msg=This local variable has not been assigned a value. | line=1782 | extra=importantUiElements
E:\ahk\poe2\GameHelper\PoE2MemoryReader.ahk (1782) : [PoE2GameStateReader.Prototype.ReadRadarSnapshot] Return Map( "inGameState", Map( "address",             inGameStateAddress, "importantUiElements", importantUiElements, "areaInstance", Map( "address",               areaInstanceData, "playerRenderComponent", playerRenderComponent, "awakeEntities",         awakeEntities, "sleepingEntities",      sleepingEntities ) ) )
E:\ahk\poe2\GameHelper\AutoFlask.ahk (27) : [UpdateRadarFast] radarSnap := reader.ReadRadarSnapshot()
> Timer

[2026-04-07 23:05:42] UpdateRadarFast | msg=This local variable has not been assigned a value. | line=1782 | extra=importantUiElements
E:\ahk\poe2\GameHelper\PoE2MemoryReader.ahk (1782) : [PoE2GameStateReader.Prototype.ReadRadarSnapshot] Return Map( "inGameState", Map( "address",             inGameStateAddress, "importantUiElements", importantUiElements, "areaInstance", Map( "address",               areaInstanceData, "playerRenderComponent", playerRenderComponent, "awakeEntities",         awakeEntities, "sleepingEntities",      sleepingEntities ) ) )
E:\ahk\poe2\GameHelper\AutoFlask.ahk (27) : [UpdateRadarFast] radarSnap := reader.ReadRadarSnapshot()
> Timer

[2026-04-07 23:05:43] UpdateRadarFast | msg=This local variable has not been assigned a value. | line=1782 | extra=importantUiElements
E:\ahk\poe2\GameHelper\PoE2MemoryReader.ahk (1782) : [PoE2GameStateReader.Prototype.ReadRadarSnapshot] Return Map( "inGameState", Map( "address",             inGameStateAddress, "importantUiElements", importantUiElements, "areaInstance", Map( "address",               areaInstanceData, "playerRenderComponent", playerRenderComponent, "awakeEntities",         awakeEntities, "sleepingEntities",      sleepingEntities ) ) )
E:\ahk\poe2\GameHelper\AutoFlask.ahk (27) : [UpdateRadarFast] radarSnap := reader.ReadRadarSnapshot()
> Timer

[2026-04-07 23:05:43] UpdateRadarFast | msg=This local variable has not been assigned a value. | line=1782 | extra=importantUiElements
E:\ahk\poe2\GameHelper\PoE2MemoryReader.ahk (1782) : [PoE2GameStateReader.Prototype.ReadRadarSnapshot] Return Map( "inGameState", Map( "address",             inGameStateAddress, "importantUiElements", importantUiElements, "areaInstance", Map( "address",               areaInstanceData, "playerRenderComponent", playerRenderComponent, "awakeEntities",         awakeEntities, "sleepingEntities",      sleepingEntities ) ) )
E:\ahk\poe2\GameHelper\AutoFlask.ahk (27) : [UpdateRadarFast] radarSnap := reader.ReadRadarSnapshot()
> Timer

[2026-04-07 23:05:43] UpdateRadarFast | msg=This local variable has not been assigned a value. | line=1782 | extra=importantUiElements
E:\ahk\poe2\GameHelper\PoE2MemoryReader.ahk (1782) : [PoE2GameStateReader.Prototype.ReadRadarSnapshot] Return Map( "inGameState", Map( "address",             inGameStateAddress, "importantUiElements", importantUiElements, "areaInstance", Map( "address",               areaInstanceData, "playerRenderComponent", playerRenderComponent, "awakeEntities",         awakeEntities, "sleepingEntities",      sleepingEntities ) ) )
E:\ahk\poe2\GameHelper\AutoFlask.ahk (27) : [UpdateRadarFast] radarSnap := reader.ReadRadarSnapshot()
> Timer

[2026-04-07 23:05:43] UpdateRadarFast | msg=This local variable has not been assigned a value. | line=1782 | extra=importantUiElements
E:\ahk\poe2\GameHelper\PoE2MemoryReader.ahk (1782) : [PoE2GameStateReader.Prototype.ReadRadarSnapshot] Return Map( "inGameState", Map( "address",             inGameStateAddress, "importantUiElements", importantUiElements, "areaInstance", Map( "address",               areaInstanceData, "playerRenderComponent", playerRenderComponent, "awakeEntities",         awakeEntities, "sleepingEntities",      sleepingEntities ) ) )
E:\ahk\poe2\GameHelper\AutoFlask.ahk (27) : [UpdateRadarFast] radarSnap := reader.ReadRadarSnapshot()
> Timer

[2026-04-07 23:05:43] UpdateRadarFast | msg=This local variable has not been assigned a value. | line=1782 | extra=importantUiElements
E:\ahk\poe2\GameHelper\PoE2MemoryReader.ahk (1782) : [PoE2GameStateReader.Prototype.ReadRadarSnapshot] Return Map( "inGameState", Map( "address",             inGameStateAddress, "importantUiElements", importantUiElements, "areaInstance", Map( "address",               areaInstanceData, "playerRenderComponent", playerRenderComponent, "awakeEntities",         awakeEntities, "sleepingEntities",      sleepingEntities ) ) )
E:\ahk\poe2\GameHelper\AutoFlask.ahk (27) : [UpdateRadarFast] radarSnap := reader.ReadRadarSnapshot()
> Timer

[2026-04-07 23:05:43] UpdateRadarFast | msg=This local variable has not been assigned a value. | line=1782 | extra=importantUiElements
E:\ahk\poe2\GameHelper\PoE2MemoryReader.ahk (1782) : [PoE2GameStateReader.Prototype.ReadRadarSnapshot] Return Map( "inGameState", Map( "address",             inGameStateAddress, "importantUiElements", importantUiElements, "areaInstance", Map( "address",               areaInstanceData, "playerRenderComponent", playerRenderComponent, "awakeEntities",         awakeEntities, "sleepingEntities",      sleepingEntities ) ) )
E:\ahk\poe2\GameHelper\AutoFlask.ahk (27) : [UpdateRadarFast] radarSnap := reader.ReadRadarSnapshot()
> Timer

[2026-04-07 23:05:44] UpdateRadarFast | msg=This local variable has not been assigned a value. | line=1782 | extra=importantUiElements
E:\ahk\poe2\GameHelper\PoE2MemoryReader.ahk (1782) : [PoE2GameStateReader.Prototype.ReadRadarSnapshot] Return Map( "inGameState", Map( "address",             inGameStateAddress, "importantUiElements", importantUiElements, "areaInstance", Map( "address",               areaInstanceData, "playerRenderComponent", playerRenderComponent, "awakeEntities",         awakeEntities, "sleepingEntities",      sleepingEntities ) ) )
E:\ahk\poe2\GameHelper\AutoFlask.ahk (27) : [UpdateRadarFast] radarSnap := reader.ReadRadarSnapshot()
> Timer

[2026-04-07 23:05:44] UpdateRadarFast | msg=This local variable has not been assigned a value. | line=1782 | extra=importantUiElements
E:\ahk\poe2\GameHelper\PoE2MemoryReader.ahk (1782) : [PoE2GameStateReader.Prototype.ReadRadarSnapshot] Return Map( "inGameState", Map( "address",             inGameStateAddress, "importantUiElements", importantUiElements, "areaInstance", Map( "address",               areaInstanceData, "playerRenderComponent", playerRenderComponent, "awakeEntities",         awakeEntities, "sleepingEntities",      sleepingEntities ) ) )
E:\ahk\poe2\GameHelper\AutoFlask.ahk (27) : [UpdateRadarFast] radarSnap := reader.ReadRadarSnapshot()
> Timer

[2026-04-07 23:05:44] UpdateRadarFast | msg=This local variable has not been assigned a value. | line=1782 | extra=importantUiElements
E:\ahk\poe2\GameHelper\PoE2MemoryReader.ahk (1782) : [PoE2GameStateReader.Prototype.ReadRadarSnapshot] Return Map( "inGameState", Map( "address",             inGameStateAddress, "importantUiElements", importantUiElements, "areaInstance", Map( "address",               areaInstanceData, "playerRenderComponent", playerRenderComponent, "awakeEntities",         awakeEntities, "sleepingEntities",      sleepingEntities ) ) )
E:\ahk\poe2\GameHelper\AutoFlask.ahk (27) : [UpdateRadarFast] radarSnap := reader.ReadRadarSnapshot()
> Timer

[2026-04-07 23:05:44] UpdateRadarFast | msg=This local variable has not been assigned a value. | line=1782 | extra=importantUiElements
E:\ahk\poe2\GameHelper\PoE2MemoryReader.ahk (1782) : [PoE2GameStateReader.Prototype.ReadRadarSnapshot] Return Map( "inGameState", Map( "address",             inGameStateAddress, "importantUiElements", importantUiElements, "areaInstance", Map( "address",               areaInstanceData, "playerRenderComponent", playerRenderComponent, "awakeEntities",         awakeEntities, "sleepingEntities",      sleepingEntities ) ) )
E:\ahk\poe2\GameHelper\AutoFlask.ahk (27) : [UpdateRadarFast] radarSnap := reader.ReadRadarSnapshot()
> Timer

[2026-04-07 23:05:45] UpdateRadarFast | msg=This local variable has not been assigned a value. | line=1782 | extra=importantUiElements
E:\ahk\poe2\GameHelper\PoE2MemoryReader.ahk (1782) : [PoE2GameStateReader.Prototype.ReadRadarSnapshot] Return Map( "inGameState", Map( "address",             inGameStateAddress, "importantUiElements", importantUiElements, "areaInstance", Map( "address",               areaInstanceData, "playerRenderComponent", playerRenderComponent, "awakeEntities",         awakeEntities, "sleepingEntities",      sleepingEntities ) ) )
E:\ahk\poe2\GameHelper\AutoFlask.ahk (27) : [UpdateRadarFast] radarSnap := reader.ReadRadarSnapshot()
> Timer

[2026-04-07 23:05:45] UpdateRadarFast | msg=This local variable has not been assigned a value. | line=1782 | extra=importantUiElements
E:\ahk\poe2\GameHelper\PoE2MemoryReader.ahk (1782) : [PoE2GameStateReader.Prototype.ReadRadarSnapshot] Return Map( "inGameState", Map( "address",             inGameStateAddress, "importantUiElements", importantUiElements, "areaInstance", Map( "address",               areaInstanceData, "playerRenderComponent", playerRenderComponent, "awakeEntities",         awakeEntities, "sleepingEntities",      sleepingEntities ) ) )
E:\ahk\poe2\GameHelper\AutoFlask.ahk (27) : [UpdateRadarFast] radarSnap := reader.ReadRadarSnapshot()
> Timer

[2026-04-07 23:05:45] UpdateRadarFast | msg=This local variable has not been assigned a value. | line=1782 | extra=importantUiElements
E:\ahk\poe2\GameHelper\PoE2MemoryReader.ahk (1782) : [PoE2GameStateReader.Prototype.ReadRadarSnapshot] Return Map( "inGameState", Map( "address",             inGameStateAddress, "importantUiElements", importantUiElements, "areaInstance", Map( "address",               areaInstanceData, "playerRenderComponent", playerRenderComponent, "awakeEntities",         awakeEntities, "sleepingEntities",      sleepingEntities ) ) )
E:\ahk\poe2\GameHelper\AutoFlask.ahk (27) : [UpdateRadarFast] radarSnap := reader.ReadRadarSnapshot()
> Timer

[2026-04-07 23:05:45] UpdateRadarFast | msg=This local variable has not been assigned a value. | line=1782 | extra=importantUiElements
E:\ahk\poe2\GameHelper\PoE2MemoryReader.ahk (1782) : [PoE2GameStateReader.Prototype.ReadRadarSnapshot] Return Map( "inGameState", Map( "address",             inGameStateAddress, "importantUiElements", importantUiElements, "areaInstance", Map( "address",               areaInstanceData, "playerRenderComponent", playerRenderComponent, "awakeEntities",         awakeEntities, "sleepingEntities",      sleepingEntities ) ) )
E:\ahk\poe2\GameHelper\AutoFlask.ahk (27) : [UpdateRadarFast] radarSnap := reader.ReadRadarSnapshot()
> Timer

[2026-04-07 23:05:45] UpdateRadarFast | msg=This local variable has not been assigned a value. | line=1782 | extra=importantUiElements
E:\ahk\poe2\GameHelper\PoE2MemoryReader.ahk (1782) : [PoE2GameStateReader.Prototype.ReadRadarSnapshot] Return Map( "inGameState", Map( "address",             inGameStateAddress, "importantUiElements", importantUiElements, "areaInstance", Map( "address",               areaInstanceData, "playerRenderComponent", playerRenderComponent, "awakeEntities",         awakeEntities, "sleepingEntities",      sleepingEntities ) ) )
E:\ahk\poe2\GameHelper\AutoFlask.ahk (27) : [UpdateRadarFast] radarSnap := reader.ReadRadarSnapshot()
> Timer

[2026-04-07 23:05:46] UpdateRadarFast | msg=This local variable has not been assigned a value. | line=1782 | extra=importantUiElements
E:\ahk\poe2\GameHelper\PoE2MemoryReader.ahk (1782) : [PoE2GameStateReader.Prototype.ReadRadarSnapshot] Return Map( "inGameState", Map( "address",             inGameStateAddress, "importantUiElements", importantUiElements, "areaInstance", Map( "address",               areaInstanceData, "playerRenderComponent", playerRenderComponent, "awakeEntities",         awakeEntities, "sleepingEntities",      sleepingEntities ) ) )
E:\ahk\poe2\GameHelper\AutoFlask.ahk (27) : [UpdateRadarFast] radarSnap := reader.ReadRadarSnapshot()
> Timer

[2026-04-07 23:05:46] UpdateRadarFast | msg=This local variable has not been assigned a value. | line=1782 | extra=importantUiElements
E:\ahk\poe2\GameHelper\PoE2MemoryReader.ahk (1782) : [PoE2GameStateReader.Prototype.ReadRadarSnapshot] Return Map( "inGameState", Map( "address",             inGameStateAddress, "importantUiElements", importantUiElements, "areaInstance", Map( "address",               areaInstanceData, "playerRenderComponent", playerRenderComponent, "awakeEntities",         awakeEntities, "sleepingEntities",      sleepingEntities ) ) )
E:\ahk\poe2\GameHelper\AutoFlask.ahk (27) : [UpdateRadarFast] radarSnap := reader.ReadRadarSnapshot()
> Timer

[2026-04-07 23:05:46] UpdateRadarFast | msg=This local variable has not been assigned a value. | line=1782 | extra=importantUiElements
E:\ahk\poe2\GameHelper\PoE2MemoryReader.ahk (1782) : [PoE2GameStateReader.Prototype.ReadRadarSnapshot] Return Map( "inGameState", Map( "address",             inGameStateAddress, "importantUiElements", importantUiElements, "areaInstance", Map( "address",               areaInstanceData, "playerRenderComponent", playerRenderComponent, "awakeEntities",         awakeEntities, "sleepingEntities",      sleepingEntities ) ) )
E:\ahk\poe2\GameHelper\AutoFlask.ahk (27) : [UpdateRadarFast] radarSnap := reader.ReadRadarSnapshot()
> Timer

[2026-04-07 23:05:46] UpdateRadarFast | msg=This local variable has not been assigned a value. | line=1782 | extra=importantUiElements
E:\ahk\poe2\GameHelper\PoE2MemoryReader.ahk (1782) : [PoE2GameStateReader.Prototype.ReadRadarSnapshot] Return Map( "inGameState", Map( "address",             inGameStateAddress, "importantUiElements", importantUiElements, "areaInstance", Map( "address",               areaInstanceData, "playerRenderComponent", playerRenderComponent, "awakeEntities",         awakeEntities, "sleepingEntities",      sleepingEntities ) ) )
E:\ahk\poe2\GameHelper\AutoFlask.ahk (27) : [UpdateRadarFast] radarSnap := reader.ReadRadarSnapshot()
> Timer

[2026-04-07 23:05:46] UpdateRadarFast | msg=This local variable has not been assigned a value. | line=1782 | extra=importantUiElements
E:\ahk\poe2\GameHelper\PoE2MemoryReader.ahk (1782) : [PoE2GameStateReader.Prototype.ReadRadarSnapshot] Return Map( "inGameState", Map( "address",             inGameStateAddress, "importantUiElements", importantUiElements, "areaInstance", Map( "address",               areaInstanceData, "playerRenderComponent", playerRenderComponent, "awakeEntities",         awakeEntities, "sleepingEntities",      sleepingEntities ) ) )
E:\ahk\poe2\GameHelper\AutoFlask.ahk (27) : [UpdateRadarFast] radarSnap := reader.ReadRadarSnapshot()
> Timer

[2026-04-07 23:05:46] UpdateRadarFast | msg=This local variable has not been assigned a value. | line=1782 | extra=importantUiElements
E:\ahk\poe2\GameHelper\PoE2MemoryReader.ahk (1782) : [PoE2GameStateReader.Prototype.ReadRadarSnapshot] Return Map( "inGameState", Map( "address",             inGameStateAddress, "importantUiElements", importantUiElements, "areaInstance", Map( "address",               areaInstanceData, "playerRenderComponent", playerRenderComponent, "awakeEntities",         awakeEntities, "sleepingEntities",      sleepingEntities ) ) )
E:\ahk\poe2\GameHelper\AutoFlask.ahk (27) : [UpdateRadarFast] radarSnap := reader.ReadRadarSnapshot()
> Timer

[2026-04-07 23:05:47] UpdateRadarFast | msg=This local variable has not been assigned a value. | line=1782 | extra=importantUiElements
E:\ahk\poe2\GameHelper\PoE2MemoryReader.ahk (1782) : [PoE2GameStateReader.Prototype.ReadRadarSnapshot] Return Map( "inGameState", Map( "address",             inGameStateAddress, "importantUiElements", importantUiElements, "areaInstance", Map( "address",               areaInstanceData, "playerRenderComponent", playerRenderComponent, "awakeEntities",         awakeEntities, "sleepingEntities",      sleepingEntities ) ) )
E:\ahk\poe2\GameHelper\AutoFlask.ahk (27) : [UpdateRadarFast] radarSnap := reader.ReadRadarSnapshot()
> Timer

[2026-04-07 23:05:47] UpdateRadarFast | msg=This local variable has not been assigned a value. | line=1782 | extra=importantUiElements
E:\ahk\poe2\GameHelper\PoE2MemoryReader.ahk (1782) : [PoE2GameStateReader.Prototype.ReadRadarSnapshot] Return Map( "inGameState", Map( "address",             inGameStateAddress, "importantUiElements", importantUiElements, "areaInstance", Map( "address",               areaInstanceData, "playerRenderComponent", playerRenderComponent, "awakeEntities",         awakeEntities, "sleepingEntities",      sleepingEntities ) ) )
E:\ahk\poe2\GameHelper\AutoFlask.ahk (27) : [UpdateRadarFast] radarSnap := reader.ReadRadarSnapshot()
> Timer

[2026-04-07 23:05:47] UpdateRadarFast | msg=This local variable has not been assigned a value. | line=1782 | extra=importantUiElements
E:\ahk\poe2\GameHelper\PoE2MemoryReader.ahk (1782) : [PoE2GameStateReader.Prototype.ReadRadarSnapshot] Return Map( "inGameState", Map( "address",             inGameStateAddress, "importantUiElements", importantUiElements, "areaInstance", Map( "address",               areaInstanceData, "playerRenderComponent", playerRenderComponent, "awakeEntities",         awakeEntities, "sleepingEntities",      sleepingEntities ) ) )
E:\ahk\poe2\GameHelper\AutoFlask.ahk (27) : [UpdateRadarFast] radarSnap := reader.ReadRadarSnapshot()
> Timer

[2026-04-07 23:05:47] UpdateRadarFast | msg=This local variable has not been assigned a value. | line=1782 | extra=importantUiElements
E:\ahk\poe2\GameHelper\PoE2MemoryReader.ahk (1782) : [PoE2GameStateReader.Prototype.ReadRadarSnapshot] Return Map( "inGameState", Map( "address",             inGameStateAddress, "importantUiElements", importantUiElements, "areaInstance", Map( "address",               areaInstanceData, "playerRenderComponent", playerRenderComponent, "awakeEntities",         awakeEntities, "sleepingEntities",      sleepingEntities ) ) )
E:\ahk\poe2\GameHelper\AutoFlask.ahk (27) : [UpdateRadarFast] radarSnap := reader.ReadRadarSnapshot()
> Timer

[2026-04-07 23:05:47] UpdateRadarFast | msg=This local variable has not been assigned a value. | line=1782 | extra=importantUiElements
E:\ahk\poe2\GameHelper\PoE2MemoryReader.ahk (1782) : [PoE2GameStateReader.Prototype.ReadRadarSnapshot] Return Map( "inGameState", Map( "address",             inGameStateAddress, "importantUiElements", importantUiElements, "areaInstance", Map( "address",               areaInstanceData, "playerRenderComponent", playerRenderComponent, "awakeEntities",         awakeEntities, "sleepingEntities",      sleepingEntities ) ) )
E:\ahk\poe2\GameHelper\AutoFlask.ahk (27) : [UpdateRadarFast] radarSnap := reader.ReadRadarSnapshot()
> Timer

[2026-04-07 23:05:48] UpdateRadarFast | msg=This local variable has not been assigned a value. | line=1782 | extra=importantUiElements
E:\ahk\poe2\GameHelper\PoE2MemoryReader.ahk (1782) : [PoE2GameStateReader.Prototype.ReadRadarSnapshot] Return Map( "inGameState", Map( "address",             inGameStateAddress, "importantUiElements", importantUiElements, "areaInstance", Map( "address",               areaInstanceData, "playerRenderComponent", playerRenderComponent, "awakeEntities",         awakeEntities, "sleepingEntities",      sleepingEntities ) ) )
E:\ahk\poe2\GameHelper\AutoFlask.ahk (27) : [UpdateRadarFast] radarSnap := reader.ReadRadarSnapshot()
> Timer

[2026-04-07 23:05:48] UpdateRadarFast | msg=This local variable has not been assigned a value. | line=1782 | extra=importantUiElements
E:\ahk\poe2\GameHelper\PoE2MemoryReader.ahk (1782) : [PoE2GameStateReader.Prototype.ReadRadarSnapshot] Return Map( "inGameState", Map( "address",             inGameStateAddress, "importantUiElements", importantUiElements, "areaInstance", Map( "address",               areaInstanceData, "playerRenderComponent", playerRenderComponent, "awakeEntities",         awakeEntities, "sleepingEntities",      sleepingEntities ) ) )
E:\ahk\poe2\GameHelper\AutoFlask.ahk (27) : [UpdateRadarFast] radarSnap := reader.ReadRadarSnapshot()
> Timer

[2026-04-07 23:05:48] UpdateRadarFast | msg=This local variable has not been assigned a value. | line=1782 | extra=importantUiElements
E:\ahk\poe2\GameHelper\PoE2MemoryReader.ahk (1782) : [PoE2GameStateReader.Prototype.ReadRadarSnapshot] Return Map( "inGameState", Map( "address",             inGameStateAddress, "importantUiElements", importantUiElements, "areaInstance", Map( "address",               areaInstanceData, "playerRenderComponent", playerRenderComponent, "awakeEntities",         awakeEntities, "sleepingEntities",      sleepingEntities ) ) )
E:\ahk\poe2\GameHelper\AutoFlask.ahk (27) : [UpdateRadarFast] radarSnap := reader.ReadRadarSnapshot()
> Timer

[2026-04-07 23:05:48] UpdateRadarFast | msg=This local variable has not been assigned a value. | line=1782 | extra=importantUiElements
E:\ahk\poe2\GameHelper\PoE2MemoryReader.ahk (1782) : [PoE2GameStateReader.Prototype.ReadRadarSnapshot] Return Map( "inGameState", Map( "address",             inGameStateAddress, "importantUiElements", importantUiElements, "areaInstance", Map( "address",               areaInstanceData, "playerRenderComponent", playerRenderComponent, "awakeEntities",         awakeEntities, "sleepingEntities",      sleepingEntities ) ) )
E:\ahk\poe2\GameHelper\AutoFlask.ahk (27) : [UpdateRadarFast] radarSnap := reader.ReadRadarSnapshot()
> Timer

[2026-04-07 23:05:48] UpdateRadarFast | msg=This local variable has not been assigned a value. | line=1782 | extra=importantUiElements
E:\ahk\poe2\GameHelper\PoE2MemoryReader.ahk (1782) : [PoE2GameStateReader.Prototype.ReadRadarSnapshot] Return Map( "inGameState", Map( "address",             inGameStateAddress, "importantUiElements", importantUiElements, "areaInstance", Map( "address",               areaInstanceData, "playerRenderComponent", playerRenderComponent, "awakeEntities",         awakeEntities, "sleepingEntities",      sleepingEntities ) ) )
E:\ahk\poe2\GameHelper\AutoFlask.ahk (27) : [UpdateRadarFast] radarSnap := reader.ReadRadarSnapshot()
> Timer

[2026-04-07 23:05:49] UpdateRadarFast | msg=This local variable has not been assigned a value. | line=1782 | extra=importantUiElements
E:\ahk\poe2\GameHelper\PoE2MemoryReader.ahk (1782) : [PoE2GameStateReader.Prototype.ReadRadarSnapshot] Return Map( "inGameState", Map( "address",             inGameStateAddress, "importantUiElements", importantUiElements, "areaInstance", Map( "address",               areaInstanceData, "playerRenderComponent", playerRenderComponent, "awakeEntities",         awakeEntities, "sleepingEntities",      sleepingEntities ) ) )
E:\ahk\poe2\GameHelper\AutoFlask.ahk (27) : [UpdateRadarFast] radarSnap := reader.ReadRadarSnapshot()
> Timer

[2026-04-07 23:05:49] UpdateRadarFast | msg=This local variable has not been assigned a value. | line=1782 | extra=importantUiElements
E:\ahk\poe2\GameHelper\PoE2MemoryReader.ahk (1782) : [PoE2GameStateReader.Prototype.ReadRadarSnapshot] Return Map( "inGameState", Map( "address",             inGameStateAddress, "importantUiElements", importantUiElements, "areaInstance", Map( "address",               areaInstanceData, "playerRenderComponent", playerRenderComponent, "awakeEntities",         awakeEntities, "sleepingEntities",      sleepingEntities ) ) )
E:\ahk\poe2\GameHelper\AutoFlask.ahk (27) : [UpdateRadarFast] radarSnap := reader.ReadRadarSnapshot()
> Timer

[2026-04-07 23:05:49] UpdateRadarFast | msg=This local variable has not been assigned a value. | line=1782 | extra=importantUiElements
E:\ahk\poe2\GameHelper\PoE2MemoryReader.ahk (1782) : [PoE2GameStateReader.Prototype.ReadRadarSnapshot] Return Map( "inGameState", Map( "address",             inGameStateAddress, "importantUiElements", importantUiElements, "areaInstance", Map( "address",               areaInstanceData, "playerRenderComponent", playerRenderComponent, "awakeEntities",         awakeEntities, "sleepingEntities",      sleepingEntities ) ) )
E:\ahk\poe2\GameHelper\AutoFlask.ahk (27) : [UpdateRadarFast] radarSnap := reader.ReadRadarSnapshot()
> Timer

[2026-04-07 23:05:49] UpdateRadarFast | msg=This local variable has not been assigned a value. | line=1782 | extra=importantUiElements
E:\ahk\poe2\GameHelper\PoE2MemoryReader.ahk (1782) : [PoE2GameStateReader.Prototype.ReadRadarSnapshot] Return Map( "inGameState", Map( "address",             inGameStateAddress, "importantUiElements", importantUiElements, "areaInstance", Map( "address",               areaInstanceData, "playerRenderComponent", playerRenderComponent, "awakeEntities",         awakeEntities, "sleepingEntities",      sleepingEntities ) ) )
E:\ahk\poe2\GameHelper\AutoFlask.ahk (27) : [UpdateRadarFast] radarSnap := reader.ReadRadarSnapshot()
> Timer

[2026-04-07 23:05:49] UpdateRadarFast | msg=This local variable has not been assigned a value. | line=1782 | extra=importantUiElements
E:\ahk\poe2\GameHelper\PoE2MemoryReader.ahk (1782) : [PoE2GameStateReader.Prototype.ReadRadarSnapshot] Return Map( "inGameState", Map( "address",             inGameStateAddress, "importantUiElements", importantUiElements, "areaInstance", Map( "address",               areaInstanceData, "playerRenderComponent", playerRenderComponent, "awakeEntities",         awakeEntities, "sleepingEntities",      sleepingEntities ) ) )
E:\ahk\poe2\GameHelper\AutoFlask.ahk (27) : [UpdateRadarFast] radarSnap := reader.ReadRadarSnapshot()
> Timer

[2026-04-07 23:05:50] UpdateRadarFast | msg=This local variable has not been assigned a value. | line=1782 | extra=importantUiElements
E:\ahk\poe2\GameHelper\PoE2MemoryReader.ahk (1782) : [PoE2GameStateReader.Prototype.ReadRadarSnapshot] Return Map( "inGameState", Map( "address",             inGameStateAddress, "importantUiElements", importantUiElements, "areaInstance", Map( "address",               areaInstanceData, "playerRenderComponent", playerRenderComponent, "awakeEntities",         awakeEntities, "sleepingEntities",      sleepingEntities ) ) )
E:\ahk\poe2\GameHelper\AutoFlask.ahk (27) : [UpdateRadarFast] radarSnap := reader.ReadRadarSnapshot()
> Timer

[2026-04-07 23:05:50] UpdateRadarFast | msg=This local variable has not been assigned a value. | line=1782 | extra=importantUiElements
E:\ahk\poe2\GameHelper\PoE2MemoryReader.ahk (1782) : [PoE2GameStateReader.Prototype.ReadRadarSnapshot] Return Map( "inGameState", Map( "address",             inGameStateAddress, "importantUiElements", importantUiElements, "areaInstance", Map( "address",               areaInstanceData, "playerRenderComponent", playerRenderComponent, "awakeEntities",         awakeEntities, "sleepingEntities",      sleepingEntities ) ) )
E:\ahk\poe2\GameHelper\AutoFlask.ahk (27) : [UpdateRadarFast] radarSnap := reader.ReadRadarSnapshot()
> Timer

[2026-04-07 23:05:50] UpdateRadarFast | msg=This local variable has not been assigned a value. | line=1782 | extra=importantUiElements
E:\ahk\poe2\GameHelper\PoE2MemoryReader.ahk (1782) : [PoE2GameStateReader.Prototype.ReadRadarSnapshot] Return Map( "inGameState", Map( "address",             inGameStateAddress, "importantUiElements", importantUiElements, "areaInstance", Map( "address",               areaInstanceData, "playerRenderComponent", playerRenderComponent, "awakeEntities",         awakeEntities, "sleepingEntities",      sleepingEntities ) ) )
E:\ahk\poe2\GameHelper\AutoFlask.ahk (27) : [UpdateRadarFast] radarSnap := reader.ReadRadarSnapshot()
> Timer

[2026-04-07 23:05:50] UpdateRadarFast | msg=This local variable has not been assigned a value. | line=1782 | extra=importantUiElements
E:\ahk\poe2\GameHelper\PoE2MemoryReader.ahk (1782) : [PoE2GameStateReader.Prototype.ReadRadarSnapshot] Return Map( "inGameState", Map( "address",             inGameStateAddress, "importantUiElements", importantUiElements, "areaInstance", Map( "address",               areaInstanceData, "playerRenderComponent", playerRenderComponent, "awakeEntities",         awakeEntities, "sleepingEntities",      sleepingEntities ) ) )
E:\ahk\poe2\GameHelper\AutoFlask.ahk (27) : [UpdateRadarFast] radarSnap := reader.ReadRadarSnapshot()
> Timer

[2026-04-07 23:05:50] UpdateRadarFast | msg=This local variable has not been assigned a value. | line=1782 | extra=importantUiElements
E:\ahk\poe2\GameHelper\PoE2MemoryReader.ahk (1782) : [PoE2GameStateReader.Prototype.ReadRadarSnapshot] Return Map( "inGameState", Map( "address",             inGameStateAddress, "importantUiElements", importantUiElements, "areaInstance", Map( "address",               areaInstanceData, "playerRenderComponent", playerRenderComponent, "awakeEntities",         awakeEntities, "sleepingEntities",      sleepingEntities ) ) )
E:\ahk\poe2\GameHelper\AutoFlask.ahk (27) : [UpdateRadarFast] radarSnap := reader.ReadRadarSnapshot()
> Timer

[2026-04-07 23:05:50] UpdateRadarFast | msg=This local variable has not been assigned a value. | line=1782 | extra=importantUiElements
E:\ahk\poe2\GameHelper\PoE2MemoryReader.ahk (1782) : [PoE2GameStateReader.Prototype.ReadRadarSnapshot] Return Map( "inGameState", Map( "address",             inGameStateAddress, "importantUiElements", importantUiElements, "areaInstance", Map( "address",               areaInstanceData, "playerRenderComponent", playerRenderComponent, "awakeEntities",         awakeEntities, "sleepingEntities",      sleepingEntities ) ) )
E:\ahk\poe2\GameHelper\AutoFlask.ahk (27) : [UpdateRadarFast] radarSnap := reader.ReadRadarSnapshot()
> Timer

[2026-04-07 23:05:50] UpdateRadarFast | msg=This local variable has not been assigned a value. | line=1782 | extra=importantUiElements
E:\ahk\poe2\GameHelper\PoE2MemoryReader.ahk (1782) : [PoE2GameStateReader.Prototype.ReadRadarSnapshot] Return Map( "inGameState", Map( "address",             inGameStateAddress, "importantUiElements", importantUiElements, "areaInstance", Map( "address",               areaInstanceData, "playerRenderComponent", playerRenderComponent, "awakeEntities",         awakeEntities, "sleepingEntities",      sleepingEntities ) ) )
E:\ahk\poe2\GameHelper\AutoFlask.ahk (27) : [UpdateRadarFast] radarSnap := reader.ReadRadarSnapshot()
> Timer

[2026-04-07 23:05:51] UpdateRadarFast | msg=This local variable has not been assigned a value. | line=1782 | extra=importantUiElements
E:\ahk\poe2\GameHelper\PoE2MemoryReader.ahk (1782) : [PoE2GameStateReader.Prototype.ReadRadarSnapshot] Return Map( "inGameState", Map( "address",             inGameStateAddress, "importantUiElements", importantUiElements, "areaInstance", Map( "address",               areaInstanceData, "playerRenderComponent", playerRenderComponent, "awakeEntities",         awakeEntities, "sleepingEntities",      sleepingEntities ) ) )
E:\ahk\poe2\GameHelper\AutoFlask.ahk (27) : [UpdateRadarFast] radarSnap := reader.ReadRadarSnapshot()
> Timer

[2026-04-07 23:05:51] UpdateRadarFast | msg=This local variable has not been assigned a value. | line=1782 | extra=importantUiElements
E:\ahk\poe2\GameHelper\PoE2MemoryReader.ahk (1782) : [PoE2GameStateReader.Prototype.ReadRadarSnapshot] Return Map( "inGameState", Map( "address",             inGameStateAddress, "importantUiElements", importantUiElements, "areaInstance", Map( "address",               areaInstanceData, "playerRenderComponent", playerRenderComponent, "awakeEntities",         awakeEntities, "sleepingEntities",      sleepingEntities ) ) )
E:\ahk\poe2\GameHelper\AutoFlask.ahk (27) : [UpdateRadarFast] radarSnap := reader.ReadRadarSnapshot()
> Timer

[2026-04-07 23:05:51] UpdateRadarFast | msg=This local variable has not been assigned a value. | line=1782 | extra=importantUiElements
E:\ahk\poe2\GameHelper\PoE2MemoryReader.ahk (1782) : [PoE2GameStateReader.Prototype.ReadRadarSnapshot] Return Map( "inGameState", Map( "address",             inGameStateAddress, "importantUiElements", importantUiElements, "areaInstance", Map( "address",               areaInstanceData, "playerRenderComponent", playerRenderComponent, "awakeEntities",         awakeEntities, "sleepingEntities",      sleepingEntities ) ) )
E:\ahk\poe2\GameHelper\AutoFlask.ahk (27) : [UpdateRadarFast] radarSnap := reader.ReadRadarSnapshot()
> Timer

[2026-04-07 23:05:51] UpdateRadarFast | msg=This local variable has not been assigned a value. | line=1782 | extra=importantUiElements
E:\ahk\poe2\GameHelper\PoE2MemoryReader.ahk (1782) : [PoE2GameStateReader.Prototype.ReadRadarSnapshot] Return Map( "inGameState", Map( "address",             inGameStateAddress, "importantUiElements", importantUiElements, "areaInstance", Map( "address",               areaInstanceData, "playerRenderComponent", playerRenderComponent, "awakeEntities",         awakeEntities, "sleepingEntities",      sleepingEntities ) ) )
E:\ahk\poe2\GameHelper\AutoFlask.ahk (27) : [UpdateRadarFast] radarSnap := reader.ReadRadarSnapshot()
> Timer

[2026-04-07 23:05:51] UpdateRadarFast | msg=This local variable has not been assigned a value. | line=1782 | extra=importantUiElements
E:\ahk\poe2\GameHelper\PoE2MemoryReader.ahk (1782) : [PoE2GameStateReader.Prototype.ReadRadarSnapshot] Return Map( "inGameState", Map( "address",             inGameStateAddress, "importantUiElements", importantUiElements, "areaInstance", Map( "address",               areaInstanceData, "playerRenderComponent", playerRenderComponent, "awakeEntities",         awakeEntities, "sleepingEntities",      sleepingEntities ) ) )
E:\ahk\poe2\GameHelper\AutoFlask.ahk (27) : [UpdateRadarFast] radarSnap := reader.ReadRadarSnapshot()
> Timer

[2026-04-07 23:05:51] UpdateRadarFast | msg=This local variable has not been assigned a value. | line=1782 | extra=importantUiElements
E:\ahk\poe2\GameHelper\PoE2MemoryReader.ahk (1782) : [PoE2GameStateReader.Prototype.ReadRadarSnapshot] Return Map( "inGameState", Map( "address",             inGameStateAddress, "importantUiElements", importantUiElements, "areaInstance", Map( "address",               areaInstanceData, "playerRenderComponent", playerRenderComponent, "awakeEntities",         awakeEntities, "sleepingEntities",      sleepingEntities ) ) )
E:\ahk\poe2\GameHelper\AutoFlask.ahk (27) : [UpdateRadarFast] radarSnap := reader.ReadRadarSnapshot()
> Timer

[2026-04-07 23:05:52] UpdateRadarFast | msg=This local variable has not been assigned a value. | line=1782 | extra=importantUiElements
E:\ahk\poe2\GameHelper\PoE2MemoryReader.ahk (1782) : [PoE2GameStateReader.Prototype.ReadRadarSnapshot] Return Map( "inGameState", Map( "address",             inGameStateAddress, "importantUiElements", importantUiElements, "areaInstance", Map( "address",               areaInstanceData, "playerRenderComponent", playerRenderComponent, "awakeEntities",         awakeEntities, "sleepingEntities",      sleepingEntities ) ) )
E:\ahk\poe2\GameHelper\AutoFlask.ahk (27) : [UpdateRadarFast] radarSnap := reader.ReadRadarSnapshot()
> Timer

[2026-04-07 23:05:52] UpdateRadarFast | msg=This local variable has not been assigned a value. | line=1782 | extra=importantUiElements
E:\ahk\poe2\GameHelper\PoE2MemoryReader.ahk (1782) : [PoE2GameStateReader.Prototype.ReadRadarSnapshot] Return Map( "inGameState", Map( "address",             inGameStateAddress, "importantUiElements", importantUiElements, "areaInstance", Map( "address",               areaInstanceData, "playerRenderComponent", playerRenderComponent, "awakeEntities",         awakeEntities, "sleepingEntities",      sleepingEntities ) ) )
E:\ahk\poe2\GameHelper\AutoFlask.ahk (27) : [UpdateRadarFast] radarSnap := reader.ReadRadarSnapshot()
> Timer

[2026-04-07 23:05:52] UpdateRadarFast | msg=This local variable has not been assigned a value. | line=1782 | extra=importantUiElements
E:\ahk\poe2\GameHelper\PoE2MemoryReader.ahk (1782) : [PoE2GameStateReader.Prototype.ReadRadarSnapshot] Return Map( "inGameState", Map( "address",             inGameStateAddress, "importantUiElements", importantUiElements, "areaInstance", Map( "address",               areaInstanceData, "playerRenderComponent", playerRenderComponent, "awakeEntities",         awakeEntities, "sleepingEntities",      sleepingEntities ) ) )
E:\ahk\poe2\GameHelper\AutoFlask.ahk (27) : [UpdateRadarFast] radarSnap := reader.ReadRadarSnapshot()
> Timer

[2026-04-07 23:05:52] UpdateRadarFast | msg=This local variable has not been assigned a value. | line=1782 | extra=importantUiElements
E:\ahk\poe2\GameHelper\PoE2MemoryReader.ahk (1782) : [PoE2GameStateReader.Prototype.ReadRadarSnapshot] Return Map( "inGameState", Map( "address",             inGameStateAddress, "importantUiElements", importantUiElements, "areaInstance", Map( "address",               areaInstanceData, "playerRenderComponent", playerRenderComponent, "awakeEntities",         awakeEntities, "sleepingEntities",      sleepingEntities ) ) )
E:\ahk\poe2\GameHelper\AutoFlask.ahk (27) : [UpdateRadarFast] radarSnap := reader.ReadRadarSnapshot()
> Timer

[2026-04-07 23:05:52] UpdateRadarFast | msg=This local variable has not been assigned a value. | line=1782 | extra=importantUiElements
E:\ahk\poe2\GameHelper\PoE2MemoryReader.ahk (1782) : [PoE2GameStateReader.Prototype.ReadRadarSnapshot] Return Map( "inGameState", Map( "address",             inGameStateAddress, "importantUiElements", importantUiElements, "areaInstance", Map( "address",               areaInstanceData, "playerRenderComponent", playerRenderComponent, "awakeEntities",         awakeEntities, "sleepingEntities",      sleepingEntities ) ) )
E:\ahk\poe2\GameHelper\AutoFlask.ahk (27) : [UpdateRadarFast] radarSnap := reader.ReadRadarSnapshot()
> Timer

[2026-04-07 23:05:52] UpdateRadarFast | msg=This local variable has not been assigned a value. | line=1782 | extra=importantUiElements
E:\ahk\poe2\GameHelper\PoE2MemoryReader.ahk (1782) : [PoE2GameStateReader.Prototype.ReadRadarSnapshot] Return Map( "inGameState", Map( "address",             inGameStateAddress, "importantUiElements", importantUiElements, "areaInstance", Map( "address",               areaInstanceData, "playerRenderComponent", playerRenderComponent, "awakeEntities",         awakeEntities, "sleepingEntities",      sleepingEntities ) ) )
E:\ahk\poe2\GameHelper\AutoFlask.ahk (27) : [UpdateRadarFast] radarSnap := reader.ReadRadarSnapshot()
> Timer

[2026-04-07 23:05:53] UpdateRadarFast | msg=This local variable has not been assigned a value. | line=1782 | extra=importantUiElements
E:\ahk\poe2\GameHelper\PoE2MemoryReader.ahk (1782) : [PoE2GameStateReader.Prototype.ReadRadarSnapshot] Return Map( "inGameState", Map( "address",             inGameStateAddress, "importantUiElements", importantUiElements, "areaInstance", Map( "address",               areaInstanceData, "playerRenderComponent", playerRenderComponent, "awakeEntities",         awakeEntities, "sleepingEntities",      sleepingEntities ) ) )
E:\ahk\poe2\GameHelper\AutoFlask.ahk (27) : [UpdateRadarFast] radarSnap := reader.ReadRadarSnapshot()
> Timer

[2026-04-07 23:05:53] UpdateRadarFast | msg=This local variable has not been assigned a value. | line=1782 | extra=importantUiElements
E:\ahk\poe2\GameHelper\PoE2MemoryReader.ahk (1782) : [PoE2GameStateReader.Prototype.ReadRadarSnapshot] Return Map( "inGameState", Map( "address",             inGameStateAddress, "importantUiElements", importantUiElements, "areaInstance", Map( "address",               areaInstanceData, "playerRenderComponent", playerRenderComponent, "awakeEntities",         awakeEntities, "sleepingEntities",      sleepingEntities ) ) )
E:\ahk\poe2\GameHelper\AutoFlask.ahk (27) : [UpdateRadarFast] radarSnap := reader.ReadRadarSnapshot()
> Timer

[2026-04-07 23:05:53] UpdateRadarFast | msg=This local variable has not been assigned a value. | line=1782 | extra=importantUiElements
E:\ahk\poe2\GameHelper\PoE2MemoryReader.ahk (1782) : [PoE2GameStateReader.Prototype.ReadRadarSnapshot] Return Map( "inGameState", Map( "address",             inGameStateAddress, "importantUiElements", importantUiElements, "areaInstance", Map( "address",               areaInstanceData, "playerRenderComponent", playerRenderComponent, "awakeEntities",         awakeEntities, "sleepingEntities",      sleepingEntities ) ) )
E:\ahk\poe2\GameHelper\AutoFlask.ahk (27) : [UpdateRadarFast] radarSnap := reader.ReadRadarSnapshot()
> Timer

[2026-04-07 23:05:53] UpdateRadarFast | msg=This local variable has not been assigned a value. | line=1782 | extra=importantUiElements
E:\ahk\poe2\GameHelper\PoE2MemoryReader.ahk (1782) : [PoE2GameStateReader.Prototype.ReadRadarSnapshot] Return Map( "inGameState", Map( "address",             inGameStateAddress, "importantUiElements", importantUiElements, "areaInstance", Map( "address",               areaInstanceData, "playerRenderComponent", playerRenderComponent, "awakeEntities",         awakeEntities, "sleepingEntities",      sleepingEntities ) ) )
E:\ahk\poe2\GameHelper\AutoFlask.ahk (27) : [UpdateRadarFast] radarSnap := reader.ReadRadarSnapshot()
> Timer

[2026-04-07 23:05:53] UpdateRadarFast | msg=This local variable has not been assigned a value. | line=1782 | extra=importantUiElements
E:\ahk\poe2\GameHelper\PoE2MemoryReader.ahk (1782) : [PoE2GameStateReader.Prototype.ReadRadarSnapshot] Return Map( "inGameState", Map( "address",             inGameStateAddress, "importantUiElements", importantUiElements, "areaInstance", Map( "address",               areaInstanceData, "playerRenderComponent", playerRenderComponent, "awakeEntities",         awakeEntities, "sleepingEntities",      sleepingEntities ) ) )
E:\ahk\poe2\GameHelper\AutoFlask.ahk (27) : [UpdateRadarFast] radarSnap := reader.ReadRadarSnapshot()
> Timer

[2026-04-07 23:05:54] UpdateRadarFast | msg=This local variable has not been assigned a value. | line=1782 | extra=importantUiElements
E:\ahk\poe2\GameHelper\PoE2MemoryReader.ahk (1782) : [PoE2GameStateReader.Prototype.ReadRadarSnapshot] Return Map( "inGameState", Map( "address",             inGameStateAddress, "importantUiElements", importantUiElements, "areaInstance", Map( "address",               areaInstanceData, "playerRenderComponent", playerRenderComponent, "awakeEntities",         awakeEntities, "sleepingEntities",      sleepingEntities ) ) )
E:\ahk\poe2\GameHelper\AutoFlask.ahk (27) : [UpdateRadarFast] radarSnap := reader.ReadRadarSnapshot()
> Timer

[2026-04-07 23:05:54] UpdateRadarFast | msg=This local variable has not been assigned a value. | line=1782 | extra=importantUiElements
E:\ahk\poe2\GameHelper\PoE2MemoryReader.ahk (1782) : [PoE2GameStateReader.Prototype.ReadRadarSnapshot] Return Map( "inGameState", Map( "address",             inGameStateAddress, "importantUiElements", importantUiElements, "areaInstance", Map( "address",               areaInstanceData, "playerRenderComponent", playerRenderComponent, "awakeEntities",         awakeEntities, "sleepingEntities",      sleepingEntities ) ) )
E:\ahk\poe2\GameHelper\AutoFlask.ahk (27) : [UpdateRadarFast] radarSnap := reader.ReadRadarSnapshot()
> Timer

[2026-04-07 23:05:54] UpdateRadarFast | msg=This local variable has not been assigned a value. | line=1782 | extra=importantUiElements
E:\ahk\poe2\GameHelper\PoE2MemoryReader.ahk (1782) : [PoE2GameStateReader.Prototype.ReadRadarSnapshot] Return Map( "inGameState", Map( "address",             inGameStateAddress, "importantUiElements", importantUiElements, "areaInstance", Map( "address",               areaInstanceData, "playerRenderComponent", playerRenderComponent, "awakeEntities",         awakeEntities, "sleepingEntities",      sleepingEntities ) ) )
E:\ahk\poe2\GameHelper\AutoFlask.ahk (27) : [UpdateRadarFast] radarSnap := reader.ReadRadarSnapshot()
> Timer

[2026-04-07 23:05:54] UpdateRadarFast | msg=This local variable has not been assigned a value. | line=1782 | extra=importantUiElements
E:\ahk\poe2\GameHelper\PoE2MemoryReader.ahk (1782) : [PoE2GameStateReader.Prototype.ReadRadarSnapshot] Return Map( "inGameState", Map( "address",             inGameStateAddress, "importantUiElements", importantUiElements, "areaInstance", Map( "address",               areaInstanceData, "playerRenderComponent", playerRenderComponent, "awakeEntities",         awakeEntities, "sleepingEntities",      sleepingEntities ) ) )
E:\ahk\poe2\GameHelper\AutoFlask.ahk (27) : [UpdateRadarFast] radarSnap := reader.ReadRadarSnapshot()
> Timer

[2026-04-07 23:05:54] UpdateRadarFast | msg=This local variable has not been assigned a value. | line=1782 | extra=importantUiElements
E:\ahk\poe2\GameHelper\PoE2MemoryReader.ahk (1782) : [PoE2GameStateReader.Prototype.ReadRadarSnapshot] Return Map( "inGameState", Map( "address",             inGameStateAddress, "importantUiElements", importantUiElements, "areaInstance", Map( "address",               areaInstanceData, "playerRenderComponent", playerRenderComponent, "awakeEntities",         awakeEntities, "sleepingEntities",      sleepingEntities ) ) )
E:\ahk\poe2\GameHelper\AutoFlask.ahk (27) : [UpdateRadarFast] radarSnap := reader.ReadRadarSnapshot()
> Timer

[2026-04-07 23:05:54] UpdateRadarFast | msg=This local variable has not been assigned a value. | line=1782 | extra=importantUiElements
E:\ahk\poe2\GameHelper\PoE2MemoryReader.ahk (1782) : [PoE2GameStateReader.Prototype.ReadRadarSnapshot] Return Map( "inGameState", Map( "address",             inGameStateAddress, "importantUiElements", importantUiElements, "areaInstance", Map( "address",               areaInstanceData, "playerRenderComponent", playerRenderComponent, "awakeEntities",         awakeEntities, "sleepingEntities",      sleepingEntities ) ) )
E:\ahk\poe2\GameHelper\AutoFlask.ahk (27) : [UpdateRadarFast] radarSnap := reader.ReadRadarSnapshot()
> Timer

[2026-04-07 23:05:54] UpdateRadarFast | msg=This local variable has not been assigned a value. | line=1782 | extra=importantUiElements
E:\ahk\poe2\GameHelper\PoE2MemoryReader.ahk (1782) : [PoE2GameStateReader.Prototype.ReadRadarSnapshot] Return Map( "inGameState", Map( "address",             inGameStateAddress, "importantUiElements", importantUiElements, "areaInstance", Map( "address",               areaInstanceData, "playerRenderComponent", playerRenderComponent, "awakeEntities",         awakeEntities, "sleepingEntities",      sleepingEntities ) ) )
E:\ahk\poe2\GameHelper\AutoFlask.ahk (27) : [UpdateRadarFast] radarSnap := reader.ReadRadarSnapshot()
> Timer

[2026-04-07 23:05:55] UpdateRadarFast | msg=This local variable has not been assigned a value. | line=1782 | extra=importantUiElements
E:\ahk\poe2\GameHelper\PoE2MemoryReader.ahk (1782) : [PoE2GameStateReader.Prototype.ReadRadarSnapshot] Return Map( "inGameState", Map( "address",             inGameStateAddress, "importantUiElements", importantUiElements, "areaInstance", Map( "address",               areaInstanceData, "playerRenderComponent", playerRenderComponent, "awakeEntities",         awakeEntities, "sleepingEntities",      sleepingEntities ) ) )
E:\ahk\poe2\GameHelper\AutoFlask.ahk (27) : [UpdateRadarFast] radarSnap := reader.ReadRadarSnapshot()
> Timer

[2026-04-07 23:05:55] UpdateRadarFast | msg=This local variable has not been assigned a value. | line=1782 | extra=importantUiElements
E:\ahk\poe2\GameHelper\PoE2MemoryReader.ahk (1782) : [PoE2GameStateReader.Prototype.ReadRadarSnapshot] Return Map( "inGameState", Map( "address",             inGameStateAddress, "importantUiElements", importantUiElements, "areaInstance", Map( "address",               areaInstanceData, "playerRenderComponent", playerRenderComponent, "awakeEntities",         awakeEntities, "sleepingEntities",      sleepingEntities ) ) )
E:\ahk\poe2\GameHelper\AutoFlask.ahk (27) : [UpdateRadarFast] radarSnap := reader.ReadRadarSnapshot()
> Timer

[2026-04-07 23:05:55] UpdateRadarFast | msg=This local variable has not been assigned a value. | line=1782 | extra=importantUiElements
E:\ahk\poe2\GameHelper\PoE2MemoryReader.ahk (1782) : [PoE2GameStateReader.Prototype.ReadRadarSnapshot] Return Map( "inGameState", Map( "address",             inGameStateAddress, "importantUiElements", importantUiElements, "areaInstance", Map( "address",               areaInstanceData, "playerRenderComponent", playerRenderComponent, "awakeEntities",         awakeEntities, "sleepingEntities",      sleepingEntities ) ) )
E:\ahk\poe2\GameHelper\AutoFlask.ahk (27) : [UpdateRadarFast] radarSnap := reader.ReadRadarSnapshot()
> Timer

[2026-04-07 23:05:55] UpdateRadarFast | msg=This local variable has not been assigned a value. | line=1782 | extra=importantUiElements
E:\ahk\poe2\GameHelper\PoE2MemoryReader.ahk (1782) : [PoE2GameStateReader.Prototype.ReadRadarSnapshot] Return Map( "inGameState", Map( "address",             inGameStateAddress, "importantUiElements", importantUiElements, "areaInstance", Map( "address",               areaInstanceData, "playerRenderComponent", playerRenderComponent, "awakeEntities",         awakeEntities, "sleepingEntities",      sleepingEntities ) ) )
E:\ahk\poe2\GameHelper\AutoFlask.ahk (27) : [UpdateRadarFast] radarSnap := reader.ReadRadarSnapshot()
> Timer

[2026-04-07 23:05:55] UpdateRadarFast | msg=This local variable has not been assigned a value. | line=1782 | extra=importantUiElements
E:\ahk\poe2\GameHelper\PoE2MemoryReader.ahk (1782) : [PoE2GameStateReader.Prototype.ReadRadarSnapshot] Return Map( "inGameState", Map( "address",             inGameStateAddress, "importantUiElements", importantUiElements, "areaInstance", Map( "address",               areaInstanceData, "playerRenderComponent", playerRenderComponent, "awakeEntities",         awakeEntities, "sleepingEntities",      sleepingEntities ) ) )
E:\ahk\poe2\GameHelper\AutoFlask.ahk (27) : [UpdateRadarFast] radarSnap := reader.ReadRadarSnapshot()
> Timer

[2026-04-07 23:05:56] UpdateRadarFast | msg=This local variable has not been assigned a value. | line=1782 | extra=importantUiElements
E:\ahk\poe2\GameHelper\PoE2MemoryReader.ahk (1782) : [PoE2GameStateReader.Prototype.ReadRadarSnapshot] Return Map( "inGameState", Map( "address",             inGameStateAddress, "importantUiElements", importantUiElements, "areaInstance", Map( "address",               areaInstanceData, "playerRenderComponent", playerRenderComponent, "awakeEntities",         awakeEntities, "sleepingEntities",      sleepingEntities ) ) )
E:\ahk\poe2\GameHelper\AutoFlask.ahk (27) : [UpdateRadarFast] radarSnap := reader.ReadRadarSnapshot()
> Timer

[2026-04-07 23:05:56] UpdateRadarFast | msg=This local variable has not been assigned a value. | line=1782 | extra=importantUiElements
E:\ahk\poe2\GameHelper\PoE2MemoryReader.ahk (1782) : [PoE2GameStateReader.Prototype.ReadRadarSnapshot] Return Map( "inGameState", Map( "address",             inGameStateAddress, "importantUiElements", importantUiElements, "areaInstance", Map( "address",               areaInstanceData, "playerRenderComponent", playerRenderComponent, "awakeEntities",         awakeEntities, "sleepingEntities",      sleepingEntities ) ) )
E:\ahk\poe2\GameHelper\AutoFlask.ahk (27) : [UpdateRadarFast] radarSnap := reader.ReadRadarSnapshot()
> Timer

[2026-04-07 23:05:56] UpdateRadarFast | msg=This local variable has not been assigned a value. | line=1782 | extra=importantUiElements
E:\ahk\poe2\GameHelper\PoE2MemoryReader.ahk (1782) : [PoE2GameStateReader.Prototype.ReadRadarSnapshot] Return Map( "inGameState", Map( "address",             inGameStateAddress, "importantUiElements", importantUiElements, "areaInstance", Map( "address",               areaInstanceData, "playerRenderComponent", playerRenderComponent, "awakeEntities",         awakeEntities, "sleepingEntities",      sleepingEntities ) ) )
E:\ahk\poe2\GameHelper\AutoFlask.ahk (27) : [UpdateRadarFast] radarSnap := reader.ReadRadarSnapshot()
> Timer

[2026-04-07 23:05:56] UpdateRadarFast | msg=This local variable has not been assigned a value. | line=1782 | extra=importantUiElements
E:\ahk\poe2\GameHelper\PoE2MemoryReader.ahk (1782) : [PoE2GameStateReader.Prototype.ReadRadarSnapshot] Return Map( "inGameState", Map( "address",             inGameStateAddress, "importantUiElements", importantUiElements, "areaInstance", Map( "address",               areaInstanceData, "playerRenderComponent", playerRenderComponent, "awakeEntities",         awakeEntities, "sleepingEntities",      sleepingEntities ) ) )
E:\ahk\poe2\GameHelper\AutoFlask.ahk (27) : [UpdateRadarFast] radarSnap := reader.ReadRadarSnapshot()
> Timer

[2026-04-07 23:05:56] UpdateRadarFast | msg=This local variable has not been assigned a value. | line=1782 | extra=importantUiElements
E:\ahk\poe2\GameHelper\PoE2MemoryReader.ahk (1782) : [PoE2GameStateReader.Prototype.ReadRadarSnapshot] Return Map( "inGameState", Map( "address",             inGameStateAddress, "importantUiElements", importantUiElements, "areaInstance", Map( "address",               areaInstanceData, "playerRenderComponent", playerRenderComponent, "awakeEntities",         awakeEntities, "sleepingEntities",      sleepingEntities ) ) )
E:\ahk\poe2\GameHelper\AutoFlask.ahk (27) : [UpdateRadarFast] radarSnap := reader.ReadRadarSnapshot()
> Timer

[2026-04-07 23:05:56] UpdateRadarFast | msg=This local variable has not been assigned a value. | line=1782 | extra=importantUiElements
E:\ahk\poe2\GameHelper\PoE2MemoryReader.ahk (1782) : [PoE2GameStateReader.Prototype.ReadRadarSnapshot] Return Map( "inGameState", Map( "address",             inGameStateAddress, "importantUiElements", importantUiElements, "areaInstance", Map( "address",               areaInstanceData, "playerRenderComponent", playerRenderComponent, "awakeEntities",         awakeEntities, "sleepingEntities",      sleepingEntities ) ) )
E:\ahk\poe2\GameHelper\AutoFlask.ahk (27) : [UpdateRadarFast] radarSnap := reader.ReadRadarSnapshot()
> Timer

[2026-04-07 23:05:57] UpdateRadarFast | msg=This local variable has not been assigned a value. | line=1782 | extra=importantUiElements
E:\ahk\poe2\GameHelper\PoE2MemoryReader.ahk (1782) : [PoE2GameStateReader.Prototype.ReadRadarSnapshot] Return Map( "inGameState", Map( "address",             inGameStateAddress, "importantUiElements", importantUiElements, "areaInstance", Map( "address",               areaInstanceData, "playerRenderComponent", playerRenderComponent, "awakeEntities",         awakeEntities, "sleepingEntities",      sleepingEntities ) ) )
E:\ahk\poe2\GameHelper\AutoFlask.ahk (27) : [UpdateRadarFast] radarSnap := reader.ReadRadarSnapshot()
> Timer

[2026-04-07 23:05:57] UpdateRadarFast | msg=This local variable has not been assigned a value. | line=1782 | extra=importantUiElements
E:\ahk\poe2\GameHelper\PoE2MemoryReader.ahk (1782) : [PoE2GameStateReader.Prototype.ReadRadarSnapshot] Return Map( "inGameState", Map( "address",             inGameStateAddress, "importantUiElements", importantUiElements, "areaInstance", Map( "address",               areaInstanceData, "playerRenderComponent", playerRenderComponent, "awakeEntities",         awakeEntities, "sleepingEntities",      sleepingEntities ) ) )
E:\ahk\poe2\GameHelper\AutoFlask.ahk (27) : [UpdateRadarFast] radarSnap := reader.ReadRadarSnapshot()
> Timer

[2026-04-07 23:05:57] UpdateRadarFast | msg=This local variable has not been assigned a value. | line=1782 | extra=importantUiElements
E:\ahk\poe2\GameHelper\PoE2MemoryReader.ahk (1782) : [PoE2GameStateReader.Prototype.ReadRadarSnapshot] Return Map( "inGameState", Map( "address",             inGameStateAddress, "importantUiElements", importantUiElements, "areaInstance", Map( "address",               areaInstanceData, "playerRenderComponent", playerRenderComponent, "awakeEntities",         awakeEntities, "sleepingEntities",      sleepingEntities ) ) )
E:\ahk\poe2\GameHelper\AutoFlask.ahk (27) : [UpdateRadarFast] radarSnap := reader.ReadRadarSnapshot()
> Timer

[2026-04-07 23:05:57] UpdateRadarFast | msg=This local variable has not been assigned a value. | line=1782 | extra=importantUiElements
E:\ahk\poe2\GameHelper\PoE2MemoryReader.ahk (1782) : [PoE2GameStateReader.Prototype.ReadRadarSnapshot] Return Map( "inGameState", Map( "address",             inGameStateAddress, "importantUiElements", importantUiElements, "areaInstance", Map( "address",               areaInstanceData, "playerRenderComponent", playerRenderComponent, "awakeEntities",         awakeEntities, "sleepingEntities",      sleepingEntities ) ) )
E:\ahk\poe2\GameHelper\AutoFlask.ahk (27) : [UpdateRadarFast] radarSnap := reader.ReadRadarSnapshot()
> Timer

[2026-04-07 23:05:57] UpdateRadarFast | msg=This local variable has not been assigned a value. | line=1782 | extra=importantUiElements
E:\ahk\poe2\GameHelper\PoE2MemoryReader.ahk (1782) : [PoE2GameStateReader.Prototype.ReadRadarSnapshot] Return Map( "inGameState", Map( "address",             inGameStateAddress, "importantUiElements", importantUiElements, "areaInstance", Map( "address",               areaInstanceData, "playerRenderComponent", playerRenderComponent, "awakeEntities",         awakeEntities, "sleepingEntities",      sleepingEntities ) ) )
E:\ahk\poe2\GameHelper\AutoFlask.ahk (27) : [UpdateRadarFast] radarSnap := reader.ReadRadarSnapshot()
> Timer

[2026-04-07 23:05:57] UpdateRadarFast | msg=This local variable has not been assigned a value. | line=1782 | extra=importantUiElements
E:\ahk\poe2\GameHelper\PoE2MemoryReader.ahk (1782) : [PoE2GameStateReader.Prototype.ReadRadarSnapshot] Return Map( "inGameState", Map( "address",             inGameStateAddress, "importantUiElements", importantUiElements, "areaInstance", Map( "address",               areaInstanceData, "playerRenderComponent", playerRenderComponent, "awakeEntities",         awakeEntities, "sleepingEntities",      sleepingEntities ) ) )
E:\ahk\poe2\GameHelper\AutoFlask.ahk (27) : [UpdateRadarFast] radarSnap := reader.ReadRadarSnapshot()
> Timer

[2026-04-07 23:05:58] UpdateRadarFast | msg=This local variable has not been assigned a value. | line=1782 | extra=importantUiElements
E:\ahk\poe2\GameHelper\PoE2MemoryReader.ahk (1782) : [PoE2GameStateReader.Prototype.ReadRadarSnapshot] Return Map( "inGameState", Map( "address",             inGameStateAddress, "importantUiElements", importantUiElements, "areaInstance", Map( "address",               areaInstanceData, "playerRenderComponent", playerRenderComponent, "awakeEntities",         awakeEntities, "sleepingEntities",      sleepingEntities ) ) )
E:\ahk\poe2\GameHelper\AutoFlask.ahk (27) : [UpdateRadarFast] radarSnap := reader.ReadRadarSnapshot()
> Timer

[2026-04-07 23:05:58] UpdateRadarFast | msg=This local variable has not been assigned a value. | line=1782 | extra=importantUiElements
E:\ahk\poe2\GameHelper\PoE2MemoryReader.ahk (1782) : [PoE2GameStateReader.Prototype.ReadRadarSnapshot] Return Map( "inGameState", Map( "address",             inGameStateAddress, "importantUiElements", importantUiElements, "areaInstance", Map( "address",               areaInstanceData, "playerRenderComponent", playerRenderComponent, "awakeEntities",         awakeEntities, "sleepingEntities",      sleepingEntities ) ) )
E:\ahk\poe2\GameHelper\AutoFlask.ahk (27) : [UpdateRadarFast] radarSnap := reader.ReadRadarSnapshot()
> Timer

[2026-04-07 23:05:58] UpdateRadarFast | msg=This local variable has not been assigned a value. | line=1782 | extra=importantUiElements
E:\ahk\poe2\GameHelper\PoE2MemoryReader.ahk (1782) : [PoE2GameStateReader.Prototype.ReadRadarSnapshot] Return Map( "inGameState", Map( "address",             inGameStateAddress, "importantUiElements", importantUiElements, "areaInstance", Map( "address",               areaInstanceData, "playerRenderComponent", playerRenderComponent, "awakeEntities",         awakeEntities, "sleepingEntities",      sleepingEntities ) ) )
E:\ahk\poe2\GameHelper\AutoFlask.ahk (27) : [UpdateRadarFast] radarSnap := reader.ReadRadarSnapshot()
> Timer

[2026-04-07 23:05:58] UpdateRadarFast | msg=This local variable has not been assigned a value. | line=1782 | extra=importantUiElements
E:\ahk\poe2\GameHelper\PoE2MemoryReader.ahk (1782) : [PoE2GameStateReader.Prototype.ReadRadarSnapshot] Return Map( "inGameState", Map( "address",             inGameStateAddress, "importantUiElements", importantUiElements, "areaInstance", Map( "address",               areaInstanceData, "playerRenderComponent", playerRenderComponent, "awakeEntities",         awakeEntities, "sleepingEntities",      sleepingEntities ) ) )
E:\ahk\poe2\GameHelper\AutoFlask.ahk (27) : [UpdateRadarFast] radarSnap := reader.ReadRadarSnapshot()
> Timer

[2026-04-07 23:05:58] UpdateRadarFast | msg=This local variable has not been assigned a value. | line=1782 | extra=importantUiElements
E:\ahk\poe2\GameHelper\PoE2MemoryReader.ahk (1782) : [PoE2GameStateReader.Prototype.ReadRadarSnapshot] Return Map( "inGameState", Map( "address",             inGameStateAddress, "importantUiElements", importantUiElements, "areaInstance", Map( "address",               areaInstanceData, "playerRenderComponent", playerRenderComponent, "awakeEntities",         awakeEntities, "sleepingEntities",      sleepingEntities ) ) )
E:\ahk\poe2\GameHelper\AutoFlask.ahk (27) : [UpdateRadarFast] radarSnap := reader.ReadRadarSnapshot()
> Timer

[2026-04-07 23:05:58] UpdateRadarFast | msg=This local variable has not been assigned a value. | line=1782 | extra=importantUiElements
E:\ahk\poe2\GameHelper\PoE2MemoryReader.ahk (1782) : [PoE2GameStateReader.Prototype.ReadRadarSnapshot] Return Map( "inGameState", Map( "address",             inGameStateAddress, "importantUiElements", importantUiElements, "areaInstance", Map( "address",               areaInstanceData, "playerRenderComponent", playerRenderComponent, "awakeEntities",         awakeEntities, "sleepingEntities",      sleepingEntities ) ) )
E:\ahk\poe2\GameHelper\AutoFlask.ahk (27) : [UpdateRadarFast] radarSnap := reader.ReadRadarSnapshot()
> Timer

[2026-04-07 23:05:59] UpdateRadarFast | msg=This local variable has not been assigned a value. | line=1782 | extra=importantUiElements
E:\ahk\poe2\GameHelper\PoE2MemoryReader.ahk (1782) : [PoE2GameStateReader.Prototype.ReadRadarSnapshot] Return Map( "inGameState", Map( "address",             inGameStateAddress, "importantUiElements", importantUiElements, "areaInstance", Map( "address",               areaInstanceData, "playerRenderComponent", playerRenderComponent, "awakeEntities",         awakeEntities, "sleepingEntities",      sleepingEntities ) ) )
E:\ahk\poe2\GameHelper\AutoFlask.ahk (27) : [UpdateRadarFast] radarSnap := reader.ReadRadarSnapshot()
> Timer

[2026-04-07 23:05:59] UpdateRadarFast | msg=This local variable has not been assigned a value. | line=1782 | extra=importantUiElements
E:\ahk\poe2\GameHelper\PoE2MemoryReader.ahk (1782) : [PoE2GameStateReader.Prototype.ReadRadarSnapshot] Return Map( "inGameState", Map( "address",             inGameStateAddress, "importantUiElements", importantUiElements, "areaInstance", Map( "address",               areaInstanceData, "playerRenderComponent", playerRenderComponent, "awakeEntities",         awakeEntities, "sleepingEntities",      sleepingEntities ) ) )
E:\ahk\poe2\GameHelper\AutoFlask.ahk (27) : [UpdateRadarFast] radarSnap := reader.ReadRadarSnapshot()
> Timer

[2026-04-07 23:05:59] UpdateRadarFast | msg=This local variable has not been assigned a value. | line=1782 | extra=importantUiElements
E:\ahk\poe2\GameHelper\PoE2MemoryReader.ahk (1782) : [PoE2GameStateReader.Prototype.ReadRadarSnapshot] Return Map( "inGameState", Map( "address",             inGameStateAddress, "importantUiElements", importantUiElements, "areaInstance", Map( "address",               areaInstanceData, "playerRenderComponent", playerRenderComponent, "awakeEntities",         awakeEntities, "sleepingEntities",      sleepingEntities ) ) )
E:\ahk\poe2\GameHelper\AutoFlask.ahk (27) : [UpdateRadarFast] radarSnap := reader.ReadRadarSnapshot()
> Timer

[2026-04-07 23:05:59] UpdateRadarFast | msg=This local variable has not been assigned a value. | line=1782 | extra=importantUiElements
E:\ahk\poe2\GameHelper\PoE2MemoryReader.ahk (1782) : [PoE2GameStateReader.Prototype.ReadRadarSnapshot] Return Map( "inGameState", Map( "address",             inGameStateAddress, "importantUiElements", importantUiElements, "areaInstance", Map( "address",               areaInstanceData, "playerRenderComponent", playerRenderComponent, "awakeEntities",         awakeEntities, "sleepingEntities",      sleepingEntities ) ) )
E:\ahk\poe2\GameHelper\AutoFlask.ahk (27) : [UpdateRadarFast] radarSnap := reader.ReadRadarSnapshot()
> Timer

[2026-04-07 23:05:59] UpdateRadarFast | msg=This local variable has not been assigned a value. | line=1782 | extra=importantUiElements
E:\ahk\poe2\GameHelper\PoE2MemoryReader.ahk (1782) : [PoE2GameStateReader.Prototype.ReadRadarSnapshot] Return Map( "inGameState", Map( "address",             inGameStateAddress, "importantUiElements", importantUiElements, "areaInstance", Map( "address",               areaInstanceData, "playerRenderComponent", playerRenderComponent, "awakeEntities",         awakeEntities, "sleepingEntities",      sleepingEntities ) ) )
E:\ahk\poe2\GameHelper\AutoFlask.ahk (27) : [UpdateRadarFast] radarSnap := reader.ReadRadarSnapshot()
> Timer

[2026-04-07 23:05:59] UpdateRadarFast | msg=This local variable has not been assigned a value. | line=1782 | extra=importantUiElements
E:\ahk\poe2\GameHelper\PoE2MemoryReader.ahk (1782) : [PoE2GameStateReader.Prototype.ReadRadarSnapshot] Return Map( "inGameState", Map( "address",             inGameStateAddress, "importantUiElements", importantUiElements, "areaInstance", Map( "address",               areaInstanceData, "playerRenderComponent", playerRenderComponent, "awakeEntities",         awakeEntities, "sleepingEntities",      sleepingEntities ) ) )
E:\ahk\poe2\GameHelper\AutoFlask.ahk (27) : [UpdateRadarFast] radarSnap := reader.ReadRadarSnapshot()
> Timer

[2026-04-07 23:06:00] UpdateRadarFast | msg=This local variable has not been assigned a value. | line=1782 | extra=importantUiElements
E:\ahk\poe2\GameHelper\PoE2MemoryReader.ahk (1782) : [PoE2GameStateReader.Prototype.ReadRadarSnapshot] Return Map( "inGameState", Map( "address",             inGameStateAddress, "importantUiElements", importantUiElements, "areaInstance", Map( "address",               areaInstanceData, "playerRenderComponent", playerRenderComponent, "awakeEntities",         awakeEntities, "sleepingEntities",      sleepingEntities ) ) )
E:\ahk\poe2\GameHelper\AutoFlask.ahk (27) : [UpdateRadarFast] radarSnap := reader.ReadRadarSnapshot()
> Timer

[2026-04-07 23:06:00] UpdateRadarFast | msg=This local variable has not been assigned a value. | line=1782 | extra=importantUiElements
E:\ahk\poe2\GameHelper\PoE2MemoryReader.ahk (1782) : [PoE2GameStateReader.Prototype.ReadRadarSnapshot] Return Map( "inGameState", Map( "address",             inGameStateAddress, "importantUiElements", importantUiElements, "areaInstance", Map( "address",               areaInstanceData, "playerRenderComponent", playerRenderComponent, "awakeEntities",         awakeEntities, "sleepingEntities",      sleepingEntities ) ) )
E:\ahk\poe2\GameHelper\AutoFlask.ahk (27) : [UpdateRadarFast] radarSnap := reader.ReadRadarSnapshot()
> Timer

[2026-04-07 23:06:00] UpdateRadarFast | msg=This local variable has not been assigned a value. | line=1782 | extra=importantUiElements
E:\ahk\poe2\GameHelper\PoE2MemoryReader.ahk (1782) : [PoE2GameStateReader.Prototype.ReadRadarSnapshot] Return Map( "inGameState", Map( "address",             inGameStateAddress, "importantUiElements", importantUiElements, "areaInstance", Map( "address",               areaInstanceData, "playerRenderComponent", playerRenderComponent, "awakeEntities",         awakeEntities, "sleepingEntities",      sleepingEntities ) ) )
E:\ahk\poe2\GameHelper\AutoFlask.ahk (27) : [UpdateRadarFast] radarSnap := reader.ReadRadarSnapshot()
> Timer

[2026-04-07 23:06:00] UpdateRadarFast | msg=This local variable has not been assigned a value. | line=1782 | extra=importantUiElements
E:\ahk\poe2\GameHelper\PoE2MemoryReader.ahk (1782) : [PoE2GameStateReader.Prototype.ReadRadarSnapshot] Return Map( "inGameState", Map( "address",             inGameStateAddress, "importantUiElements", importantUiElements, "areaInstance", Map( "address",               areaInstanceData, "playerRenderComponent", playerRenderComponent, "awakeEntities",         awakeEntities, "sleepingEntities",      sleepingEntities ) ) )
E:\ahk\poe2\GameHelper\AutoFlask.ahk (27) : [UpdateRadarFast] radarSnap := reader.ReadRadarSnapshot()
> Timer

[2026-04-07 23:06:00] UpdateRadarFast | msg=This local variable has not been assigned a value. | line=1782 | extra=importantUiElements
E:\ahk\poe2\GameHelper\PoE2MemoryReader.ahk (1782) : [PoE2GameStateReader.Prototype.ReadRadarSnapshot] Return Map( "inGameState", Map( "address",             inGameStateAddress, "importantUiElements", importantUiElements, "areaInstance", Map( "address",               areaInstanceData, "playerRenderComponent", playerRenderComponent, "awakeEntities",         awakeEntities, "sleepingEntities",      sleepingEntities ) ) )
E:\ahk\poe2\GameHelper\AutoFlask.ahk (27) : [UpdateRadarFast] radarSnap := reader.ReadRadarSnapshot()
> Timer

[2026-04-07 23:06:00] UpdateRadarFast | msg=This local variable has not been assigned a value. | line=1782 | extra=importantUiElements
E:\ahk\poe2\GameHelper\PoE2MemoryReader.ahk (1782) : [PoE2GameStateReader.Prototype.ReadRadarSnapshot] Return Map( "inGameState", Map( "address",             inGameStateAddress, "importantUiElements", importantUiElements, "areaInstance", Map( "address",               areaInstanceData, "playerRenderComponent", playerRenderComponent, "awakeEntities",         awakeEntities, "sleepingEntities",      sleepingEntities ) ) )
E:\ahk\poe2\GameHelper\AutoFlask.ahk (27) : [UpdateRadarFast] radarSnap := reader.ReadRadarSnapshot()
> Timer

[2026-04-07 23:06:01] UpdateRadarFast | msg=This local variable has not been assigned a value. | line=1782 | extra=importantUiElements
E:\ahk\poe2\GameHelper\PoE2MemoryReader.ahk (1782) : [PoE2GameStateReader.Prototype.ReadRadarSnapshot] Return Map( "inGameState", Map( "address",             inGameStateAddress, "importantUiElements", importantUiElements, "areaInstance", Map( "address",               areaInstanceData, "playerRenderComponent", playerRenderComponent, "awakeEntities",         awakeEntities, "sleepingEntities",      sleepingEntities ) ) )
E:\ahk\poe2\GameHelper\AutoFlask.ahk (27) : [UpdateRadarFast] radarSnap := reader.ReadRadarSnapshot()
> Timer

[2026-04-07 23:06:01] UpdateRadarFast | msg=This local variable has not been assigned a value. | line=1782 | extra=importantUiElements
E:\ahk\poe2\GameHelper\PoE2MemoryReader.ahk (1782) : [PoE2GameStateReader.Prototype.ReadRadarSnapshot] Return Map( "inGameState", Map( "address",             inGameStateAddress, "importantUiElements", importantUiElements, "areaInstance", Map( "address",               areaInstanceData, "playerRenderComponent", playerRenderComponent, "awakeEntities",         awakeEntities, "sleepingEntities",      sleepingEntities ) ) )
E:\ahk\poe2\GameHelper\AutoFlask.ahk (27) : [UpdateRadarFast] radarSnap := reader.ReadRadarSnapshot()
> Timer

[2026-04-07 23:06:01] UpdateRadarFast | msg=This local variable has not been assigned a value. | line=1782 | extra=importantUiElements
E:\ahk\poe2\GameHelper\PoE2MemoryReader.ahk (1782) : [PoE2GameStateReader.Prototype.ReadRadarSnapshot] Return Map( "inGameState", Map( "address",             inGameStateAddress, "importantUiElements", importantUiElements, "areaInstance", Map( "address",               areaInstanceData, "playerRenderComponent", playerRenderComponent, "awakeEntities",         awakeEntities, "sleepingEntities",      sleepingEntities ) ) )
E:\ahk\poe2\GameHelper\AutoFlask.ahk (27) : [UpdateRadarFast] radarSnap := reader.ReadRadarSnapshot()
> Timer

[2026-04-07 23:06:01] UpdateRadarFast | msg=This local variable has not been assigned a value. | line=1782 | extra=importantUiElements
E:\ahk\poe2\GameHelper\PoE2MemoryReader.ahk (1782) : [PoE2GameStateReader.Prototype.ReadRadarSnapshot] Return Map( "inGameState", Map( "address",             inGameStateAddress, "importantUiElements", importantUiElements, "areaInstance", Map( "address",               areaInstanceData, "playerRenderComponent", playerRenderComponent, "awakeEntities",         awakeEntities, "sleepingEntities",      sleepingEntities ) ) )
E:\ahk\poe2\GameHelper\AutoFlask.ahk (27) : [UpdateRadarFast] radarSnap := reader.ReadRadarSnapshot()
> Timer

[2026-04-07 23:06:01] UpdateRadarFast | msg=This local variable has not been assigned a value. | line=1782 | extra=importantUiElements
E:\ahk\poe2\GameHelper\PoE2MemoryReader.ahk (1782) : [PoE2GameStateReader.Prototype.ReadRadarSnapshot] Return Map( "inGameState", Map( "address",             inGameStateAddress, "importantUiElements", importantUiElements, "areaInstance", Map( "address",               areaInstanceData, "playerRenderComponent", playerRenderComponent, "awakeEntities",         awakeEntities, "sleepingEntities",      sleepingEntities ) ) )
E:\ahk\poe2\GameHelper\AutoFlask.ahk (27) : [UpdateRadarFast] radarSnap := reader.ReadRadarSnapshot()
> Timer

[2026-04-07 23:06:01] UpdateRadarFast | msg=This local variable has not been assigned a value. | line=1782 | extra=importantUiElements
E:\ahk\poe2\GameHelper\PoE2MemoryReader.ahk (1782) : [PoE2GameStateReader.Prototype.ReadRadarSnapshot] Return Map( "inGameState", Map( "address",             inGameStateAddress, "importantUiElements", importantUiElements, "areaInstance", Map( "address",               areaInstanceData, "playerRenderComponent", playerRenderComponent, "awakeEntities",         awakeEntities, "sleepingEntities",      sleepingEntities ) ) )
E:\ahk\poe2\GameHelper\AutoFlask.ahk (27) : [UpdateRadarFast] radarSnap := reader.ReadRadarSnapshot()
> Timer

[2026-04-07 23:06:02] UpdateRadarFast | msg=This local variable has not been assigned a value. | line=1782 | extra=importantUiElements
E:\ahk\poe2\GameHelper\PoE2MemoryReader.ahk (1782) : [PoE2GameStateReader.Prototype.ReadRadarSnapshot] Return Map( "inGameState", Map( "address",             inGameStateAddress, "importantUiElements", importantUiElements, "areaInstance", Map( "address",               areaInstanceData, "playerRenderComponent", playerRenderComponent, "awakeEntities",         awakeEntities, "sleepingEntities",      sleepingEntities ) ) )
E:\ahk\poe2\GameHelper\AutoFlask.ahk (27) : [UpdateRadarFast] radarSnap := reader.ReadRadarSnapshot()
> Timer

[2026-04-07 23:06:02] UpdateRadarFast | msg=This local variable has not been assigned a value. | line=1782 | extra=importantUiElements
E:\ahk\poe2\GameHelper\PoE2MemoryReader.ahk (1782) : [PoE2GameStateReader.Prototype.ReadRadarSnapshot] Return Map( "inGameState", Map( "address",             inGameStateAddress, "importantUiElements", importantUiElements, "areaInstance", Map( "address",               areaInstanceData, "playerRenderComponent", playerRenderComponent, "awakeEntities",         awakeEntities, "sleepingEntities",      sleepingEntities ) ) )
E:\ahk\poe2\GameHelper\AutoFlask.ahk (27) : [UpdateRadarFast] radarSnap := reader.ReadRadarSnapshot()
> Timer

[2026-04-07 23:06:02] UpdateRadarFast | msg=This local variable has not been assigned a value. | line=1782 | extra=importantUiElements
E:\ahk\poe2\GameHelper\PoE2MemoryReader.ahk (1782) : [PoE2GameStateReader.Prototype.ReadRadarSnapshot] Return Map( "inGameState", Map( "address",             inGameStateAddress, "importantUiElements", importantUiElements, "areaInstance", Map( "address",               areaInstanceData, "playerRenderComponent", playerRenderComponent, "awakeEntities",         awakeEntities, "sleepingEntities",      sleepingEntities ) ) )
E:\ahk\poe2\GameHelper\AutoFlask.ahk (27) : [UpdateRadarFast] radarSnap := reader.ReadRadarSnapshot()
> Timer

[2026-04-07 23:06:02] UpdateRadarFast | msg=This local variable has not been assigned a value. | line=1782 | extra=importantUiElements
E:\ahk\poe2\GameHelper\PoE2MemoryReader.ahk (1782) : [PoE2GameStateReader.Prototype.ReadRadarSnapshot] Return Map( "inGameState", Map( "address",             inGameStateAddress, "importantUiElements", importantUiElements, "areaInstance", Map( "address",               areaInstanceData, "playerRenderComponent", playerRenderComponent, "awakeEntities",         awakeEntities, "sleepingEntities",      sleepingEntities ) ) )
E:\ahk\poe2\GameHelper\AutoFlask.ahk (27) : [UpdateRadarFast] radarSnap := reader.ReadRadarSnapshot()
> Timer

[2026-04-07 23:06:02] UpdateRadarFast | msg=This local variable has not been assigned a value. | line=1782 | extra=importantUiElements
E:\ahk\poe2\GameHelper\PoE2MemoryReader.ahk (1782) : [PoE2GameStateReader.Prototype.ReadRadarSnapshot] Return Map( "inGameState", Map( "address",             inGameStateAddress, "importantUiElements", importantUiElements, "areaInstance", Map( "address",               areaInstanceData, "playerRenderComponent", playerRenderComponent, "awakeEntities",         awakeEntities, "sleepingEntities",      sleepingEntities ) ) )
E:\ahk\poe2\GameHelper\AutoFlask.ahk (27) : [UpdateRadarFast] radarSnap := reader.ReadRadarSnapshot()
> Timer

[2026-04-07 23:06:02] UpdateRadarFast | msg=This local variable has not been assigned a value. | line=1782 | extra=importantUiElements
E:\ahk\poe2\GameHelper\PoE2MemoryReader.ahk (1782) : [PoE2GameStateReader.Prototype.ReadRadarSnapshot] Return Map( "inGameState", Map( "address",             inGameStateAddress, "importantUiElements", importantUiElements, "areaInstance", Map( "address",               areaInstanceData, "playerRenderComponent", playerRenderComponent, "awakeEntities",         awakeEntities, "sleepingEntities",      sleepingEntities ) ) )
E:\ahk\poe2\GameHelper\AutoFlask.ahk (27) : [UpdateRadarFast] radarSnap := reader.ReadRadarSnapshot()
> Timer

[2026-04-07 23:06:03] UpdateRadarFast | msg=This local variable has not been assigned a value. | line=1782 | extra=importantUiElements
E:\ahk\poe2\GameHelper\PoE2MemoryReader.ahk (1782) : [PoE2GameStateReader.Prototype.ReadRadarSnapshot] Return Map( "inGameState", Map( "address",             inGameStateAddress, "importantUiElements", importantUiElements, "areaInstance", Map( "address",               areaInstanceData, "playerRenderComponent", playerRenderComponent, "awakeEntities",         awakeEntities, "sleepingEntities",      sleepingEntities ) ) )
E:\ahk\poe2\GameHelper\AutoFlask.ahk (27) : [UpdateRadarFast] radarSnap := reader.ReadRadarSnapshot()
> Timer

[2026-04-07 23:06:03] UpdateRadarFast | msg=This local variable has not been assigned a value. | line=1782 | extra=importantUiElements
E:\ahk\poe2\GameHelper\PoE2MemoryReader.ahk (1782) : [PoE2GameStateReader.Prototype.ReadRadarSnapshot] Return Map( "inGameState", Map( "address",             inGameStateAddress, "importantUiElements", importantUiElements, "areaInstance", Map( "address",               areaInstanceData, "playerRenderComponent", playerRenderComponent, "awakeEntities",         awakeEntities, "sleepingEntities",      sleepingEntities ) ) )
E:\ahk\poe2\GameHelper\AutoFlask.ahk (27) : [UpdateRadarFast] radarSnap := reader.ReadRadarSnapshot()
> Timer

[2026-04-07 23:06:03] UpdateRadarFast | msg=This local variable has not been assigned a value. | line=1782 | extra=importantUiElements
E:\ahk\poe2\GameHelper\PoE2MemoryReader.ahk (1782) : [PoE2GameStateReader.Prototype.ReadRadarSnapshot] Return Map( "inGameState", Map( "address",             inGameStateAddress, "importantUiElements", importantUiElements, "areaInstance", Map( "address",               areaInstanceData, "playerRenderComponent", playerRenderComponent, "awakeEntities",         awakeEntities, "sleepingEntities",      sleepingEntities ) ) )
E:\ahk\poe2\GameHelper\AutoFlask.ahk (27) : [UpdateRadarFast] radarSnap := reader.ReadRadarSnapshot()
> Timer

[2026-04-07 23:06:03] UpdateRadarFast | msg=This local variable has not been assigned a value. | line=1782 | extra=importantUiElements
E:\ahk\poe2\GameHelper\PoE2MemoryReader.ahk (1782) : [PoE2GameStateReader.Prototype.ReadRadarSnapshot] Return Map( "inGameState", Map( "address",             inGameStateAddress, "importantUiElements", importantUiElements, "areaInstance", Map( "address",               areaInstanceData, "playerRenderComponent", playerRenderComponent, "awakeEntities",         awakeEntities, "sleepingEntities",      sleepingEntities ) ) )
E:\ahk\poe2\GameHelper\AutoFlask.ahk (27) : [UpdateRadarFast] radarSnap := reader.ReadRadarSnapshot()
> Timer

[2026-04-07 23:06:03] UpdateRadarFast | msg=This local variable has not been assigned a value. | line=1782 | extra=importantUiElements
E:\ahk\poe2\GameHelper\PoE2MemoryReader.ahk (1782) : [PoE2GameStateReader.Prototype.ReadRadarSnapshot] Return Map( "inGameState", Map( "address",             inGameStateAddress, "importantUiElements", importantUiElements, "areaInstance", Map( "address",               areaInstanceData, "playerRenderComponent", playerRenderComponent, "awakeEntities",         awakeEntities, "sleepingEntities",      sleepingEntities ) ) )
E:\ahk\poe2\GameHelper\AutoFlask.ahk (27) : [UpdateRadarFast] radarSnap := reader.ReadRadarSnapshot()
> Timer

[2026-04-07 23:06:03] UpdateRadarFast | msg=This local variable has not been assigned a value. | line=1782 | extra=importantUiElements
E:\ahk\poe2\GameHelper\PoE2MemoryReader.ahk (1782) : [PoE2GameStateReader.Prototype.ReadRadarSnapshot] Return Map( "inGameState", Map( "address",             inGameStateAddress, "importantUiElements", importantUiElements, "areaInstance", Map( "address",               areaInstanceData, "playerRenderComponent", playerRenderComponent, "awakeEntities",         awakeEntities, "sleepingEntities",      sleepingEntities ) ) )
E:\ahk\poe2\GameHelper\AutoFlask.ahk (27) : [UpdateRadarFast] radarSnap := reader.ReadRadarSnapshot()
> Timer

